bath,time_L2_p2,allocations_L2_p2,time_L1_p2,allocations_L1_p2,time_L3_p1,allocations_L3_p1,time_L2_p1,allocations_L2_p1,time_L1_p1,allocations_L1_p1
11,1.311572131,2.400504e7,0.101747852,6.437888e6,5.916886043,4.2046776e7,0.27674481,7.278856e6,0.028459548,4.182272e6
21,7.010375809,1.20559568e8,0.320155674,1.4628032e7,9.583107142,7.0458936e7,0.306430419,9.416488e6,0.027295667,4.36672e6
41,35.017914057,5.62381776e8,1.508813526,4.9424576e7,13.548392847,1.27283256e8,0.435857401,1.390548e7,0.030995616,4.718848e6
81,135.075336961,2.46030168e9,7.723264361,1.93176256e8,26.465602691,2.46614328e8,0.635941853,2.2242056e7,0.040972247,5.439872e6
161,512.890346964,1.0305037776e10,35.070930184,7.76820416e8,45.753299067,4.75377016e8,1.140114858,4.0618896e7,0.058235302,6.739392e6
321,NaN,NaN,NaN,NaN,79.344391665,9.29926968e8,2.515053904,7.4506376e7,0.095145799,9.422272e6
641,NaN,NaN,NaN,NaN,140.202889926,1.839120888e9,5.716351246,1.42909608e8,0.160059351,1.4788032e7
