krylov,time_L2_p2,allocations_L2_p2,time_L1_p2,allocations_L1_p2,time_L3_p1,allocations_L3_p1,time_L2_p1,allocations_L2_p1,time_L1_p1,allocations_L1_p1
10,30.728314547,10301211952,2.055825018,772994688,2.674111107,471506488,0.063833846,36479080,0.003211206,2913664
20,62.94497478,10301287848,4.224158555,773070520,5.548326683,471582320,0.130619713,36554880,0.006408582,2989496
40,128.306451074,10301516344,8.589502957,773299080,11.273576749,471810880,0.245304639,36783440,0.013021694,3218056
80,257.941285114,10302280568,17.29792044,774063304,22.826851997,472575136,0.520558176,37547664,0.02663032,3982280
160,512.890346964,10305037776,35.070930184,776820416,45.753299067,475377016,1.140114858,40618896,0.058235302,6739392
