omega,Re_I,Im_I,Re_FL,Im_FL,Re_FR,Im_FR,Re_G,Im_G
-4.0,-1.4619165844229403,-0.004617496114554005,0.37380318897748593,0.0012909220736515858,0.37380318897748593,0.0012909220736515858,-0.351234236858361,-0.00043433846088807937
-3.99,-1.4688057863355408,-0.004415142219701971,0.3765484399334468,0.001237132534131289,0.3765484399334468,0.001237132534131289,-0.3528569843141179,-0.0004183936752006976
-3.98,-1.475928199837081,-0.0040259147604789205,0.37937225083378256,0.0011294949196776294,0.37937225083378256,0.0011294949196776294,-0.3545116063214358,-0.0003828986548757893
-3.97,-1.4833387528398438,-0.0035384820282179192,0.3822909932575657,0.0009923883738507677,0.3822909932575657,0.0009923883738507677,-0.3562043531311269,-0.0003355646893778047
-3.96,-1.4910415223211513,-0.0030500042508063404,0.38530697932076124,0.0008529706578310042,0.38530697932076124,0.0008529706578310042,-0.3579369683905493,-0.00028539068125816815
-3.95,-1.498995165696618,-0.0026390465297820914,0.388409755299789,0.0007336139668336235,0.388409755299789,0.0007336139668336235,-0.3597069233193878,-0.00024019139443537477
-3.94,-1.5071314329305225,-0.0023468090429693985,0.39158109450738093,0.00064655714978537,0.39158109450738093,0.00064655714978537,-0.3615088871434945,-0.0002047643331309294
-3.93,-1.5153794221935009,-0.0021719014884510604,0.39480167669448746,0.0005922822332451556,0.39480167669448746,0.0005922822332451556,-0.36333680655198375,-0.0001802147401609704
-3.92,-1.523687125927362,-0.0020786393524067377,0.3980570970614349,0.0005616568776573144,0.3980570970614349,0.0005616568776573144,-0.36518583865170806,-0.0001644828982794523
-3.91,-1.532033853482787,-0.0020143249408364956,0.4013413996270739,0.0005406097050737643,0.4013413996270739,0.0005406097050737643,-0.3670535521541186,-0.00015370141560620474
-3.9,-1.5404310525938136,-0.0019286898038408434,0.4046574239055289,0.0005154548867110714,0.4046574239055289,0.0005154548867110714,-0.3689401596872368,-0.00014379966648606557
-3.89,-1.5489132227547269,-0.0017890323232273078,0.40801441562279017,0.00047707619174128924,0.40801441562279017,0.00047707619174128924,-0.3708479085509136,-0.00013180344848827145
-3.88,-1.5575235794325617,-0.001587059517011745,0.4114241735822955,0.00042286535716036354,0.4114241735822955,0.00042286535716036354,-0.372780006735799,-0.00011649098555899275
-3.87,-1.566300044621089,-0.0013368962560819566,0.4148972548300372,0.0003562598475089431,0.4148972548300372,0.0003562598475089431,-0.37473953154018097,-9.835201934280654e-5
-3.86,-1.575265951277496,-0.0010668039406864845,0.41844043314684237,0.00028456479487305497,0.41844043314684237,0.00028456479487305497,-0.376728669088928,-7.904071348391632e-5
-3.85,-1.58442728632548,-0.000808757797244552,0.42205590898600287,0.00021617773268191312,0.42205590898600287,0.00021617773268191312,-0.37874843282926085,-6.063508274150895e-5
-3.84,-1.593775571866152,-0.0005897637809900429,0.4257420337895204,0.0001582602801815419,0.4257420337895204,0.0001582602801815419,-0.3807988034042237,-4.499411691886101e-5
-3.83,-1.603293737060369,-0.0004270957613353913,0.4294948434807826,0.00011544316254532445,0.4294948434807826,0.00011544316254532445,-0.38287910326885005,-3.33783253382255e-5
-3.82,-1.6129620996513871,-0.0003275159944470446,0.4333096349007541,8.958445739905466e-5,0.4333096349007541,8.958445739905466e-5,-0.38498840167087006,-2.634635689421877e-5
-3.81,-1.622762601676427,-0.0002890300061820836,0.437182093664293,8.019913930834633e-5,0.437182093664293,8.019913930834633e-5,-0.38712581766920956,-2.383248958095376e-5
-3.8,-1.6326809367933846,-0.0003033477488459659,0.4411088789898295,8.50798267988721e-5,0.4411088789898295,8.50798267988721e-5,-0.3892906930043307,-2.5282996859297412e-5
-3.79,-1.642707331030905,-0.0003578422325769148,0.44508786695716074,0.00010079612202887938,0.44508786695716074,0.00010079612202887938,-0.3914826835998253,-2.977275815904079e-5
-3.78,-1.6528370346206926,-0.0004368237946286928,0.4491183265644039,0.00012303321739027422,0.4491183265644039,0.00012303321739027422,-0.39370183633542066,-3.6094200764660014e-5
-3.77,-1.6630711114950645,-0.0005227210479927763,0.4532011717272059,0.00014693163085125648,0.4532011717272059,0.00014693163085125648,-0.39594868196084215,-4.2861390526531166e-5
-3.76,-1.6734173244611568,-0.00059788556892309,0.45733922020255957,0.00016761485892288733,0.45733922020255957,0.00016761485892288733,-0.398224319002677,-4.86753024768763e-5
-3.75,-1.683890353777594,-0.0006472436674177262,0.46153724538830904,0.0001809508953200531,0.46153724538830904,0.0001809508953200531,-0.40053042727630955,-5.235554249893396e-5
-3.74,-1.6945106006462254,-0.0006612820417619159,0.465801620729972,0.0001843922704603988,0.465801620729972,0.0001843922704603988,-0.4028691575435774,-5.3188471421563935e-5
-3.73,-1.705301391113838,-0.0006383626245531448,0.4701395184168829,0.00017761104838432074,0.4701395184168829,0.00017761104838432074,-0.4052428918969968,-5.1108642676888025e-5
-3.72,-1.7162851538489727,-0.0005854265473637586,0.4745578332478901,0.00016267227528199118,0.4745578332478901,0.00016267227528199118,-0.4076539286160898,-4.674167249418932e-5
-3.71,-1.727479639165589,-0.0005167224717903554,0.4790621331401151,0.0001436545048332248,0.4790621331401151,0.0001436545048332248,-0.41010418029313067,-4.1285925137027724e-5
-3.7,-1.7388952090384835,-0.00045092279054465765,0.48365591971813754,0.0001258275412392163,0.48365591971813754,0.0001258275412392163,-0.41259496628163217,-3.626814737696027e-5
-3.69,-1.7505337457775796,-0.0004074517968642936,0.4883403445188899,0.00011462016628670035,0.4883403445188899,0.00011462016628670035,-0.41512693944665807,-3.324200348390904e-5
-3.68,-1.7623891589320917,-0.00040284766523455225,0.49311436991873864,0.00011460452664451973,0.49311436991873864,0.00011460452664451973,-0.4177001421692146,-3.3495277670586906e-5
-3.67,-1.7744491700532334,-0.000447664627650346,0.4979752850822892,0.00012863466970864846,0.4979752850822892,0.00012863466970864846,-0.4203141644481021,-3.780530329332009e-5
-3.66,-1.7866981070958983,-0.0005441468814062983,0.5029195048816881,0.00015720342713213163,0.5029195048816881,0.00015720342713213163,-0.4229683821202343,-4.6261229128478245e-5
-3.65,-1.7991206043266996,-0.0006849310249216134,0.5079436238468091,0.00019809342535511752,0.5079436238468091,0.00019809342535511752,-0.42566226523785594,-5.817488470364644e-5
-3.64,-1.8117060223672297,-0.0008532942657887302,0.5130456689838934,0.0002464718480064632,0.5130456689838934,0.0002464718480064632,-0.4283957378781545,-7.212196148605468e-5
-3.63,-1.8244529222112038,-0.001025595156956118,0.5182263558291449,0.00029561036016568425,0.5182263558291449,0.00029561036016568425,-0.4311695311796236,-8.616230225853155e-5
-3.62,-1.837372284912559,-0.0011761652729753826,0.5234899722595155,0.0003382951134461502,0.5234899722595155,0.0003382951134461502,-0.43398542209929936,-9.82531551461194e-5
-3.61,-1.8504878891031127,-0.0012839414441293924,0.5288444422906492,0.00036871398207303585,0.5288444422906492,0.00036871398207303585,-0.4368462328853811,-0.00010679000814860516
-3.6,-1.8638327925091136,-0.0013389881341934803,0.5343002812770071,0.0003842876464201823,0.5343002812770071,0.0003842876464201823,-0.4397555143316471,-0.00011112038120576533
-3.59,-1.8774422200280236,-0.001346438252962749,0.539868542922852,0.0003867422375187844,0.539868542922852,0.0003867422375187844,-0.4427169475918416,-0.00011183128303396655
-3.58,-1.8913448021231398,-0.0013258205859225478,0.5455583232168023,0.00038185435448308855,0.5455583232168023,0.00038185435448308855,-0.44573363042253283,-0.00011065221554063319
-3.57,-1.9055552093887425,-0.0013052591943636812,0.5513746942255873,0.0003777360996367246,0.5513746942255873,0.0003777360996367246,-0.4488074987274659,-0.00010994195276936408
-3.56,-1.9200711450495174,-0.0013120470167161664,0.5573179098161217,0.0003821036784088595,0.5573179098161217,0.0003821036784088595,-0.4519391224887684,-0.0001118917578413804
-3.55,-1.9348762826889558,-0.0013627257382886697,0.5633843268462922,0.0003994364711801844,0.5633843268462922,0.0003994364711801844,-0.4551279988493026,-0.00011770896314853976
-3.54,-1.9499485691939733,-0.001456292561146821,0.5695688604343627,0.0004290690249827551,0.5695688604343627,0.0004290690249827551,-0.4583732844812562,-0.0001270817036148091
-3.53,-1.9652712148938183,-0.001573222240259083,0.575868187321468,0.00046498440265029206,0.575868187321468,0.00046498440265029206,-0.4616747350391776,-0.0001381443332678533
-3.52,-1.9808425235201834,-0.0016809408611062697,0.5822835761900075,0.0004974787672466066,0.5822835761900075,0.0004974787672466066,-0.46503352364378725,-0.00014798773008784663
-3.51,-1.9966809948909088,-0.0017439812027585965,0.5888223116029515,0.0005161657463838134,0.5888223116029515,0.0005161657463838134,-0.46845263821962013,-0.00015355370618411304
-3.5,-2.012823828452115,-0.0017352429644168226,0.595497179972758,0.000513265315534616,0.595497179972758,0.000513265315534616,-0.47193670678415706,-0.0001526005508367339
-3.49,-2.0293194364363556,-0.0016443492691812184,0.6023242158085712,0.0004860040101725226,0.6023242158085712,0.0004860040101725226,-0.4754913154332351,-0.00014439484404104544
-3.48,-2.0462168217758707,-0.0014802637530865912,0.6093195625769934,0.00043730756006265235,0.6093195625769934,0.00043730756006265235,-0.4791220761203971,-0.00012989226825296812
-3.47,-2.063555718816468,-0.0012676218375758748,0.6164965994775131,0.0003746462977786789,0.6164965994775131,0.0003746462977786789,-0.48283378604673255,-0.00011137267281185421
-3.46,-2.081360807286989,-0.001038613267265071,0.623864300729204,0.000307594070303843,0.623864300729204,0.000307594070303843,-0.48662996227812205,-9.170142383378634e-5
-3.45,-2.099641447751014,-0.0008236843518831179,0.6314272369912483,0.00024507518595772457,0.6314272369912483,0.00024507518595772457,-0.4905128677983022,-7.35092431771125e-5
-3.44,-2.11839618748327,-0.0006442840985991907,0.6391869781570109,0.00019325051199925368,0.6391869781570109,0.00019325051199925368,-0.49448395185126176,-5.8572777224854e-5
-3.43,-2.137619736834471,-0.0005095896284010306,0.6471442032402349,0.00015460503110624243,0.6471442032402349,0.00015460503110624243,-0.4985444938008438,-4.7560344352046415e-5
-3.42,-2.157309743662934,-0.0004173798494900133,0.6553007191058788,0.00012827247669641544,0.6553007191058788,0.00012827247669641544,-0.5026962103974337,-4.014937055025237e-5
-3.41,-2.1774713862498003,-0.0003578024559451771,0.6636608012930836,0.00011120951150284769,0.6636608012930836,0.00011120951150284769,-0.5069416509619268,-3.539524547975414e-5
-3.4,-2.198119020786144,-0.00031816363003873673,0.6722316372860961,9.964973490528677e-5,0.6722316372860961,9.964973490528677e-5,-0.5112843165051574,-3.2176558022333106e-5
-3.39,-2.21927525790471,-0.0002870606480356526,0.6810229978425392,9.03278523332128e-5,0.6810229978425392,9.03278523332128e-5,-0.5157285446260235,-2.9560111366557013e-5
-3.38,-2.2409685265849673,-0.0002568611028263165,0.6900464710803768,8.117567321831486e-5,0.6900464710803768,8.117567321831486e-5,-0.5202792672534985,-2.6994744366795866e-5
-3.37,-2.2632303294642666,-0.00022432464747800554,0.6993146375788063,7.143944143446268e-5,0.6993146375788063,7.143944143446268e-5,-0.5249417622933731,-2.432160746419899e-5
-3.36,-2.286093126113128,-0.00018977870586016625,0.7088404767998696,6.136261712702068e-5,0.7088404767998696,6.136261712702068e-5,-0.5297214915596976,-2.1651710010475604e-5
-3.35,-2.309589309481139,-0.0001555648864431301,0.7186371396509493,5.167328515995974e-5,0.7186371396509493,5.167328515995974e-5,-0.5346240651978508,-1.919271578668503e-5
-3.34,-2.3337512684040904,-0.000124466403683733,0.7287180659241596,4.310666550031964e-5,0.7287180659241596,4.310666550031964e-5,-0.5396553193516948,-1.7102741888651647e-5
-3.33,-2.358612202873434,-9.8597964670863e-5,0.7390973202314542,3.6109379066455995e-5,0.7390973202314542,3.6109379066455995e-5,-0.5448214578488194,-1.5417858808086473e-5
-3.32,-2.3842072451307867,-7.892385224721287e-5,0.7497899900226206,3.076059633414076e-5,0.7497899900226206,3.076059633414076e-5,-0.5501292000126095,-1.405869530608915e-5
-3.31,-2.4105745189409267,-6.530078729080513e-5,0.7608125268537178,2.6853879388943184e-5,0.7608125268537178,2.6853879388943184e-5,-0.5555858934388699,-1.2888084342636236e-5
-3.3,-2.437755956243688,-5.680518400316081e-5,0.772182985233808,2.4042805838464724e-5,0.772182985233808,2.4042805838464724e-5,-0.5611995807591952,-1.17782088857369e-5
-3.29,-2.4657978779442833,-5.2111865917136344e-5,0.7839211823340311,2.1966250570302974e-5,0.7839211823340311,2.1966250570302974e-5,-0.5669790372642525,-1.0653786644989331e-5
-3.28,-2.4947514553599013,-4.979057161577378e-5,0.7960488379422568,2.031422124071666e-5,0.7960488379422568,2.031422124071666e-5,-0.5729338098570885,-9.498975796441277e-6
-3.27,-2.524673180867493,-4.849807256681596e-5,0.8085897511357231,1.8841366406717583e-5,0.8085897511357231,1.8841366406717583e-5,-0.579074284315927,-8.336809657405515e-6
-3.26,-2.5556254256133393,-4.710627832753697e-5,0.8215700430934676,1.7359180782655584e-5,0.8215700430934676,1.7359180782655584e-5,-0.5854117935370936,-7.200689804072543e-6
-3.25,-2.5876771069901565,-4.480511480772172e-5,0.8350184679960414,1.5734068440542068e-5,0.8350184679960414,1.5734068440542068e-5,-0.5919587648481668,-6.115023192956831e-6
-3.24,-2.620904472144845,-4.118085763358445e-5,0.8489667838234339,1.3898281015977566e-5,0.8489667838234339,1.3898281015977566e-5,-0.5987288979985061,-5.0913572416150606e-6
-3.23,-2.655392032538799,-3.6239080292399814e-5,0.8634501853018932,1.1862241102073887e-5,0.8634501853018932,1.1862241102073887e-5,-0.6057373691367681,-4.135549437284712e-6
-3.22,-2.691233733794971,-3.0343841704224674e-5,0.8785078227978529,9.712051037167608e-6,0.8785078227978529,9.712051037167608e-6,-0.6130010661555214,-3.256717289127448e-6
-3.21,-2.728534483485229,-2.4078194000768716e-5,0.8941834508103467,7.5854081702246425e-6,0.8941834508103467,7.5854081702246425e-6,-0.6205388713756362,-2.4709787393118405e-6
-3.2,-2.7674121743151443,-1.807071900888248e-5,0.9105262614758979,5.634019978075809e-6,0.9105262614758979,5.634019978075809e-6,-0.6283720150996808,-1.799096192842819e-6
-3.19,-2.8080003459954903,-1.2854376714179095e-5,0.9275919661342404,3.991526547644281e-6,0.9275919661342404,3.991526547644281e-6,-0.6365245288297305,-1.262981184443257e-6
-3.18,-2.8504516589180504,-8.82352204249436e-6,0.9454442029649791,2.7703636154054306e-6,0.9454442029649791,2.7703636154054306e-6,-0.6450238340874697,-8.899295873760181e-7
-3.17,-2.894942441146777,-6.355688146266412e-6,0.964156384015982,2.116396906836708e-6,0.964156384015982,2.116396906836708e-6,-0.6539015170558435,-7.377530647662182e-7
-3.16,-2.941678741428501,-6.21451559673183e-6,0.983814160689749,2.3737366938349854e-6,0.983814160689749,2.3737366938349854e-6,-0.663194365117434,-9.650828040417602e-7
-3.15,-2.9909045832448578,-1.0522731789980584e-5,1.0045187876743984,4.4818425949097415e-6,1.0045187876743984,4.4818425949097415e-6,-0.6729457812897118,-2.00006866441118e-6
-3.14,-3.0429134469562444,-2.5002538517565456e-5,1.0263917952218604,1.0887165270273178e-5,1.0263917952218604,1.0887165270273178e-5,-0.6832077448687053,-4.925379362237944e-6
-3.13,-3.098064310271306,-6.399335417533975e-5,1.0495815031035642,2.7569627295716066e-5,1.0495815031035642,2.7569627295716066e-5,-0.6940435382134524,-1.2325643500902178e-5
-3.12,-3.1568035775228265,-0.00016117075684161556,1.074271922758279,6.834282942772686e-5,1.074271922758279,6.834282942772686e-5,-0.7055314702334888,-3.007075407510376e-5
-3.11,-3.2196933543233213,-0.00039098762190320523,1.10069427366929,0.0001634304870876551,1.10069427366929,0.0001634304870876551,-0.7177697068816266,-7.085800254862077e-5
-3.1,-3.2874438873423437,-0.0009082744453000293,1.1291403248477532,0.0003753270028374928,1.1291403248477532,0.0003753270028374928,-0.7308819166649239,-0.0001607664790212423
-3.09,-3.3609427029416077,-0.00201489799960515,1.1599746754074192,0.0008256329443923608,1.1599746754074192,0.0008256329443923608,-0.7450225814281202,-0.00035039921799441217
-3.08,-3.4412650489926158,-0.004260461038435609,1.1936398420176535,0.0017359429008344692,1.1936398420176535,0.0017359429008344692,-0.7603794519709337,-0.0007319985803141899
-3.07,-3.5296418852029388,-0.008575806954135748,1.2306444281871545,0.00348270286643965,1.2306444281871545,0.00348270286643965,-0.7771690411253034,-0.0014626669596883497
-3.06,-3.62735808267155,-0.01642228470378177,1.2715227824055468,0.006659545291859684,1.2715227824055468,0.006659545291859684,-0.7956200965122537,-0.0027911388667155273
-3.05,-3.735561419923111,-0.029919780206582456,1.316757293200927,0.012132109033286128,1.316757293200927,0.012132109033286128,-0.8159409559250111,-0.005081816650369777
-3.04,-3.8549858755719604,-0.0519021468301178,1.3666636523552498,0.021063604097631753,1.3666636523552498,0.021063604097631753,-0.838270508045466,-0.008826578130725758
-3.03,-3.985624648732439,-0.08585209743644177,1.4212531603407967,0.03488970235228699,1.4212531603407967,0.03488970235228699,-0.8626185924595415,-0.014634578076889579
-3.02,-4.1264124702908305,-0.13569347264114298,1.4800977866352885,0.055231522316417286,1.4800977866352885,0.055231522316417286,-0.8888073297782976,-0.02319446667094283
-3.01,-4.274975468919693,-0.20545393521477345,1.5422252607523703,0.08375124925234367,1.5422252607523703,0.08375124925234367,-0.9164263552170921,-0.03521077505064909
-3.0,-4.42748127960026,-0.29882768554964745,1.606061576623073,0.12196510622170648,1.606061576623073,0.12196510622170648,-0.9448108504805747,-0.051321984792384076
-2.99,-4.578604260512295,-0.41864791952294284,1.6694281541639846,0.17102394670899015,1.6694281541639846,0.17102394670899015,-0.9730455970754375,-0.0720073839867942
-2.98,-4.7216544136318435,-0.5662480125808041,1.7296085471716183,0.2314596810251715,1.7296085471716183,0.2314596810251715,-0.9999987886302212,-0.0974846669196136
-2.97,-4.849005977598866,-0.7407217191835559,1.7835294426068546,0.3029030808187945,1.7835294426068546,0.3029030808187945,-1.0243995908309234,-0.12760063426546292
-2.96,-4.953016540875835,-0.9382480009017854,1.828123281719665,0.38383178003124313,1.828123281719665,0.38383178003124313,-1.0449835112583132,-0.16173525090807706
-2.95,-5.027504830201806,-1.151877909154039,1.8608992876140094,0.47149363135675953,1.8608992876140094,0.47149363135675953,-1.0607172867091572,-0.19877238309145512
-2.94,-5.069483427413631,-1.3722869595750578,1.8806131857681205,0.5621957403122646,1.8806131857681205,0.5621957403122646,-1.0710644237374243,-0.2372111736542387
-2.93,-5.080376337169889,-1.5897273574442703,1.8877461125154713,0.6520547687992576,1.8877461125154713,0.6520547687992576,-1.0761809180229787,-0.2754596327088204
-2.92,-5.0657772745565675,-1.7967194257011256,1.8844273220983279,0.7380413807479744,1.8844273220983279,0.7380413807479744,-1.0768953379799955,-0.31225089526522193
-2.91,-5.0332931878115375,-1.9902432275328608,1.8736133183463897,0.8188459531385472,1.8736133183463897,0.8188459531385472,-1.0743916420000494,-0.34699822536155905
-2.9,-4.9891383596178365,-2.171965283299015,1.8577676228515154,0.8949916953719435,1.8577676228515154,0.8949916953719435,-1.0696830751597572,-0.3798565325132528
-2.89,-4.935274944720981,-2.3458381547750253,1.837734803443335,0.9679219260848865,1.837734803443335,0.9679219260848865,-1.063150890282028,-0.41137083090789006
-2.88,-4.869111813070434,-2.514042168864504,1.8126029468614893,1.0384254163048603,1.8126029468614893,1.0384254163048603,-1.0544724216989427,-0.44184733031983725
-2.87,-4.786546311712379,-2.6737128891791584,1.7808780660680776,1.1053545823813125,1.7808780660680776,1.1053545823813125,-1.0430809593115011,-0.47082917067211444
-2.86,-4.6869339096293405,-2.8170031712741683,1.7424246808060138,1.1656485180327338,1.7424246808060138,1.1656485180327338,-1.0289467209881855,-0.4970935278326168
-2.85,-4.576800964804237,-2.9352691224499208,1.6999138690152793,1.2159837704612568,1.6999138690152793,1.2159837704612568,-1.0131686593926497,-0.5193132666233713
-2.84,-4.4692331894979604,-3.0253751002966487,1.6585555127790015,1.2552603380438438,1.6585555127790015,1.2552603380438438,-0.997870228790473,-0.5370677756743796
-2.83,-4.378245697984068,-3.094113424711277,1.6238375959472142,1.2863230710491147,1.6238375959472142,1.2863230710491147,-0.9852757820189099,-0.551546612712826
-2.82,-4.310826412425045,-3.1571625433602595,1.5983587097150145,1.315487790453393,1.5983587097150145,1.315487790453393,-0.976410265056655,-0.5653503895686527
-2.81,-4.2615164849567835,-3.2320301623287255,1.5797159978266255,1.3496648260448134,1.5797159978266255,1.3496648260448134,-0.9702357666521982,-0.5812977880295617
-2.8,-4.213613418163353,-3.328379599531643,1.5610861777492322,1.392475291421728,1.5610861777492322,1.392475291421728,-0.9639086721468896,-0.6008183721846843
-2.79,-4.147426811080383,-3.441449824893214,1.5346381866670677,1.4416841900681154,1.5346381866670677,1.4416841900681154,-0.954214178297188,-0.6229035862216665
-2.78,-4.051539944005044,-3.553168061435788,1.4960895853493315,1.4897954877655135,1.4960895853493315,1.4897954877655135,-0.9394654126650667,-0.6443874875539357
-2.77,-3.9305811865669393,-3.6413264031488604,1.447741741824893,1.5279002571705862,1.447741741824893,1.5279002571705862,-0.9207431244680322,-0.6615860625393808
-2.76,-3.8043923546523044,-3.692241289032812,1.3979414083115576,1.5508380876176562,1.3979414083115576,1.5508380876176562,-0.9016172539396866,-0.6724636059020404
-2.75,-3.6981881019820455,-3.7097087549566217,1.3568909618143676,1.5607007688877137,1.3568909618143676,1.5607007688877137,-0.8863371938490604,-0.6780636442208398
-2.74,-3.6286766414637306,-3.714630945339369,1.3309444613629526,1.5664191059790076,1.3309444613629526,1.5664191059790076,-0.877420373567203,-0.6822589656220509
-2.73,-3.5939096364284144,-3.7347669597131725,1.3186251632135564,1.5793270777594648,1.3186251632135564,1.5793270777594648,-0.87402429610189,-0.689807229072411
-2.72,-3.5729952955924604,-3.7898096756508197,1.3108313496191095,1.606976857160189,1.3108313496191095,1.606976857160189,-0.87213496168334,-0.7037161083365941
-2.71,-3.5364743269952688,-3.88002353499469,1.2954096819793697,1.6486623785650585,1.2954096819793697,1.6486623785650585,-0.8666039122995751,-0.7234094028033786
-2.7,-3.4620842955744804,-3.9850857560277904,1.2637486553170245,1.6953286985220533,1.2637486553170245,1.6953286985220533,-0.8539804641992792,-0.7448165838238612
-2.69,-3.347321981143426,-4.074292027089895,1.2157542565855946,1.73416556912563,1.2157542565855946,1.73416556912563,-0.8345573114605781,-0.7624559638727831
-2.68,-3.211657949535713,-4.122931171952411,1.1603181020281423,1.7555248009002027,1.1603181020281423,1.7555248009002027,-0.8124151899021269,-0.7724332422258046
-2.67,-3.0867841623432373,-4.125993823779436,1.1108179601384869,1.7583850150747973,1.1108179601384869,1.7583850150747973,-0.7933399127068661,-0.7746990965462367
-2.66,-2.9998698396579315,-4.101582456101089,1.0779661139698717,1.7512632793226937,1.0779661139698717,1.7512632793226937,-0.7816908883116509,-0.7732584842423655
-2.65,-2.95879230004055,-4.081866312088864,1.0638775779620413,1.7479150793239624,1.0638775779620413,1.7479150793239624,-0.7779355414619604,-0.7741316225637684
-2.64,-2.9474311142389467,-4.096206207798637,1.0606624298197613,1.7600385268577845,1.0606624298197613,1.7600385268577845,-0.7782493449051658,-0.7821235882427937
-2.63,-2.9337798811954023,-4.155433297164576,1.054429656520337,1.7909064397043117,1.054429656520337,1.7909064397043117,-0.7764695713955038,-0.798158059175838
-2.62,-2.8867175998585664,-4.245781593269569,1.0326364195101831,1.833422275481383,1.0326364195101831,1.833422275481383,-0.7673896576451145,-0.8186647638737106
-2.61,-2.7925502559037887,-4.335868000555186,0.9908511965345433,1.8737395586122976,0.9908511965345433,1.8737395586122976,-0.7496146389410369,-0.8374090151108424
-2.6,-2.6624666394726275,-4.393128327819021,0.93525988195048,1.8985727257446017,0.93525988195048,1.8985727257446017,-0.7264027301161952,-0.8488136124017407
-2.59,-2.5268548558636916,-4.401021059088206,0.8795079063579023,1.902302424059349,0.8795079063579023,1.902302424059349,-0.7039954635525751,-0.8509865110738597
-2.58,-2.4194251102401063,-4.367853515753581,0.8375193600511395,1.8900515945459249,0.8375193600511395,1.8900515945459249,-0.6883056593550168,-0.8468009121676431
-2.57,-2.359525279709891,-4.322519448543709,0.816114109498618,1.8750520881426107,0.816114109498618,1.8750520881426107,-0.6817398864641371,-0.8424156156678292
-2.56,-2.3420057646798926,-4.299387804434992,0.8113716663806707,1.8716815797471191,0.8113716663806707,1.8716815797471191,-0.6818777262783754,-0.8440098545004945
-2.55,-2.3399794804082146,-4.320333084279111,0.810693236498823,1.8878757139257802,0.810693236498823,1.8878757139257802,-0.6827366371149921,-0.854482411080305
-2.54,-2.318985026570681,-4.383389347159665,0.7994668818423574,1.920957882874032,0.7994668818423574,1.920957882874032,-0.6779554211584518,-0.871894991634237
-2.53,-2.2550433627685553,-4.463970496574717,0.7687839456379542,1.9591003837223202,0.7687839456379542,1.9591003837223202,-0.6641893669017097,-0.8905044972841396
-2.52,-2.147087017908701,-4.5279360366845856,0.7201036523177113,1.987622654316234,0.7201036523177113,1.987622654316234,-0.6428917526042368,-0.9038336121229845
-2.51,-2.0172734689451404,-4.549543263054638,0.6644048104502969,1.9967597192294486,0.6644048104502969,1.9967597192294486,-0.6195248795150513,-0.9081299294811912
-2.5,-1.8991293084936378,-4.524809880317533,0.6163104241581664,1.9867702849534306,0.6163104241581664,1.9867702849534306,-0.6006290140670772,-0.904355948062348
-2.49,-1.8198805533352318,-4.473315912872344,0.5863410807710324,1.9676969952542613,0.5863410807710324,1.9676969952542613,-0.5903295907092989,-0.8976473930397794
-2.48,-1.786320163923776,-4.427633649705176,0.575422139985166,1.9539563570401695,0.575422139985166,1.9539563570401695,-0.5881592351482269,-0.8945434973914483
-2.47,-1.781594555858054,-4.416099840739154,0.574533050068843,1.9566827273936132,0.574533050068843,1.9566827273936132,-0.5893541092192021,-0.8994898106779559
-2.46,-1.7744467039372864,-4.448082056949708,0.5696229490816332,1.9779141266925326,0.5696229490816332,1.9779141266925326,-0.5874455249430697,-0.9124956143662948
-2.45,-1.735865651243626,-4.509455620649145,0.5491145228436055,2.009680916819206,0.5491145228436055,2.009680916819206,-0.5777342666017335,-0.92919221382422
-2.44,-1.6542542886078178,-4.57051209710637,0.509974274639065,2.038411223361724,0.509974274639065,2.038411223361724,-0.5597725061319887,-0.9432350281031107
-2.43,-1.541139669510794,-4.601920567918017,0.459144500007005,2.0522299941379654,0.459144500007005,2.0522299941379654,-0.5375313591279278,-0.9497305742010267
-2.42,-1.4245744422079556,-4.590169180616576,0.40965036350601075,2.047220133944254,0.40965036350601075,2.047220133944254,-0.5171942609960819,-0.9478313353954995
-2.41,-1.3339456170214665,-4.544324685137453,0.3735483451897942,2.0293267105053605,0.3735483451897942,2.0293267105053605,-0.5037984504261782,-0.9411126847438861
-2.4,-1.2844087424160553,-4.490690159282145,0.35553739329067335,2.0109665164811337,0.35553739329067335,2.0109665164811337,-0.4985537223642449,-0.9355624793046283
-2.39,-1.269226756086761,-4.458437874692216,0.3506368885475681,2.0042564454928122,0.3506368885475681,2.0042564454928122,-0.4982759221516438,-0.9363084634625465
-2.38,-1.2639333148792011,-4.464054088953271,0.347095238619823,2.0145561670063588,0.347095238619823,2.0145561670063588,-0.4972050624116825,-0.9448765426150961
-2.37,-1.2398481624335995,-4.502927595670255,0.3328593895034417,2.037786355980728,0.3328593895034417,2.037786355980728,-0.4901784141159182,-0.9584569252650516
-2.36,-1.1795039090863024,-4.552430768342894,0.3020465494560649,2.06288532583572,0.3020465494560649,2.06288532583572,-0.47540806242542605,-0.9715381756156357
-2.35,-1.0856564062734557,-4.584580614548651,0.2579253040717582,2.0779643473740927,0.2579253040717582,2.0779643473740927,-0.45535795663035816,-0.9789711679014736
-2.34,-0.9791727696088405,-4.581237352905079,0.21087272250514097,2.076745478040406,0.21087272250514097,2.076745478040406,-0.4352816766478185,-0.978759410166792
-2.33,-0.8872035686943819,-4.543564384561,0.17253551562640637,2.061780333583319,0.17253551562640637,2.061780333583319,-0.42027329896317434,-0.9730536521894708
-2.32,-0.8282940916338597,-4.490758545137392,0.14946817596893902,2.04277551830319,0.14946817596893902,2.04277551830319,-0.412485444017955,-0.9668456512516518
-2.31,-0.8026195504294275,-4.449013536929987,0.139738214958614,2.0310635156084134,0.139738214958614,2.0310635156084134,-0.41004356100752953,-0.9651357703958999
-2.3,-0.7925487050071577,-4.437004923332918,0.1342832555254552,2.0333523713800385,0.1342832555254552,2.0333523713800385,-0.4082148525938256,-0.9701783230346505
-2.29,-0.7729482971788539,-4.455958021617886,0.12214489835912169,2.048215219823863,0.12214489835912169,2.048215219823863,-0.4021253932576352,-0.9803313691854598
-2.28,-0.7252768347536925,-4.489646490894274,0.09657815395810787,2.067184431828209,0.09657815395810787,2.067184431828209,-0.38947076957020527,-0.9911091863026692
-2.27,-0.6475547690365319,-4.51403704047445,0.05861930272963554,2.079711045883104,0.05861930272963554,2.079711045883104,-0.37170427251091276,-0.9977883766624674
-2.26,-0.5547871352869382,-4.510928411361969,0.016197447231312456,2.0791093582096463,0.016197447231312456,2.0791093582096463,-0.3530782838186485,-0.9980596949845986
-2.25,-0.4698956378472956,-4.477837651306579,-0.020576555985482862,2.0661255791024176,-0.020576555985482862,2.0661255791024176,-0.33814249205372404,-0.9932278428969581
-2.24,-0.4105565592917634,-4.428698185929062,-0.04517054757772658,2.0481955281655506,-0.04517054757772658,2.0481955281655506,-0.3291639395380194,-0.9873225934198688
-2.23,-0.3795137396298167,-4.385277115636765,-0.058145738588155624,2.03495119491465,-0.058145738588155624,2.03495119491465,-0.3249417136320441,-0.984692416697537
-2.22,-0.3637512248392156,-4.364501614084981,-0.06649952006635379,2.032659049574243,-0.06649952006635379,2.032659049574243,-0.32165129357521516,-0.9875075468952977
-2.21,-0.34268868969468425,-4.369078207318464,-0.07935506860561511,2.0408111424702327,-0.07935506860561511,2.0408111424702327,-0.31516636224801386,-0.9946142573591548
-2.2,-0.30036500740903244,-4.386678584417552,-0.1026081625059989,2.052757651542889,-0.1026081625059989,2.052757651542889,-0.3034637220735187,-1.0023599832073082
-2.19,-0.23441660331973488,-4.397847640760145,-0.13567123142121007,2.0598707208101943,-0.13567123142121007,2.0598707208101943,-0.2877062122066262,-1.0068424737094428
-2.18,-0.1567450217969331,-4.387702826256035,-0.17213846050580778,2.0566832802094046,-0.17213846050580778,2.0566832802094046,-0.27141276911472256,-1.0062154753191543
-2.17,-0.08580096025994428,-4.354425151741201,-0.20383835655221963,2.0439498822312907,-0.20383835655221963,2.0439498822312907,-0.25827043150762197,-1.001687822984811
-2.16,-0.03536220673099016,-4.309658956401898,-0.22575351579686814,2.027896910528639,-0.22575351579686814,2.027896910528639,-0.24993448257385414,-0.996666848386621
-2.15,-0.006608014907440534,-4.270903151960336,-0.23884752972095327,2.0162499222306667,-0.23884752972095327,2.0162499222306667,-0.24513262606091096,-0.9946216814906055
-2.14,0.011902783435232416,-4.250764949445407,-0.24918296755112412,2.01353929286536,-0.24918296755112412,2.01353929286536,-0.24056802000559133,-0.9969963731754187
-2.13,0.036656724634961495,-4.249676267529004,-0.2640014081674122,2.0185451304236643,-0.2640014081674122,2.0185451304236643,-0.23301287307010324,-1.002436191534998
-2.12,0.07892053679689,-4.256353142399315,-0.28726282043459034,2.025356608623987,-0.28726282043459034,2.025356608623987,-0.2212746607557312,-1.0077558067233021
-2.11,0.13817597994813083,-4.255403865190542,-0.3173995165455448,2.0272648403259432,-0.3173995165455448,2.0272648403259432,-0.20682948861839942,-1.0099975958517102
-2.1,0.20315920548505434,-4.237107027438552,-0.3485963123697834,2.0209828523331663,-0.3485963123697834,2.0209828523331663,-0.1927707815532056,-1.0082707797973371
-2.09,0.259566630785231,-4.203189549837155,-0.3746827472007328,2.008550050768679,-0.3746827472007328,2.008550050768679,-0.18177758526631232,-1.0042289530484947
-2.08,0.2993481253849606,-4.16512062633241,-0.39311175161157574,1.9957929379175354,-0.39311175161157574,1.9957929379175354,-0.17440516414366214,-1.0009202106370467
-2.07,0.3256509112400696,-4.136249353210252,-0.40650191736558144,1.9884079623854423,-0.40650191736558144,1.9884079623854423,-0.16877243001551345,-1.000773210283546
-2.06,0.3503891722424336,-4.122982637660763,-0.42081465066698415,1.988216716612649,-0.42081465066698415,1.988216716612649,-0.16181910717101658,-1.0040153186665095
-2.05,0.3861883615322171,-4.120688397729371,-0.4413952775400106,1.9919882229973436,-0.4413952775400106,1.9919882229973436,-0.15130723766960164,-1.00852458466302
-2.04,0.43801828801570525,-4.1168584004940065,-0.4694511433582103,1.9935456623223384,-0.4694511433582103,1.9935456623223384,-0.1372804785396979,-1.0111912782255996
-2.03,0.49992084794058145,-4.099348171254715,-0.5012217738968959,1.987762965035589,-0.5012217738968959,1.987762965035589,-0.12205802872230778,-1.009903048370573
-2.02,0.5588507383105696,-4.064285548302237,-0.5303389901403102,1.9738674649036347,-0.5303389901403102,1.9738674649036347,-0.1087865322630957,-1.0048843599157902
-2.01,0.6030226632015088,-4.018563698687544,-0.551824999233064,1.9559509728532856,-0.551824999233064,1.9559509728532856,-0.09948984620998176,-0.9985536872368108
-2.0,0.6293139914851645,-3.9754383911985025,-0.5651589469156597,1.9404169385909797,-0.5651589469156597,1.9404169385909797,-0.09385542447058812,-0.9940213092660988
-1.99,0.6450234638890481,-3.9462280339017095,-0.5744986730437925,1.9320546064554136,-0.5744986730437925,1.9320546064554136,-0.08949542925322485,-0.9932099273354009
-1.98,0.6630668696159909,-3.933527418008741,-0.5860174072938029,1.931256141557066,-0.5860174072938029,1.931256141557066,-0.08346009911946974,-0.9957865758848273
-1.97,0.6939485649592353,-3.9301632449200334,-0.6041579345079923,1.934067677434122,-0.6041579345079923,1.934067677434122,-0.07399458817777275,-0.9995291747357744
-1.96,0.7397681516188023,-3.9242227236738922,-0.62921426741167,1.9348736924264167,-0.62921426741167,1.9348736924264167,-0.06142651947347092,-1.0018047561318857
-1.95,0.793911704340204,-3.906543236497379,-0.6576615487592365,1.9298342905258148,-0.6576615487592365,1.9298342905258148,-0.04769619361733744,-1.0011426296276853
-1.94,0.8461420210154764,-3.875688257171979,-0.6847818669026298,1.9188330835791745,-0.6847818669026298,1.9188330835791745,-0.03495459567352967,-0.997894716762723
-1.93,0.8892815713834362,-3.8374568699265854,-0.7076654550904676,1.904838294771715,-0.7076654550904676,1.904838294771715,-0.02423377962602355,-0.9936527106768804
-1.92,0.9229397762820686,-3.7998529064674944,-0.7265776365357545,1.8913906098406055,-0.7265776365357545,1.8913906098406055,-0.015062463883275057,-0.9899503872816874
-1.91,0.9521395835677712,-3.767426117996808,-0.7439669799539984,1.880137977350121,-0.7439669799539984,1.880137977350121,-0.006179389717448342,-0.987222837153907
-1.9,0.9824140205123342,-3.7389716681292855,-0.7620906968275801,1.8701341004987087,-0.7620906968275801,1.8701341004987087,0.0032843131133116683,-0.9847338957543391
-1.89,1.0152930738767796,-3.709844438941718,-0.7811340254897191,1.859217738370301,-0.7811340254897191,1.859217738370301,0.013071791700518243,-0.9814342745608644
-1.88,1.0474908929799793,-3.6767058577658833,-0.7991994612516816,1.8462499144468365,-0.7991994612516816,1.8462499144468365,0.022046436259164068,-0.977031738655664
-1.87,1.0741322746438768,-3.640886034462268,-0.8140667203950728,1.8324231497763932,-0.8140667203950728,1.8324231497763932,0.029190366219285124,-0.9724307219851605
-1.86,1.0933109435312471,-3.6078094626037363,-0.8252943232048221,1.8206384518582774,-0.8252943232048221,1.8206384518582774,0.034568897916476944,-0.9692018784844091
-1.85,1.1083934653576841,-3.583025194528944,-0.8350218903201145,1.8134414567929649,-0.8350218903201145,1.8134414567929649,0.039517324655249035,-0.9684806159079521
-1.84,1.126320637464306,-3.5679255793932207,-0.8468525233349158,1.8110828599228468,-0.8468525233349158,1.8110828599228468,0.04590080121050349,-0.9701135687487745
-1.83,1.153219496833064,-3.5583627820426136,-0.8636412112455519,1.8111368824930447,-0.8636412112455519,1.8111368824930447,0.05498520653109337,-0.9726717493919407
-1.82,1.1905793632689718,-3.547098532105082,-0.8857923448596676,1.8099200605602728,-0.8857923448596676,1.8099200605602728,0.06672249129368547,-0.9742990028995461
-1.81,1.2346671970343963,-3.528170956792261,-0.9112252653069659,1.804636424624277,-0.9112252653069659,1.804636424624277,0.07991696236139147,-0.9737659868114652
-1.8,1.2793317281014185,-3.5000033931184062,-0.936893102955437,1.7947248371214028,-0.936893102955437,1.7947248371214028,0.09307830051939213,-0.9709971523470071
-1.79,1.31989099637255,-3.465262942097154,-0.9606390927429501,1.7815887141939195,-0.9606390927429501,1.7815887141939195,0.1052948890129938,-0.9667812126599963
-1.78,1.3552628840316332,-3.4280389005947125,-0.9820646040228067,1.7671414712069604,-0.9820646040228067,1.7671414712069604,0.11652106691431309,-0.9619964320176004
-1.77,1.3871405329004833,-3.3907984590387565,-1.001974571103873,1.7524107767237351,-1.001974571103873,1.7524107767237351,0.12718076844379084,-0.9569962443082872
-1.76,1.417388232280781,-3.353399178117871,-1.021093012046565,1.737225894738927,-1.021093012046565,1.737225894738927,0.13752120417929792,-0.9515903900103542
-1.75,1.4460283992110576,-3.3145227243660815,-1.0392067389305923,1.721025308815944,-1.0392067389305923,1.721025308815944,0.14728716998973362,-0.9455294923250095
-1.74,1.4713791731822359,-3.2739173455562023,-1.0553918176423411,1.7039160789188428,-1.0553918176423411,1.7039160789188428,0.15595390353782224,-0.939002090313674
-1.73,1.491930480519349,-3.2333845141395203,-1.0689980798799295,1.6870117316679203,-1.0689980798799295,1.6870117316679203,0.16326202061293404,-0.932693756717584
-1.72,1.50812857248536,-3.195735942136344,-1.0804536513953533,1.6717850221509707,-1.0804536513953533,1.6717850221509707,0.16956021188637016,-0.9273690762384894
-1.71,1.522489194579912,-3.162751110649971,-1.09117927514898,1.6590379222092408,-1.09117927514898,1.6590379222092408,0.1756575157513978,-0.923348959985897
-1.7,1.53801358117643,-3.133932577833584,-1.1027099346179818,1.648376776336155,-1.1027099346179818,1.648376776336155,0.18232034220102128,-0.9203231483712346
-1.69,1.55631474207825,-3.1070378135957473,-1.1157809972618418,1.638593291630187,-1.1157809972618418,1.638593291630187,0.1898372861586808,-0.9176295058828914
-1.68,1.5769748818670355,-3.079799722719934,-1.1301022131596887,1.6285685742028884,-1.1301022131596887,1.6285685742028884,0.19798470312484046,-0.914737040832443
-1.67,1.5984778321383355,-3.0513326968140606,-1.1449046301337444,1.617928309262646,-1.1449046301337444,1.617928309262646,0.20636483440558476,-0.9115301829919208
-1.66,1.6197240018109584,-3.0221702849421264,-1.1597023643577409,1.6069768265941335,-1.1597023643577409,1.6069768265941335,0.21478697603354482,-0.9082040658016403
-1.65,1.6407985423992941,-2.9931640612783657,-1.1746134243050135,1.5961006937001296,-1.1746134243050135,1.5961006937001296,0.22337274568433235,-0.904929436780955
-1.64,1.6625008121481302,-2.964391801094701,-1.1900562405425188,1.5852488685940538,-1.1900562405425188,1.5852488685940538,0.23234765982967134,-0.9016167526605677
-1.63,1.685285541881628,-2.9350253211010675,-1.206205042875582,1.57393361714634,-1.206205042875582,1.57393361714634,0.2417587053355409,-0.8979729787577754
-1.62,1.7086744090438462,-2.904111015398696,-1.2227395274720316,1.5616679345159652,-1.2227395274720316,1.5616679345159652,0.2513878660777364,-0.8937567431022481
-1.61,1.7316079245640785,-2.8714086079034877,-1.2390798709812594,1.548376208107402,-1.2390798709812594,1.548376208107402,0.26091736680763267,-0.8889720390830284
-1.6,1.753285684117886,-2.837512287297252,-1.2548307696958705,1.534405760507452,-1.2548307696958705,1.534405760507452,0.27016646951661355,-0.8838313684007182
-1.59,1.7736684231115771,-2.803247180276528,-1.270007754421387,1.5201825885800657,-1.270007754421387,1.5201825885800657,0.2791790483434286,-0.8785513850424274
-1.58,1.7932505780719725,-2.7689921014867984,-1.2848796134648144,1.505870597120735,-1.2848796134648144,1.505870597120735,0.2881077273217889,-0.873186727613721
-1.57,1.8124365504706448,-2.7345385014560533,-1.2996341707538002,1.4913331336977276,-1.2996341707538002,1.4913331336977276,0.297032539236702,-0.8676413354207629
-1.56,1.831152679407715,-2.6995017006314477,-1.31419827380446,1.4763704461495029,-1.31419827380446,1.4763704461495029,0.3058878772271684,-0.8618123239506928
-1.55,1.84899105427859,-2.6637961592730943,-1.3283403777341531,1.460961149531092,-1.3283403777341531,1.460961149531092,0.3145409032135379,-0.8557091266940188
-1.54,1.865633740336685,-2.62772878925109,-1.3418992712093498,1.4452871704860397,-1.3418992712093498,1.4452871704860397,0.32291679717929606,-0.8494444064522001
-1.53,1.8811015606994201,-2.5917149346767094,-1.3548990104967122,1.4295696539866238,-1.3548990104967122,1.4295696539866238,0.33104436348345734,-0.8431342941298277
-1.52,1.8956400195109206,-2.5559744766469117,-1.3674708136580338,1.4139152094764824,-1.3674708136580338,1.4139152094764824,0.3389982872631384,-0.8368232855118138
-1.51,1.9094447797556189,-2.5205007548114953,-1.3797057781386268,1.3983164735108038,-1.3797057781386268,1.3983164735108038,0.3468192397796992,-0.8304999897658671
-1.5,1.922536957637386,-2.4852614680867706,-1.3916014906629974,1.3827676296263176,-1.3916014906629974,1.3827676296263176,0.35449702627104157,-0.8241663481102619
-1.49,1.9348792191631567,-2.450372652432387,-1.4031365092405752,1.3673511166003658,-1.4031365092405752,1.3673511166003658,0.3620213782035946,-0.8178781053188978
-1.48,1.9465671116384087,-2.4160732740527715,-1.4143740472118729,1.3522123170569211,-1.4143740472118729,1.3522123170569211,0.36943790565878676,-0.81172033359647
-1.47,1.9578995705454638,-2.382560106515421,-1.4254929767393272,1.337465383861577,-1.4254929767393272,1.337465383861577,0.3768572441093544,-0.8057518210403909
-1.46,1.96929951716469,-2.349850402238511,-1.4367404206864887,1.3231214326898983,-1.4367404206864887,1.3231214326898983,0.38442345167145653,-0.7999691439139106
-1.45,1.9811932613887626,-2.3177494912272865,-1.4483685434553744,1.3090727316502844,-1.4483685434553744,1.3090727316502844,0.3922797167518991,-0.7943020200916859
-1.44,1.9939288126842192,-2.285869555902667,-1.4605928241189354,1.295097619339762,-1.4605928241189354,1.295097619339762,0.4005474155043877,-0.78861551418985
-1.43,2.0077027564644814,-2.2536385325152795,-1.4735468805283451,1.280856419475103,-1.4735468805283451,1.280856419475103,0.40929907816066885,-0.7827051631929599
-1.42,2.022438049935686,-2.2203353708362465,-1.4872013908100759,1.2659079015483476,-1.4872013908100759,1.2659079015483476,0.41850770572244805,-0.7763075524022472
-1.41,2.0376479328477752,-2.185240616184363,-1.5012744114809116,1.2498015969902962,-1.5012744114809116,1.2498015969902962,0.42799363140943614,-0.7691593193730727
-1.4,2.052415199819301,-2.1479146930296675,-1.5152144024537846,1.2322505290259123,-1.5152144024537846,1.2322505290259123,0.4374193433636968,-0.7611028349722653
-1.39,2.0655906516347726,-2.108482484859689,-1.5283183729334884,1.2133086278602525,-1.5283183729334884,1.2133086278602525,0.4463664706649389,-0.7521895928732119
-1.38,2.076180202195227,-2.067745578620977,-1.5399663067481624,1.193444698428049,-1.5399663067481624,1.193444698428049,0.454479008286901,-0.7427172478844579
-1.37,2.0837597748189136,-2.0270147411152535,-1.5498759741370418,1.1734474953700538,-1.5498759741370418,1.1734474953700538,0.4616132463270765,-0.7331649011724188
-1.36,2.0887224062816503,-1.9876950117892043,-1.5582608233668374,1.1541785101102608,-1.5582608233668374,1.1541785101102608,0.4679252960346043,-0.7240401477847026
-1.35,2.0922271396762424,-1.950774710206757,-1.5658096511345447,1.1362601226960956,-1.5658096511345447,1.1362601226960956,0.47385007302129184,-0.7156920564727716
-1.34,2.095836931930376,-1.9164211522952783,-1.5734747173948573,1.1198208779833225,-1.5734747173948573,1.1198208779833225,0.47996627171797157,-0.7081632738663057
-1.33,2.100959188024513,-1.883862785600385,-1.582131908683052,1.1044106240909972,-1.582131908683052,1.1044106240909972,0.4867879542441077,-0.7011481852855627
-1.32,2.1083018259518287,-1.8516409753746437,-1.5922410357373062,1.0891429188054138,-1.5922410357373062,1.0891429188054138,0.49456200745998097,-0.6940894850946976
-1.31,2.117583042280965,-1.818161082068234,-1.6036550535850185,1.0730279228896882,-1.6036550535850185,1.0730279228896882,0.503161785001289,-0.6863871800759049
-1.3,2.127645011527991,-1.7823212790260652,-1.61567670188355,1.0553626925831083,-1.61567670188355,1.0553626925831083,0.5121340583675703,-0.6776357314196423
-1.29,2.136939549242982,-1.743937959269783,-1.627349531554985,1.036004219028718,-1.627349531554985,1.036004219028718,0.520886479012914,-0.6677822101904457
-1.28,2.1441692469029476,-1.7037719270273286,-1.6378539394389715,1.0153990857677857,-1.6378539394389715,1.0153990857677857,0.5289322555338986,-0.6571314478186626
-1.27,2.148790404186892,-1.663153347435292,-1.6468265884060331,0.9943617534899829,-1.6468265884060331,0.9943617534899829,0.5360797991239388,-0.6461985259040028
-1.26,2.151161174314006,-1.6233962431575155,-1.6544647700884234,0.9737145234648245,-1.6544647700884234,0.9737145234648245,0.5424851271204565,-0.6354824688414374
-1.25,2.1523009768189834,-1.5852783051015815,-1.6613881812345492,0.9539591547284161,-1.6613881812345492,0.9539591547284161,0.5485549262119633,-0.6252671225991949
-1.24,2.153409250957348,-1.5488030669270916,-1.668344672720777,0.9351182771121073,-1.668344672720777,0.9351182771121073,0.5547579442253643,-0.6155324157935167
-1.23,2.1553802630737757,-1.5133066075790385,-1.6759054046075061,0.9167910456786836,-1.6759054046075061,0.9167910456786836,0.5614364397023468,-0.6059995028830086
-1.22,2.158516330843489,-1.4778103885535745,-1.6842777377576996,0.8983669454040313,-1.6842777377576996,0.8983669454040313,0.5686961732236905,-0.596271165550438
-1.21,2.1625217981498044,-1.4414330612512793,-1.6932919495986258,0.8792832532077908,-1.6932919495986258,0.8792832532077908,0.5764068344902202,-0.5859942313277348
-1.2,2.16672624620904,-1.403684854030229,-1.702534205799311,0.8592147393659764,-1.702534205799311,0.8592147393659764,0.5842924824372191,-0.5749748081943786
-1.19,2.170401508475839,-1.364553214818574,-1.7115435285774103,0.8381349587282081,-1.7115435285774103,0.8381349587282081,0.5920584879715749,-0.5632104050099188
-1.18,2.1730295113488505,-1.324393272701361,-1.7199828794944132,0.8162538148620584,-1.7199828794944132,0.8162538148620584,0.5994982949554418,-0.5508443727700792
-1.17,2.1744318202223463,-1.2837106422290294,-1.7277261052458583,0.7938838740927749,-1.7277261052458583,0.7938838740927749,0.6065444917850269,-0.5380775312667089
-1.16,2.174748091056187,-1.242943310878121,-1.734849778835142,0.7713021170891607,-1.734849778835142,0.7713021170891607,0.613259012742289,-0.5250797013715954
-1.15,2.174311209406256,-1.2023207842740324,-1.741557814337024,0.7486576337799073,-1.741557814337024,0.7486576337799073,0.619781607007926,-0.5119326386502572
-1.14,2.173491515394409,-1.1618278590006417,-1.7480836955890855,0.7259445518594964,-1.7480836955890855,0.7259445518594964,0.6262658041544177,-0.4986155449152393
-1.13,2.172572264290934,-1.1212543283835947,-1.7546100755064753,0.703030177626039,-1.7546100755064753,0.703030177626039,0.6328276773612457,-0.48502567767709054
-1.12,2.1716882883442272,-1.0802869538820035,-1.7612272132622024,0.679711661545589,-1.7612272132622024,0.679711661545589,0.6395205758728025,-0.4710162670273236
-1.11,2.1708275148751626,-1.038598709741302,-1.7679313286603913,0.6557726734976692,-1.7679313286603913,0.6557726734976692,0.6463357945570954,-0.4564332013749757
-1.1,2.1698730139241547,-0.9959052369021677,-1.7746495553032076,0.6310203493849822,-1.7746495553032076,0.6310203493849822,0.653219981268696,-0.44113791915786416
-1.09,2.168655715120128,-0.9519788530433608,-1.7812727330577773,0.6052955059213179,-1.7812727330577773,0.6052955059213179,0.6600967531396625,-0.42501233730059373
-1.08,2.166992202703329,-0.9066277235861349,-1.7876794333392718,0.578460276027183,-1.7876794333392718,0.578460276027183,0.6668815456310353,-0.4079489289037762
-1.07,2.1646924497526654,-0.8596579166272773,-1.7937409646468108,0.5503741755112246,-1.7937409646468108,0.5503741755112246,0.6734829456602808,-0.3898335469925782
-1.06,2.161533968583177,-0.8108392197569951,-1.7993045048879608,0.5208720860992926,-1.7993045048879608,0.5208720860992926,0.6797886681066639,-0.3705302737836498
-1.05,2.1572090452266774,-0.7598939080963425,-1.8041582510318714,0.4897569294653442,-1.8041582510318714,0.4897569294653442,0.685638905993597,-0.34987722310329944
-1.04,2.1512600905932633,-0.7065228600843634,-1.8079882221181551,0.4568169249785275,-1.8079882221181551,0.4568169249785275,0.69079386295977,-0.32770040151254665
-1.03,2.1430248298355634,-0.6504757484306556,-1.8103410916147962,0.42187235662742356,-1.8103410916147962,0.42187235662742356,0.6949058382620729,-0.30384933974188316
-1.02,2.131617001155865,-0.5916608010957765,-1.810610352667163,0.38484925536809045,-1.810610352667163,0.38484925536809045,0.6975085958265604,-0.27825279033354383
-1.01,2.115966601250576,-0.5302751325590163,-1.808062258365238,0.3458675563947321,-1.808062258365238,0.3458675563947321,0.6980363372539901,-0.2509854794108177
-1.0,2.0949332563694583,-0.46692207022656756,-1.801911101996428,0.3053212858812305,-1.801911101996428,0.3053212858812305,0.6958796641778014,-0.22232932898811458
-0.99,2.0674862663448637,-0.40267350458725915,-1.7914399636956433,0.2639224212765178,-1.7914399636956433,0.2639224212765178,0.6904759821667815,-0.19280794903021148
-0.98,2.032919599836146,-0.339039940392089,-1.7761459389399066,0.22268293770445033,-1.7761459389399066,0.22268293770445033,0.6814189815098481,-0.16317510195676488
-0.97,1.9910490433954209,-0.27783172673068324,-1.7558744358378398,0.18282337682659217,-1.7558744358378398,0.18282337682659217,0.6685608709048417,-0.1343479773853071
-0.96,1.9423326586620562,-0.22092760635630732,-1.7309027376413244,0.14561824422732444,-1.7309027376413244,0.14561824422732444,0.6520774766162195,-0.10729246673556918
-0.95,1.8878709338496718,-0.16999962910420763,-1.701942993167986,0.11221086337110263,-1.701942993167986,0.11221086337110263,0.63247347110364,-0.0828844243775973
-0.94,1.8292765154065984,-0.12626247336078342,-1.670057205451445,0.08344341535681385,-1.670057205451445,0.08344341535681385,0.6105215470765452,-0.061780978101300406
-0.93,1.7684429845263412,-0.09031093808105764,-1.6365034909444498,0.059745348764400644,-1.6365034909444498,0.059745348764400644,0.5871493112484972,-0.044334416811831964
-0.92,1.7072719461664112,-0.06208260091815618,-1.602553176524625,0.04110556237507428,-1.602553176524625,0.04110556237507428,0.5633030601091891,-0.0305682062205008
-0.91,1.647426122205314,-0.040944300784774096,-1.569324279076563,0.027128017336516146,-1.569324279076563,0.027128017336516146,0.5398224323319766,-0.020215572498641164
-0.9,1.590161423360004,-0.025866647864824063,-1.5376672695226319,0.017147131497315306,-1.5376672695226319,0.017147131497315306,0.5173530947940786,-0.012803575754252066
-0.89,1.5362612838268292,-0.015632512902249946,-1.5081191793495745,0.010366812792811979,-1.5081191793495745,0.010366812792811979,0.49631002192147344,-0.0077559724475237835
-0.88,1.486064993456912,-0.009027331199712378,-1.4809208772891929,0.005988037656470179,-1.4809208772891929,0.005988037656470179,0.47688808683143313,-0.004488608634040232
-0.87,1.4395597537631226,-0.004976287869663121,-1.4560774381757302,0.003301319331163996,-1.4560774381757302,0.003301319331163996,0.45910538489077024,-0.0024793689927373134
-0.86,1.3964988483751055,-0.002616422650014562,-1.433436457522629,0.0017357978800033812,-1.433436457522629,0.0017357978800033812,0.442860675733464,-0.0013060935639466194
-0.85,1.3565139329669873,-0.00131119969732048,-1.4127628227303475,0.0008698116247820937,-1.4127628227303475,0.0008698116247820937,0.42798883616978733,-0.0006557248022961853
-0.84,1.3192020911679763,-0.0006259604072751367,-1.393796874244105,0.0004151713073687606,-1.393796874244105,0.0004151713073687606,0.41430437392129327,-0.00031358060126154667
-0.83,1.2841815376013417,-0.00028454542749280443,-1.3762917523427567,0.00018867651318761378,-1.3762917523427567,0.00018867651318761378,0.40162964170128446,-0.00014278198505921044
-0.82,1.2511194022486174,-0.0001231227309188993,-1.3600321435360445,8.161204863369411e-5,-1.3600321435360445,8.161204863369411e-5,0.38980922773470184,-6.188072675917182e-5
-0.81,1.2197395774996804,-5.0699221405671666e-5,-1.3448397119253697,3.359181002150492e-5,-1.3448397119253697,3.359181002150492e-5,0.3787143635170004,-2.5520830283111767e-5
-0.8,1.189819050183342,-1.9864056745391733e-5,-1.3305708194309753,1.3154810623685901e-5,-1.3305708194309753,1.3154810623685901e-5,0.3682414915495996,-1.001435521618825e-5
-0.79,1.1611792924667594,-7.4044173292832e-6,-1.317110918405804,4.900753221278001e-6,-1.317110918405804,4.900753221278001e-6,0.35830826579551056,-3.7384878224274534e-6
-0.78,1.1336768079470103,-2.625675375306229e-6,-1.3043683526413805,1.7367667900528113e-6,-1.3043683526413805,1.7367667900528113e-6,0.348849045828137,-1.3276606938615666e-6
-0.77,1.1071948281145794,-8.857284712608381e-7,-1.2922689025976677,5.854712425994406e-7,-1.2922689025976677,5.854712425994406e-7,0.33981090319353074,-4.4851840590029944e-7
-0.76,1.0816367812350887,-2.842215284854314e-7,-1.2807514945913174,1.8773504198865442e-7,-1.2807514945913174,1.8773504198865442e-7,0.331150470311858,-1.4413314109917066e-7
-0.75,1.0569214493114203,-8.675559946079266e-8,-1.2697650218229402,5.726000555851481e-8,-1.2697650218229402,5.726000555851481e-8,0.32283160416410867,-4.4058095033574775e-8
-0.74,1.0329794707181013,-2.5188702190582558e-8,-1.2592660522096006,1.6611564616479887e-8,-1.2592660522096006,1.6611564616479887e-8,0.31482370318644887,-1.281001166173544e-8
-0.73,1.0097508234670614,-6.955988562104799e-9,-1.2492171821596931,4.583562930752161e-9,-1.2492171821596931,4.583562930752161e-9,0.3071005009325451,-3.5425189980808065e-9
-0.72,0.987182992279727,-1.8269453837414763e-9,-1.2395858402940976,1.2028223770202277e-9,-1.2395858402940976,1.2028223770202277e-9,0.2996391918924771,-9.317131213893734e-10
-0.71,0.9652296059541172,-4.5631565452599445e-10,-1.2303434001740174,3.001705526403882e-10,-1.2303434001740174,3.001705526403882e-10,0.2924197851529318,-2.3303360221223497e-10
-0.7,0.9438494004843017,-1.0837453661598502e-10,-1.2214645067030918,7.122869305889341e-11,-1.2214645067030918,7.122869305889341e-11,0.2854246152729327,-5.542037644048979e-11
-0.69,0.9230054123174376,-2.447080836531685e-11,-1.2129265532156819,1.6069492045597675e-11,-1.2129265532156819,1.6069492045597675e-11,0.2786379637375437,-1.2530577796647225e-11
-0.68,0.902664338344062,-5.252327437701913e-12,-1.2047092675400182,3.446161131806992e-12,-1.2047092675400182,3.446161131806992e-12,0.272045760155622,-2.6930557216772225e-12
-0.67,0.8827960197860135,-1.0713824293312986e-12,-1.1967943788976398,7.023680000692636e-13,-1.1967943788976398,7.023680000692636e-13,0.2656353424478596,-5.500438410156474e-13
-0.66,0.863373020267673,-2.0764144366222607e-13,-1.1891653461488312,1.3601274408294819e-13,-1.1891653461488312,1.3601274408294819e-13,0.25939526168594335,-1.067363615074214e-13
-0.65,0.8443702768777638,-3.822308945958441e-14,-1.1818071335034899,2.5017738641313618e-14,-1.1818071335034899,2.5017738641313618e-14,0.25331512139630463,-1.9672226650668084e-14
-0.64,0.8257648087179265,-6.6806830414413315e-15,-1.17470602355713,4.3693154378324846e-15,-1.17470602355713,4.3693154378324846e-15,0.24738544390428516,-3.442381575928808e-15
-0.63,0.8075354713465478,-1.1081918408339088e-15,-1.1678494600808838,7.242580692443054e-16,-1.1678494600808838,7.242580692443054e-16,0.24159755818755466,-5.716650645072756e-16
-0.62,0.7896627482921785,-1.7438078371118155e-16,-1.1612259148084685,1.1388859600140963e-16,-1.1612259148084685,1.1388859600140963e-16,0.23594350504138176,-9.005115148228146e-17
-0.61,0.7721285728129648,-2.601593488900854e-17,-1.1548247737748076,1.698020993280626e-17,-1.1548247737748076,1.698020993280626e-17,0.23041595632082387,-1.344828561564128e-17
-0.6,0.7549161745570002,-3.677777402353561e-18,-1.1486362397285668,2.399003518092649e-18,-1.1486362397285668,2.399003518092649e-18,0.22500814573351885,-1.9029205895772825e-18
-0.59,0.7380099468886543,-4.923455771797349e-19,-1.1426512478666007,3.2097983379869637e-19,-1.1426512478666007,3.2097983379869637e-19,0.2197138091873565,-2.549661324572153e-19
-0.58,0.7213953314914713,-6.237601626721197e-20,-1.136861392690479,4.064510236734905e-20,-1.136861392690479,4.064510236734905e-20,0.21452713310037635,-3.2327794382831975e-20
-0.57,0.705058717510365,-7.473938654792283e-21,-1.131258864210657,4.867919506119085e-21,-1.131258864210657,4.867919506119085e-21,0.2094427093902549,-3.876347004123389e-21
-0.56,0.6889873530042419,-8.464273142704113e-22,-1.1258363920552774,5.510697894656814e-22,-1.1258363920552774,5.510697894656814e-22,0.2044554961018911,-4.392853534857515e-22
-0.55,0.6731692668806785,-9.054610283691859e-23,-1.1205871963011447,5.892894686460902e-23,-1.1205871963011447,5.892894686460902e-23,0.19956078282102424,-4.7019836616317414e-23
-0.54,0.6575931998023281,-9.143943377779749e-24,-1.1155049440514608,5.949112967744742e-24,-1.1155049440514608,5.949112967744742e-24,0.19475416017192185,-4.7508474271175806e-24
-0.53,0.6422485428096255,-8.71244294749856e-25,-1.1105837109503836,5.666761188956802e-25,-1.1105837109503836,5.666761188956802e-25,0.1900314928172186,-4.528740763772357e-25
-0.52,0.6271252826100766,-7.828264444390788e-26,-1.105817946958027,5.090399402529384e-26,-1.105817946958027,5.090399402529384e-26,0.18538889547454987,-4.070790682335794e-26
-0.51,0.6122139526515187,-6.629875609571074e-27,-1.1012024458179588,4.31019465444898e-27,-1.1012024458179588,4.31019465444898e-27,0.18082271154299315,-3.448834838574541e-27
-0.5,0.5975055892335599,-5.290224098194809e-28,-1.0967323177377477,3.438610920283971e-28,-1.0967323177377477,3.438610920283971e-28,0.17632949399626563,-2.7528018303917653e-28
-0.49,0.5829916920238845,-3.975621303289251e-29,-1.092402964876049,2.583702067793768e-29,-1.092402964876049,2.583702067793768e-29,0.17190598825210868,-2.069293017193712e-29
-0.48,0.5686641884392374,-2.8128718662658397e-30,-1.088210059289852,1.827786867559224e-30,-1.088210059289852,1.827786867559224e-30,0.16754911677064488,-1.4644255249729917e-30
-0.47,0.5545154014283886,-1.8731729424345277e-31,-1.0841495230455964,1.217026991064343e-31,-1.0841495230455964,1.217026991064343e-31,0.16325596517047625,-9.753976493517407e-32
-0.46,0.5405380202591206,-1.1737449200639848e-32,-1.0802175102396465,7.625182988745503e-33,-1.0802175102396465,7.625182988745503e-33,0.15902376968129067,-6.112964832668112e-33
-0.45,0.5267250739656905,-6.918898937586124e-34,-1.0764103907087132,4.494426207219415e-34,-1.0764103907087132,4.494426207219415e-34,0.15484990577691424,-3.603951347466243e-34
-0.44,0.513069907159084,-3.8360147136734014e-35,-1.0727247352403453,2.4916320097058903e-35,-1.0727247352403453,2.4916320097058903e-35,0.15073187785391462,-1.9983740281082977e-35
-0.43,0.4995661579413054,-1.999990197490755e-36,-1.069157302118693,1.2989808705580653e-36,-1.069157302118693,1.2989808705580653e-36,0.14666730983876453,-1.0420079293962141e-36
-0.42,0.48620773769794245,-9.80425197884019e-38,-1.0657050248619382,6.367439257863079e-38,-1.0657050248619382,6.367439257863079e-38,0.14265393662176473,-5.108547403912915e-38
-0.41,0.47298881257153336,-4.518391217289948e-39,-1.0623650010260195,2.9343590363547115e-39,-1.0623650010260195,2.9343590363547115e-39,0.13868959622886676,-2.354511002847306e-39
-0.4,0.4599037864424158,-1.9574365618898616e-40,-1.0591344819647168,1.2711572922352648e-40,-1.0591344819647168,1.2711572922352648e-40,0.13477222265361197,-1.0200782354347714e-40
-0.39,0.44694728526449057,-7.97048423389774e-42,-1.0560108634495877,5.175843521322273e-42,-1.0560108634495877,5.175843521322273e-42,0.13089983928087673,-4.153890780818577e-42
-0.38,0.4341141426213457,-3.050278549341227e-43,-1.0529916770646712,1.9807197745751155e-43,-1.0529916770646712,1.9807197745751155e-43,0.12707055284229762,-1.5897570684987966e-43
-0.37,0.4213993863836065,-1.0970385309501414e-44,-1.0500745823008737,7.123516986502126e-45,-1.0500745823008737,7.123516986502126e-45,0.12328254785029992,-5.717825552829434e-45
-0.36,0.4087982263618752,-3.707712920636149e-46,-1.0472573592835444,2.4075171219251556e-46,-1.0472573592835444,2.4075171219251556e-46,0.11953408146375542,-1.93254759530209e-46
-0.35,0.39630604286133025,-1.1775252377542287e-47,-1.0445379020742291,7.645847298558058e-48,-1.0445379020742291,7.645847298558058e-48,0.11582347874359875,-6.13772070331176e-48
-0.34,0.38391837605424445,-3.513950074082229e-49,-1.0419142124941805,2.281625154553138e-49,-1.0419142124941805,2.281625154553138e-49,0.11214912826135498,-1.8316536100834017e-49
-0.33,0.3716309160956347,-9.852950845806802e-51,-1.0393843944228505,6.397486255989775e-51,-1.0393843944228505,6.397486255989775e-51,0.10850947802754583,-5.135979601441455e-51
-0.32,0.359439493915075,-2.5957862311284394e-52,-1.0369466485296714,1.685416244556793e-52,-1.0369466485296714,1.685416244556793e-52,0.10490303171048644,-1.353111901795592e-52
-0.31,0.3473400726245781,-6.425278497666675e-54,-1.0345992674017843,4.1718256751979847e-54,-1.0345992674017843,4.1718256751979847e-54,0.10132834511905842,-3.349371913837867e-54
-0.3,0.3353287394885376,-1.4942583393506622e-55,-1.0323406310342784,9.70189249442669e-56,-1.0323406310342784,9.70189249442669e-56,0.09778402292577855,-7.789377048478578e-56
-0.29,0.32340169840702826,-3.2648397443778263e-57,-1.0301692026529246,2.119774901861142e-57,-1.0301692026529246,2.119774901861142e-57,0.09426871560886889,-1.7019377564629277e-57
-0.28,0.3115552628685466,-6.701831411214869e-59,-1.0280835248424385,4.351299098792332e-59,-1.0280835248424385,4.351299098792332e-59,0.09078111659414662,-3.4936495972116004e-59
-0.27,0.2997858493324023,-1.292452655795583e-60,-1.026082215955951,8.391469634912696e-61,-1.026082215955951,8.391469634912696e-61,0.0873199595794322,-6.737579709027585e-61
-0.26,0.2880899710047717,-2.34164076949375e-62,-1.0241639667838238,1.5203442217119815e-62,-1.0241639667838238,1.5203442217119815e-62,0.08388401602581569,-1.2207098539404897e-62
-0.25,0.2764642319756252,-3.985713856599153e-64,-1.0223275374620067,2.5877738738543412e-64,-1.0223275374620067,2.5877738738543412e-64,0.08047209280160657,-2.0777857411745265e-64
-0.24,0.264905321686814,-6.373361697530325e-66,-1.0205717546021096,4.1379721114567387e-66,-1.0205717546021096,4.1379721114567387e-66,0.0770830299660879,-3.3225023979366723e-66
-0.23,0.25341000970411753,-9.574245447378618e-68,-1.0188955086269942,6.216165032818891e-68,-1.0188955086269942,6.216165032818891e-68,0.07371569868136559,-4.9911781273625445e-68
-0.22,0.24197514076847193,-1.351174668952447e-69,-1.0172977512972696,8.772606092698963e-70,-1.0172977512972696,8.772606092698963e-70,0.07036899924164315,-7.043872959568966e-70
-0.21,0.23059763010366674,-1.7913777736424855e-71,-1.0157774934154222,1.1630640044790582e-71,-1.0157774934154222,1.1630640044790582e-71,0.06704185921017315,-9.338744243115311e-72
-0.2,0.21927445895969136,-2.2311550679638013e-73,-1.014333802695546,1.44859042461528e-73,-1.014333802695546,1.44859042461528e-73,0.06373323165496782,-1.1631404084322124e-73
-0.19,0.20800267037258596,-2.6105838050014076e-75,-1.012965801787779,1.694934887683556e-75,-1.012965801787779,1.694934887683556e-75,0.060442093475095326,-1.3609461874087907e-75
-0.18,0.19677936512318212,-2.8695216017856848e-77,-1.0116726664475053,1.8630499147713797e-77,-1.0116726664475053,1.8630499147713797e-77,0.05716744381004847,-1.4959380189940116e-77
-0.17,0.18560169787844563,-2.9630856225566167e-79,-1.0104536238403627,1.9237953935865828e-79,-1.0104536238403627,1.9237953935865828e-79,0.05390830252526273,-1.5447171685438075e-79
-0.16,0.17446687350037798,-2.874357547283057e-81,-1.0093079509748775,1.8661872567924397e-81,-1.0093079509748775,1.8661872567924397e-81,0.050663708767412725,-1.4984633812679345e-81
-0.15,0.1633721435085308,-2.6193796768062638e-83,-1.0082349732553166,1.7006411644377622e-83,-1.0082349732553166,1.7006411644377622e-83,0.047432719583563474,-1.3655395606394649e-83
-0.14,0.15231480268312372,-2.2424176617516505e-85,-1.0072340631480379,1.455896788968485e-85,-1.0072340631480379,1.455896788968485e-85,0.04421440859871467,-1.169022192871694e-85
-0.13,0.14129218579670844,-1.8034095438830967e-87,-1.0063046389552779,1.1708690718971874e-87,-1.0063046389552779,1.1708690718971874e-87,0.04100786474663715,-9.40158273095208e-88
-0.12,0.1303016644630586,-1.3624843928244977e-89,-1.0054461636908258,8.84596929322567e-90,-1.0054461636908258,8.84596929322567e-90,0.03781219104925743,-7.102944995894788e-90
-0.11,0.11934064409269048,-9.670025199492869e-92,-1.0046581440526505,6.278291058020233e-92,-1.0046581440526505,6.278291058020233e-92,0.034626503440151654,-5.041209956840563e-92
-0.1,0.10840656094507306,-6.447364441221024e-94,-1.0039401294879764,4.1859692254923677e-94,-1.0039401294879764,4.1859692254923677e-94,0.03144992962798067,-3.361163408759906e-94
-0.09,0.09749687926811823,-4.038267453337014e-96,-1.003291711346806,2.621856282274305e-96,-1.003291711346806,2.621856282274305e-96,0.02828160799595576,-2.1052451865531245e-96
-0.08,0.08660908851607915,-2.376106651470801e-98,-1.0027125221202666,1.5426938280622185e-98,-1.0027125221202666,1.5426938280622185e-98,0.025120686533631566,-1.2387215848480816e-98
-0.07,0.0757407006374107,-1.3133925824328512e-100,-1.002202234760603,8.527238190254596e-101,-1.002202234760603,8.527238190254596e-101,0.02196632179752061,-6.847033983404493e-101
-0.06,0.0648892474245415,-6.819943627722137e-103,-1.0017605620799728,4.427867893437633e-103,-1.0017605620799728,4.427867893437633e-103,0.01881767789719677,-3.55540303893752e-103
-0.05,0.05405227791787181,-3.326782845770024e-105,-1.001387256225574,2.1599234978164197e-105,-1.001387256225574,2.1599234978164197e-105,0.015673925503698737,-1.7343335374461354e-105
-0.04,0.04322735585657414,-1.5244930008055795e-107,-1.0010821082289614,9.897816655993205e-108,-1.0010821082289614,9.897816655993205e-108,0.012534240877177624,-7.947557976936858e-108
-0.03,0.032412057169075977,-6.562716124092977e-110,-1.0008449476277177,4.260863785792204e-110,-1.0008449476277177,4.260863785792204e-110,0.00939780491084358,-3.4213064695471747e-110
-0.02,0.02160396749626333,-2.6539877409484277e-112,-1.0006756421579581,1.7231100369998493e-112,-1.0006756421579581,1.7231100369998493e-112,0.006263802188350149,-1.383589802347903e-112
-0.01,0.010800679740674859,-1.0082569788871249e-114,-1.0005740975164326,6.546141814553304e-115,-1.0005740975164326,6.546141814553304e-115,0.0031314200518505124,-5.256295212592238e-115
0.0,-2.0836493671564051e-7,-3.598411833897959e-117,-1.0005402571912883,2.336169259108834e-117,-1.0005402571912883,2.336169259108834e-117,-1.5232200503054043e-7,-1.8759413297210304e-117
0.01,-0.010801096676201357,-4.0423323139181224e-119,-1.000574102360785,-1.0808485183739669e-119,-1.000574102360785,-1.0808485183739669e-119,-0.0031317248407984693,-2.079920756325353e-119
0.02,-0.02160438504930943,-8.817368117131036e-117,-1.0006756518596178,-5.795603697185181e-117,-1.0006756518596178,-5.795603697185181e-117,-0.0062641074124410836,-4.511352589419434e-117
0.03,-0.03241247575320132,-2.575330928740108e-114,-1.0008449622126443,-1.6927334965309974e-114,-1.0008449622126443,-1.6927334965309974e-114,-0.009398110861277028,-1.3176459460194838e-114
0.04,-0.04322777588815785,-7.066195698275386e-112,-1.0010821277362116,-4.644439639477475e-112,-1.0010821277362116,-4.644439639477475e-112,-0.012534547846814275,-3.6153410268128813e-112
0.05,-0.05405269981726294,-1.8213565323094243e-109,-1.0013872807074466,-1.1971118999950507e-109,-1.0013872807074466,-1.1971118999950507e-109,-0.015674233787732382,-9.318725015806398e-110
0.06,-0.06488967161722668,-4.41022736911109e-107,-1.0017605916022085,-2.898630650349848e-107,-1.0017605916022085,-2.898630650349848e-107,-0.01881798779383938,-2.25642252830114e-107
0.07,-0.075741127555195,-1.0031912091026765e-104,-1.0022022694026238,-6.5933744323378015e-105,-1.0022022694026238,-6.5933744323378015e-105,-0.02196663360869602,-5.132643270009905e-105
0.08,-0.08660951859830944,-2.143696031223691e-102,-1.0027125619754733,-1.4088973430845046e-102,-1.0027125619754733,-1.4088973430845046e-102,-0.02512100056568515,-1.0967773686711642e-102
0.09,-0.0974973129629244,-4.3032786171178396e-100,-1.0032917565229262,-2.828184510311124e-100,-1.0032917565229262,-2.828184510311124e-100,-0.028281924560382064,-2.2016721689516384e-100
0.1,-0.10840699871066338,-8.115074937436775e-98,-1.0039401801074777,-5.3332622564208195e-98,-1.0039401801074777,-5.3332622564208195e-98,-0.031450249042172175,-4.151868871531596e-98
0.11,-0.11934108639868488,-1.4376145142870204e-95,-1.004658200253194,-9.447893539053165e-96,-1.004658200253194,-9.447893539053165e-96,-0.03462682602817132,-7.355148507440002e-96
0.12,-0.13030211179187273,-2.3924851588582406e-93,-1.0054462256258,-1.5722946519938865e-93,-1.0054462256258,-1.5722946519938865e-93,-0.037812517142637975,-1.2240415156393057e-93
0.13,-0.1412926386450015,-3.740356501256254e-91,-1.006304706794374,-2.458045017692553e-91,-1.006304706794374,-2.458045017692553e-91,-0.04100819468521121,-1.9136291862765948e-91
0.14,-0.15231526156330888,-5.493305422926013e-89,-1.007234137077914,-3.6099629084770266e-89,-1.007234137077914,-3.6099629084770266e-89,-0.04421474273148015,-2.8104536093273228e-89
0.15,-0.1633726089503617,-7.578994117637655e-87,-1.0082350534803144,-4.980497573734533e-87,-1.0082350534803144,-4.980497573734533e-87,-0.04743305826958632,-3.8775028343098705e-87
0.16,-0.174467346052612,-9.823054524930616e-85,-1.0093080377178305,-6.455054292343015e-85,-1.0093080377178305,-6.455054292343015e-85,-0.05066405237677169,-5.0255659765684e-85
0.17,-0.18560217811059787,-1.196020987487289e-82,-1.0104537173434618,-7.859308601510665e-83,-1.0104537173434618,-7.859308601510665e-83,-0.05390865144004181,-6.1189243605135425e-83
0.18,-0.19677985362738834,-1.3680073350377943e-80,-1.011672766973272,-8.989306360651181e-81,-1.011672766973272,-8.989306360651181e-81,-0.05716779842537964,-6.998783476450453e-81
0.19,-0.2080031677655558,-1.4699263330489868e-78,-1.0129659096201116,-9.658853097910547e-79,-1.0129659096201116,-9.658853097910547e-79,-0.06044245420026027,-7.520167872350193e-79
0.2,-0.2192749658847976,-1.483748855866224e-76,-1.0143339181408737,-9.749506819983299e-77,-1.0143339181408737,-9.749506819983299e-77,-0.06373359891455545,-7.590845970032965e-77
0.21,-0.23059814723315789,-1.406964371408462e-74,-1.0157776168039527,-9.244802523334216e-75,-1.0157776168039527,-9.244802523334216e-75,-0.06704223344531174,-7.197980714416127e-75
0.22,-0.2419756688058293,-1.2533255875086378e-72,-1.0172978829843573,-8.23513583964159e-73,-1.0172978829843573,-8.23513583964159e-73,-0.07036938091130096,-6.411937175675764e-73
0.23,-0.2534105493865704,-1.0488251279806574e-70,-1.0188956489946221,-6.891318255618654e-71,-1.0188956489946221,-6.891318255618654e-71,-0.07371608826373298,-5.365697463451397e-71
0.24,-0.2649058737880237,-8.2451953190132e-69,-1.020571904060498,-5.417420915880122e-69,-1.020571904060498,-5.417420915880122e-69,-0.07708342796004823,-4.218147478303636e-69
0.25,-0.2764647973085604,-6.089166796832685e-67,-1.022327696451372,-4.000755088233027e-67,-1.022327696451372,-4.000755088233027e-67,-0.08047249972830005,-3.115131307850602e-67
0.26,-0.28809055042477866,-4.224490023780824e-65,-1.0241641357762743,-2.775561866697622e-65,-1.0241641357762743,-2.775561866697622e-65,-0.0838844324303073,-2.1611773429683035e-65
0.27,-0.29978644374051133,-2.753282142569247e-63,-1.0260823954575544,-1.8089224294273784e-63,-1.0260823954575544,-1.8089224294273784e-63,-0.08732038603249327,-1.408524520046672e-63
0.28,-0.3115558732150071,-1.685729025141036e-61,-1.0280837153954563,-1.1075151620209828e-61,-1.0280837153954563,-1.1075151620209828e-61,-0.09078155369415772,-8.623805879720275e-62
0.29,-0.3234023256951229,-9.695855691529665e-60,-1.0301694048382497,-6.370020813220403e-60,-1.0301694048382497,-6.370020813220403e-60,-0.0942691639838558,-4.960149767425773e-60
0.3,-0.33532938477866864,-5.2389794424727466e-58,-1.0323408454740688,-3.4418688243037186e-58,-1.0323408454740688,-3.4418688243037186e-58,-0.09778448323559254,-2.680110453444932e-58
0.31,-0.34734073703868856,-2.6593188299481277e-56,-1.0345994947623278,-1.7470731146551784e-56,-1.0345994947623278,-1.7470731146551784e-56,-0.10132881805771257,-1.3604220265513758e-56
0.32,-0.3594401786413933,-1.2681144526892831e-54,-1.0369468895244873,-8.330907997150808e-55,-1.0369468895244873,-8.330907997150808e-55,-0.10490351800866549,-6.487222951962138e-55
0.33,-0.37163162239381115,-5.68083529054599e-53,-1.0393846498160684,-3.731981548802666e-53,-1.0393846498160684,-3.731981548802666e-53,-0.10850997845529667,-2.906093279975639e-53
0.34,-0.3839191052608835,-2.3907450254796617e-51,-1.0419144831041953,-1.5705587137021244e-51,-1.0419144831041953,-1.5705587137021244e-51,-0.1121496436309817,-1.2230027217941275e-51
0.35,-0.39630679639597677,-9.451996327725924e-50,-1.0445381887776801,-6.20923852898892e-50,-1.0445381887776801,-6.20923852898892e-50,-0.1158240099127733,-4.83519858423286e-50
0.36,-0.4087990057334792,-3.510631837556227e-48,-1.0472576630196304,-2.306185677183942e-48,-1.0472576630196304,-2.306185677183942e-48,-0.1195346293388655,-1.7958597990680068e-48
0.37,-0.42140019319752314,-1.2249577925667504e-46,-1.0500749040760493,-8.046826589024243e-47,-1.0500749040760493,-8.046826589024243e-47,-0.12328311339005565,-6.266201491713529e-47
0.38,-0.4341149785869067,-4.015449411570553e-45,-1.0529920179577386,-2.637743840614665e-45,-1.0529920179577386,-2.637743840614665e-45,-0.1270711370616114,-2.0540601016671965e-45
0.39,-0.44694815220320894,-1.2365965728209747e-43,-1.0560112246172388,-8.123102108779334e-44,-1.0560112246172388,-8.123102108779334e-44,-0.13090044325505001,-6.325609700564068e-44
0.4,-0.4599046862968709,-3.577725836481806e-42,-1.0591348646475602,-2.350157116149886e-42,-1.0591348646475602,-2.350157116149886e-42,-0.13477284752284457,-1.8301062872814973e-42
0.41,-0.47298974741499966,-9.724701173918228e-41,-1.0623654065551205,-6.387967704607012e-41,-1.0623654065551205,-6.387967704607012e-41,-0.13869024320312034,-4.974390522021528e-41
0.42,-0.486208709744832,-2.4833709725435356e-39,-1.065705454665953,-1.6312683057504298e-39,-1.065705454665953,-1.6312683057504298e-39,-0.1426546069860074,-1.2702784335478112e-39
0.43,-0.4995671695584887,-5.958130973242746e-38,-1.069157757731604,-3.9137407896217373e-38,-1.069157757731604,-3.9137407896217373e-38,-0.1466680049586256,-3.047616541172155e-38
0.44,-0.5130709608781584,-1.343042657475328e-36,-1.0727252183098899,-8.822080927277616e-37,-1.0727252183098899,-8.822080927277616e-37,-0.15073259918178183,-6.869610895651398e-37
0.45,-0.5267261724962861,-2.844399049428635e-35,-1.0764109030055375,-1.8684097962026732e-35,-1.0764109030055375,-1.8684097962026732e-35,-0.15485065485850608,-1.454868883736786e-35
0.46,-0.5405391665033223,-5.66009241002325e-34,-1.0802180536672679,-3.7179783808647708e-34,-1.0802180536672679,-3.7179783808647708e-34,-0.15902454816273603,-2.8949869202736213e-34
0.47,-0.5545165984963564,-1.0582836521076202e-32,-1.0841500996512203,-6.951663038619945e-33,-1.0841500996512203,-6.951663038619945e-33,-0.16325677480593434,-5.412693787437986e-33
0.48,-0.5686654396661204,-1.8592672149076744e-31,-1.0882106712761246,-1.2213314131714854e-31,-1.0882106712761246,-1.2213314131714854e-31,-0.16754995943049847,-9.509107192990063e-32
0.49,-0.5829930009881041,-3.0694528634833203e-30,-1.0924036146138107,-2.0163218623485587e-30,-1.0924036146138107,-2.0163218623485587e-30,-0.17190686593176144,-1.5697967684756084e-30
0.5,-0.5975069597765609,-4.7619075974141656e-29,-1.096733007779857,-3.128163417647252e-29,-1.096733007779857,-3.128163417647252e-29,-0.17633040882556797,-2.4352613197847937e-29
0.51,-0.6122153888990597,-6.942675139840063e-28,-1.1012031789142551,-4.560869658599387e-28,-1.1012031789142551,-4.560869658599387e-28,-0.18082366579631617,-3.5503469437153974e-28
0.52,-0.6271267889951205,-9.513227540858726e-27,-1.1058187260714936,-6.24977286209954e-27,-1.1058187260714936,-6.24977286209954e-27,-0.18538989158151709,-4.8646085000455776e-27
0.53,-0.6422501240968789,-1.2252317848383845e-25,-1.110584539274558,-8.049590590236204e-26,-1.110584539274558,-8.049590590236204e-26,-0.190032533374088,-6.264847128277625e-26
0.54,-0.657594861114425,-1.4833299882024233e-24,-1.1155058250291447,-9.745781913650453e-25,-1.1155058250291447,-9.745781913650453e-25,-0.19475524795358895,-7.583989406516024e-25
0.55,-0.6731710137259888,-1.6882345093157546e-23,-1.1205881336443844,-1.109276571321582e-23,-1.1205881336443844,-1.109276571321582e-23,-0.19956192079358645,-8.630882135720114e-24
0.56,-0.6889891913061572,-1.8065792274652554e-22,-1.125837389766608,-1.187128353521233e-22,-1.125837389766608,-1.187128353521233e-22,-0.2044566874356661,-9.234976378251518e-23
0.57,-0.7050606536378743,-1.81791153418273e-21,-1.1312599266055068,-1.19468437751104e-21,-1.1312599266055068,-1.19468437751104e-21,-0.209443957473081,-9.291820133099078e-22
0.58,-0.7213973722906144,-1.7204887353882355e-20,-1.1368625244205275,-1.1307823556111532e-20,-1.1368625244205275,-1.1307823556111532e-20,-0.21452844155094708,-8.792673481290978e-21
0.59,-0.7380120997142745,-1.5317114041649424e-19,-1.1426524539437939,-1.0068359840168619e-19,-1.1426524539437939,-1.0068359840168619e-19,-0.21971518186818445,-7.82668133056269e-20
0.6,-0.7549184473038989,-1.283047695671978e-18,-1.1486375255492518,-8.435055476844264e-19,-1.1486375255492518,-8.435055476844264e-19,-0.22500958676299745,-6.55487209498474e-19
0.61,-0.7721309739450744,-1.0114802754407103e-17,-1.1548261451432362,-6.6508270245465865e-18,-1.1548261451432362,-6.6508270245465865e-18,-0.23041747008356256,-5.166389168123257e-18
0.62,-0.789665286867793,-7.506600749803234e-17,-1.161227377958467,-4.9367981035099007e-17,-1.161227377958467,-4.9367981035099007e-17,-0.23594509619566587,-3.833250096982452e-17
0.63,-0.8075381570366869,-5.246124583364939e-16,-1.1678510216939546,-3.450930117217386e-16,-1.1678510216939546,-3.450930117217386e-16,-0.2415992316682825,-2.678185178544079e-16
0.64,-0.8257676518135828,-3.4538049076758988e-15,-1.1747076907744012,-2.2724980403171695e-15,-1.1747076907744012,-2.2724980403171695e-15,-0.2473872049189936,-1.7626255301935644e-15
0.65,-0.8443732882797971,-2.1428532393421145e-14,-1.1818089139276657,-1.4103268028631113e-14,-1.1818089139276657,-1.4103268028631113e-14,-0.253316975410858,-1.0931883941151234e-14
0.66,-0.8633762114501375,-1.2534615254753417e-13,-1.1891672478304425,-8.2522826184135e-14,-1.1891672478304425,-8.2522826184135e-14,-0.2593972143948611,-6.391929538230222e-14
0.67,-0.8827994027191467,-6.916057044277258e-13,-1.196796410296963,-4.554827958330779e-13,-1.196796410296963,-4.554827958330779e-13,-0.26563739972184214,-3.5251208457825573e-13
0.68,-0.9026679253558652,-3.6012673107621147e-12,-1.2047114374514183,-2.3726506219957187e-12,-1.2047114374514183,-2.3726506219957187e-12,-0.27204792795502347,-1.8345921205509422e-12
0.69,-0.9230092158610773,-1.7706583937885665e-11,-1.2129288706336097,-1.1670586025256831e-11,-1.2129288706336097,-1.1670586025256831e-11,-0.2786402479743733,-9.014887448165152e-12
0.7,-0.9438534327588091,-8.225085573655663e-11,-1.2214669805963139,-5.423647353923527e-11,-1.2214669805963139,-5.423647353923527e-11,-0.2854270215936728,-4.1848380971796946e-11
0.71,-0.9652338782926567,-3.6117883001332283e-10,-1.230346039113215,-2.3827521334280223e-10,-1.230346039113215,-2.3827521334280223e-10,-0.2924223185971232,-1.836300248487328e-10
0.72,-0.9871875141638548,-1.5001418901285156e-9,-1.2395886518420138,-9.901593161539537e-10,-1.2395886518420138,-9.901593161539537e-10,-0.2996418563530311,-7.620912202973067e-10
0.73,-1.00975560093653,-5.89684474636287e-9,-1.2492201718755587,-3.894186990744017e-9,-1.2492201718755587,-3.894186990744017e-9,-0.30710329829753924,-2.993075345710538e-9
0.74,-1.0329845038182761,-2.1949559163347468e-8,-1.2592692220372859,-1.4502823973485853e-8,-1.2592692220372859,-1.4502823973485853e-8,-0.3148266319760245,-1.1130579419004157e-8
0.75,-1.0569267280763217,-7.740698653775103e-8,-1.2697683675396922,-5.117272470945998e-8,-1.2697683675396922,-5.117272470945998e-8,-0.32283465740130984,-3.921369614103079e-8
0.76,-1.081642279641407,-2.5875995817864595e-7,-1.2807550019552956,-1.7115331638827962e-7,-1.2807550019552956,-1.7115331638827962e-7,-0.3311536323331779,-1.3094628704296352e-7
0.77,-1.107200495713601,-8.203023362619913e-7,-1.2922725420135044,-5.428582497659833e-7,-1.2922725420135044,-5.428582497659833e-7,-0.3398141452435911,-4.1465098320831636e-7
0.78,-1.1336825599838367,-2.4671270610345533e-6,-1.3043720728887545,-1.6334983975718162e-6,-1.3043720728887545,-1.6334983975718162e-6,-0.34885232084819484,-1.2456274559799415e-6
0.79,-1.1611850019723575,-7.0423257636311995e-6,-1.3171146417314654,-4.66492440776132e-6,-1.3171146417314654,-4.66492440776132e-6,-0.35831150418823443,-3.551212649093168e-6
0.8,-1.1898245504898008,-1.9085519196235146e-5,-1.3305744435539772,-1.2647849687523392e-5,-1.3305744435539772,-1.2647849687523392e-5,-0.368244602249484,-9.611796941138173e-6
0.81,-1.2197446907665053,-4.912553969206109e-5,-1.3448431291614884,-3.2567445713130664e-5,-1.3448431291614884,-3.2567445713130664e-5,-0.3787172483604503,-2.4707193773097214e-5
0.82,-1.2511240165229993,-0.00012013835572042246,-1.3600352917328136,-7.967055357501447e-5,-1.3600352917328136,-7.967055357501447e-5,-0.3898118207007219,-6.0337464104038575e-5
0.83,-1.2841857554430869,-0.00027925044906726627,-1.3762947125210891,-0.00018523489588191382,-1.3762947125210891,-0.00018523489588191382,-0.4016319849259123,-0.00014004244589508016
0.84,-1.3192064565684494,-0.000617206320819137,-1.3938000189367767,-0.0004094887085035249,-1.3938000189367767,-0.0004094887085035249,-0.41430673422083597,-0.00030904667845125204
0.85,-1.3565196988822792,-0.0012977921429912463,-1.4127669896112025,-0.0008611246187998242,-1.4127669896112025,-0.0008611246187998242,-0.42799184344189284,-0.0006487681897613599
0.86,-1.3965081710023954,-0.0025975696738155794,-1.4334430727766685,-0.0017236163697524594,-1.4334430727766685,-0.0017236163697524594,-0.4428654262268153,-0.001296281878626161
0.87,-1.439575608204983,-0.004952305012128847,-1.4560884543366304,-0.003285888562987752,-1.4560884543366304,-0.003285888562987752,-0.4591134063124597,-0.0024668235113832543
0.88,-1.486090545410828,-0.00900046012387237,-1.4809383521943613,-0.005970869219925121,-1.4809383521943613,-0.005970869219925121,-0.4769010321166101,-0.0044744233166802
0.89,-1.5362984977614884,-0.01560747665623851,-1.508144355751688,-0.010351033557041943,-1.508144355751688,-0.010351033557041943,-0.496328981259984,-0.007742507907337541
0.9,-1.5902089173514997,-0.02585032022792397,-1.5376991699822506,-0.017137239735055498,-1.5376991699822506,-0.017137239735055498,-0.5173775293653613,-0.01279432088541954
0.91,-1.6474767313234866,-0.04094374261914193,-1.5693581317730012,-0.027128559136867143,-1.5693581317730012,-0.027128559136867143,-0.5398489553662259,-0.02021420687508967
0.92,-1.7073110786690346,-0.06210088935478089,-1.6025793975310096,-0.04111836596775332,-1.6025793975310096,-0.04111836596775332,-0.5633245934191408,-0.03057658389352606
0.93,-1.7684494710277958,-0.0903408495601345,-1.6365083456762144,-0.05976538671529172,-1.6365083456762144,-0.05976538671529172,-0.5871554390242522,-0.04434950361493382
0.94,-1.8292279487485599,-0.12627925393194595,-1.6700264458633942,-0.08345414802445772,-1.6700264458633942,-0.08345414802445772,-0.6105010220466183,-0.061791339394929756
0.95,-1.8877550582027567,-0.16995568260365992,-1.701869441006924,-0.11218096559736054,-1.701869441006924,-0.11218096559736054,-0.6324196053069401,-0.08286761587788019
0.96,-1.9421647554229222,-0.22075353979638537,-1.7307976797637825,-0.1455026430505483,-1.7307976797637825,-0.1455026430505483,-0.6519963751648955,-0.1072154252678724
0.97,-1.9908922292755207,-0.2774490006225383,-1.7557806747244118,-0.18257198481792636,-1.7557806747244118,-0.18257198481792636,-0.6684810418042596,-0.13417286074295137
0.98,-2.0329007882077805,-0.3383891992302692,-1.7761476282512174,-0.22225958344839483,-1.7761476282512174,-0.22225958344839483,-0.6813989292342385,-0.16287244972192427
0.99,-2.0677965007357337,-0.4017583056648741,-1.791661819105049,-0.26333350265074495,-1.791661819105049,-0.26333350265074495,-0.690604556795229,-0.1923769957371633
1.0,-2.0957996317797303,-0.46585976117394123,-1.802498818911618,-0.30464839983235725,-1.802498818911618,-0.30464839983235725,-0.696263301941714,-0.22182163134117483
1.01,-2.1175871628593437,-0.5293365095128825,-1.8091389884755453,-0.345291845645075,-1.8091389884755453,-0.345291845645075,-0.698769293629327,-0.2505234157647853
1.02,-2.13406213929675,-0.5912720526396149,-1.8122122585038765,-0.38465024007920046,-1.8122122585038765,-0.38465024007920046,-0.6986278360580366,-0.27803085142419015
1.03,-2.146127905572091,-0.6511563902171366,-1.812347546944219,-0.4223846997797411,-1.812347546944219,-0.4223846997797411,-0.6963409630380286,-0.3041063081195579
1.04,-2.1545403080134036,-0.7087478858798248,-1.8100750406749408,-0.4583386381857646,-1.8100750406749408,-0.4583386381857646,-0.6923315467646469,-0.32865716027616826
1.05,-2.159879911164952,-0.7638986007118462,-1.8058081796183238,-0.49242251323349484,-1.8058081796183238,-0.49242251323349484,-0.6869258548545332,-0.3516485668454529
1.06,-2.162638780626169,-0.8164236015146492,-1.799900356557291,-0.5245288284955691,-1.799900356557291,-0.5245288284955691,-0.6803916398878322,-0.37303631699156353
1.07,-2.163367750599406,-0.8660776232650036,-1.7927395841021605,-0.5545180242726788,-1.7927395841021605,-0.5545180242726788,-0.6730062183825025,-0.3927494968636763
1.08,-2.162798200797253,-0.912657428040233,-1.7848245150321864,-0.5822854763885964,-1.7848245150321864,-0.5822854763885964,-0.6651147136852471,-0.4107315385988752
1.09,-2.161853263839914,-0.9561878791311855,-1.7767673627118084,-0.607880358466488,-1.7767673627118084,-0.607880358466488,-0.6571395605754018,-0.4270206855440209
1.1,-2.161504734105715,-0.9970968173273598,-1.7691976399308953,-0.631613753888004,-1.7691976399308953,-0.631613753888004,-0.649521334087341,-0.44182732900960775
1.11,-2.162505575847327,-1.036265673898387,-1.7625889155726906,-0.6540836601165141,-1.7625889155726906,-0.6540836601165141,-0.6426038216680979,-0.45555792563744935
1.12,-2.16510606704913,-1.0748796315621658,-1.7570802931898615,-0.6760705687792522,-1.7570802931898615,-0.6760705687792522,-0.6365105719257016,-0.4687516841867502
1.13,-2.1689029884469915,-1.114090976064471,-1.7523884715915166,-0.6983164133343374,-1.7523884715915166,-0.6983164133343374,-0.6310780668560277,-0.4819355060651145
1.14,-2.172939846336149,-1.1546180830660648,-1.7478829656711614,-0.7212688174217984,-1.7478829656711614,-0.7212688174217984,-0.6258969866689248,-0.495449796599854
1.15,-2.176066828298926,-1.1964714891224084,-1.74282492930748,-0.7449138566991903,-1.74282492930748,-0.7449138566991903,-0.6204660154092505,-0.5093275272260642
1.16,-2.1774248898855273,-1.2389727528064467,-1.7366781731439422,-0.7688000560369752,-1.7366781731439422,-0.7688000560369752,-0.6144008190440338,-0.5232981275246972
1.17,-2.1768197525789326,-1.2810998131697744,-1.7293413838733782,-0.792269116823762,-1.7293413838733782,-0.792269116823762,-0.6075984841911791,-0.5369318153433482
1.18,-2.174774165905936,-1.3220107050620302,-1.7211698368301491,-0.8147931403472274,-1.7211698368301491,-0.8147931403472274,-0.6002666174241585,-0.5498628011635387
1.19,-2.1722045920551025,-1.3614724483978942,-1.7127589821750224,-0.8362423440628252,-1.7127589821750224,-0.8362423440628252,-0.5927923169990709,-0.5619762991348467
1.2,-2.1698853137319416,-1.39994775898931,-1.7045999902660314,-0.8569292967484069,-1.7045999902660314,-0.8569292967484069,-0.5855174719602322,-0.5734538995943305
1.21,-2.1680049545607614,-1.4382778268829293,-1.696803174736135,-0.8773975316550351,-1.696803174736135,-0.8773975316550351,-0.5785474485085121,-0.584648535738478
1.22,-2.166082188449013,-1.4771430987696235,-1.689054904508765,-0.8980765425077697,-1.689054904508765,-0.8980765425077697,-0.5717061308221759,-0.5958619966897931
1.23,-2.1632952295268097,-1.5166287318480416,-1.680835277303965,-0.919012022554253,-1.680835277303965,-0.919012022554253,-0.5646635619600593,-0.6071596220760062
1.24,-2.159022467873672,-1.5561626452956268,-1.6717619911107684,-0.9398368165795068,-1.6717619911107684,-0.9398368165795068,-0.5571558818253267,-0.618334829049519
1.25,-2.1532590976159933,-1.5948617891242567,-1.6618473330266492,-0.9599977459019444,-1.6618473330266492,-0.9599977459019444,-0.549160800983449,-0.6290420260861063
1.26,-2.1466568107637194,-1.6320676602806001,-1.6515131490881696,-0.9790943031300728,-1.6515131490881696,-0.9790943031300728,-0.5409230687238801,-0.639011794366607
1.27,-2.140174130216054,-1.6677428170768076,-1.641363112336409,-0.9971217417635305,-1.641363112336409,-0.9971217417635305,-0.5328210685710499,-0.6482156232251094
1.28,-2.1345616420860627,-1.7025015392339358,-1.6318585488237112,-1.0144804982517108,-1.6318585488237112,-1.0144804982517108,-0.5251622418546029,-0.6568863309561908
1.29,-2.1299883505784165,-1.7372816745468245,-1.6230902925203705,-1.0317630529101913,-1.6230902925203705,-1.0317630529101913,-0.5180300320665833,-0.6653936400931783
1.3,-2.126004797002479,-1.7728728097521238,-1.6147647205045994,-1.0494575818470082,-1.6147647205045994,-1.0494575818470082,-0.5112625340859098,-0.6740585403807692
1.31,-2.121824610255322,-1.809573066891071,-1.6063865563757538,-1.0677386668090094,-1.6063865563757538,-1.0677386668090094,-0.5045583481121535,-0.6830145130864699
1.32,-2.1167312885041105,-1.8471381501207973,-1.5975140442033153,-1.0864432663719783,-1.5975140442033153,-1.0864432663719783,-0.49763511324600374,-0.692182036712606
1.33,-2.1103792423877765,-1.8850006972399838,-1.5879426933556526,-1.105213348478763,-1.5879426933556526,-1.105213348478763,-0.49034989330131906,-0.7013500753708044
1.34,-2.102857090571522,-1.922596996453386,-1.5777386050529312,-1.123700811231457,-1.5777386050529312,-1.123700811231457,-0.48272815546989495,-0.710302239400726
1.35,-2.0945341655714462,-1.9596158654711793,-1.5671381627109695,-1.1417196312510975,-1.5671381627109695,-1.1417196312510975,-0.4749075329219159,-0.7189152007572024
1.36,-2.085817565111898,-1.996069425168949,-1.5563955125582936,-1.1592851916064764,-1.5563955125582936,-1.1592851916064764,-0.46704492009096266,-0.7271889031151925
1.37,-2.076955667081205,-2.0322017010938507,-1.5456624894894602,-1.1765535103612408,-1.5456624894894602,-1.1765535103612408,-0.45924020255992576,-0.7352134477864737
1.38,-2.067958905941661,-2.068320693017769,-1.534943430809262,-1.1937157269313003,-1.534943430809262,-1.1937157269313003,-0.45150503620081517,-0.7431059035465731
1.39,-2.058635979308847,-2.1046399672482465,-1.5241211092830569,-1.2109019238724459,-1.5241211092830569,-1.2109019238724459,-0.4437757045345599,-0.7509511330745113
1.4,-2.048708002779824,-2.14118261077253,-1.5130280101953477,-1.2281255411919463,-1.5130280101953477,-1.2281255411919463,-0.4359541962269839,-0.7587664731868419
1.41,-2.0379543814642127,-2.177775329589914,-1.5015338088628825,-1.245282384949921,-1.5015338088628825,-1.245282384949921,-0.42795977485376935,-0.7664984179192077
1.42,-2.0263311665443724,-2.2141416215791487,-1.4896149472561118,-1.2622073002472867,-1.4896149472561118,-1.2622073002472867,-0.4197716982869644,-0.7740531298268952
1.43,-2.0139916637794153,-2.2500599618342405,-1.477366563290113,-1.2787684449358223,-1.477366563290113,-1.2787684449358223,-0.4114402632541074,-0.7813507190297606
1.44,-2.001175455868461,-2.2854922092949463,-1.4649367466352954,-1.2949445650199218,-1.4649367466352954,-1.2949445650199218,-0.4030524253026403,-0.7883733861247143
1.45,-1.9880285949481726,-2.320575508538175,-1.4524184423474302,-1.310822014717051,-1.4524184423474302,-1.310822014717051,-0.39466877721421745,-0.7951695171138669
1.46,-1.9745001116116656,-2.3554618812298442,-1.4397845314467466,-1.3264995142325586,-1.4397845314467466,-1.3264995142325586,-0.38628034191221106,-0.8018019486129746
1.47,-1.9604239392549805,-2.3901314638194164,-1.4269339978340378,-1.341973400913241,-1.4269339978340378,-1.341973400913241,-0.3778287832238965,-0.8082784708791927
1.48,-1.9457361693719135,-2.424357906011666,-1.4138234998379138,-1.3571121400198498,-1.4138234998379138,-1.3571121400198498,-0.36928162293161254,-0.8145294396865154
1.49,-1.9306344558497632,-2.4578849408074452,-1.400568526396655,-1.3717612395015824,-1.400568526396655,-1.3717612395015824,-0.3606970716009297,-0.8204635497641397
1.5,-1.915516155890355,-2.4906729969823207,-1.3874097079519159,-1.3858966177123841,-1.3874097079519159,-1.3858966177123841,-0.35221203810257473,-0.8260595874816257
1.51,-1.9007302882951196,-2.5229919566539643,-1.3745593773083247,-1.3996862700866917,-1.3745593773083247,-1.3996862700866917,-0.34395425874424984,-0.8314100007569688
1.52,-1.886358819166863,-2.555269577098579,-1.3620613130434098,-1.413396696288261,-1.3620613130434098,-1.413396696288261,-0.335954718290542,-0.8366708965658823
1.53,-1.8722197872021722,-2.587834329907756,-1.3497909714225063,-1.4272269135160631,-1.3497909714225063,-1.4272269135160631,-0.3281416668894794,-0.8419619288446529
1.54,-1.858073324322286,-2.6207899760817766,-1.3375909753065642,-1.441224941626569,-1.3375909753065642,-1.441224941626569,-0.32042052939340265,-0.8473109046841215
1.55,-1.843818266904852,-2.654128055758578,-1.3254041992103378,-1.4553630253737915,-1.3254041992103378,-1.4553630253737915,-0.31275815184568573,-0.8526961289689244
1.56,-1.8294785733117114,-2.6879528395926138,-1.3132658908426929,-1.469691623422352,-1.3132658908426929,-1.469691623422352,-0.3051821844359841,-0.8581418568496333
1.57,-1.8149779602335223,-2.7225813762598094,-1.3011501523360334,-1.4844087553443321,-1.3011501523360334,-1.4844087553443321,-0.29768806621390065,-0.8637644224931811
1.58,-1.7999001504270273,-2.758382776538161,-1.2888092115768939,-1.4997495109672023,-1.2888092115768939,-1.4997495109672023,-0.2901395925353253,-0.8697066982681585
1.59,-1.7834653274812617,-2.7954349059254064,-1.275767400883176,-1.515757096041302,-1.275767400883176,-1.515757096041302,-0.2822657384370937,-0.8759999620468206
1.6,-1.764812946461537,-2.833231138122942,-1.2615198149292104,-1.532106630100078,-1.2615198149292104,-1.532106630100078,-0.27378156124993874,-0.882462718178766
1.61,-1.7434786152549133,-2.8706717944049482,-1.245832719531488,-1.5481335479625509,-1.245832719531488,-1.5481335479625509,-0.26456148195438606,-0.8887265112474744
1.62,-1.7198027008111525,-2.9064380344243537,-1.2289583542559914,-1.5630931996677593,-1.2289583542559914,-1.5630931996677593,-0.2547491074303354,-0.8943907362456311
1.63,-1.6949794337688284,-2.939629235877267,-1.211607080407493,-1.5765315772450703,-1.211607080407493,-1.5765315772450703,-0.24472479356401047,-0.8992217364128626
1.64,-1.6705929952629148,-2.970329971893354,-1.1946450468882865,-1.588558080928084,-1.1946450468882865,-1.588558080928084,-0.23493651093300075,-0.9032805480791946
1.65,-1.647790822992007,-2.999694451609547,-1.1786507980784624,-1.5998293276648,-1.1786507980784624,-1.5998293276648,-0.2256794758043884,-0.9068981362203918
1.66,-1.6265768197647688,-3.0293410812025603,-1.1635894021072237,-1.611195343444409,-1.1635894021072237,-1.611195343444409,-0.21694829172229163,-0.9104964745813467
1.67,-1.6057881371773768,-3.0603241958318463,-1.148850030419602,-1.6231822377930631,-1.148850030419602,-1.6231822377930631,-0.20846102679434708,-0.9143461847515268
1.68,-1.5839381088055409,-3.092390219718362,-1.1336890553845074,-1.6356549388633455,-1.1336890553845074,-1.6356549388633455,-0.19986302782111198,-0.9184109330342474
1.69,-1.5604181299446824,-3.124191718774422,-1.1178114961035999,-1.647952425237081,-1.1178114961035999,-1.647952425237081,-0.19099269578371056,-0.9224018304034265
1.7,-1.5360978745002614,-3.154468300691827,-1.101641348464997,-1.6594700229908907,-1.101641348464997,-1.6594700229908907,-0.18201546909998384,-0.9260338106884273
1.71,-1.5126678965583633,-3.1833321923599573,-1.085990914593487,-1.6702715761094358,-1.085990914593487,-1.6702715761094358,-0.173292758425114,-0.92930879001622
1.72,-1.4910704009800086,-3.2124965607304996,-1.071305526444111,-1.6811896630217182,-1.071305526444111,-1.6811896630217182,-0.1650478313536829,-0.9325846594641011
1.73,-1.4702919968184474,-3.244002161330845,-1.0570867110866138,-1.6932114237439115,-1.0570867110866138,-1.6932114237439115,-0.15708646623474937,-0.9363209364319873
1.74,-1.447741429438839,-3.278302593557136,-1.0420720023640562,-1.7065577096466227,-1.0420720023640562,-1.7065577096466227,-0.14884344156020005,-0.940659204581493
1.75,-1.4212274843697346,-3.3133597467347156,-1.0251843531541533,-1.7202397559585556,-1.0251843531541533,-1.7202397559585556,-0.1397929349903652,-0.9451866871912833
1.76,-1.3910718999427574,-3.3458264744868904,-1.0065603205699445,-1.732616492517911,-1.0065603205699445,-1.732616492517911,-0.12993624500256104,-0.9491471037484946
1.77,-1.360456250277917,-3.373711721097282,-0.9877425305170806,-1.7426816142327632,-0.9877425305170806,-1.7426816142327632,-0.11994288318153523,-0.9520179375616218
1.78,-1.3333042996810234,-3.3984633681701273,-0.9706767216716388,-1.7510990700721907,-0.9706767216716388,-1.7510990700721907,-0.11073692827066459,-0.9540265239592618
1.79,-1.3110470643752983,-3.424518060874278,-0.9561328720810107,-1.7600303467864078,-0.9561328720810107,-1.7600303467864078,-0.10276523022295728,-0.956140724985837
1.8,-1.290834048744536,-3.4562103334771765,-0.9427828453071203,-1.7716596777864215,-0.9427828453071203,-1.7716596777864215,-0.0955056390336114,-0.9594320642241356
1.81,-1.2669585157948997,-3.4941631508309907,-0.9278260298718339,-1.7864078057485027,-0.9278260298718339,-1.7864078057485027,-0.08767220258159518,-0.9642214731046418
1.82,-1.2348584399702847,-3.534047018342978,-0.9089138241272797,-1.802240700651104,-0.9089138241272797,-1.802240700651104,-0.07807311189280339,-0.9696662224148398
1.83,-1.1948543601284505,-3.5690674771447783,-0.8860327964334512,-1.8157933803658683,-0.8860327964334512,-1.8157933803658683,-0.06654099554258651,-0.9741879573615626
1.84,-1.152630436850679,-3.5947183827185754,-0.8618654398850838,-1.824675807533554,-0.8618654398850838,-1.824675807533554,-0.05421936964033495,-0.9765270165165097
1.85,-1.1156931709783764,-3.6123781491679847,-0.8401684008347129,-1.8293294722924704,-0.8401684008347129,-1.8293294722924704,-0.042905608389282826,-0.9766940696903308
1.86,-1.0880936457803494,-3.6288745746485955,-0.8231877967431266,-1.8329834724347844,-0.8231877967431266,-1.8329834724347844,-0.03384225936498987,-0.9760922567010071
1.87,-1.0672391672222912,-3.6519757785477713,-0.8099521561259442,-1.8395714403656613,-0.8099521561259442,-1.8395714403656613,-0.026800292717175968,-0.9766418324790985
1.88,-1.0453434358472151,-3.6848477246678497,-0.79676911197233,-1.850985752169681,-0.79676911197233,-1.850985752169681,-0.020148044147584518,-0.9794670698556386
1.89,-1.0147695642744696,-3.7235071748806896,-0.7797120932797433,-1.8656278208971335,-0.7797120932797433,-1.8656278208971335,-0.011924733933565536,-0.9840648270760491
1.9,-0.973587760331673,-3.7593292247920296,-0.7574159418990011,-1.879380611370473,-0.7574159418990011,-1.879380611370473,-0.0012105921027771136,-0.9885806752111302
1.91,-0.9273078142588521,-3.785071494008739,-0.7321901101839631,-1.888435063577302,-0.7321901101839631,-1.888435063577302,0.011164919772896999,-0.9910580242705923
1.92,-0.8853273734013372,-3.8002424444822784,-0.7085715920401708,-1.8920479027271293,-0.7085715920401708,-1.8920479027271293,0.02311206664005672,-0.9908287507141363
1.93,-0.8543778061544266,-3.8119248738121745,-0.6902187736192447,-1.8932766506017598,-0.6902187736192447,-1.8932766506017598,0.03268525622525639,-0.9890770407980164
1.94,-0.8334853332789035,-3.830245718081051,-0.6772465572461346,-1.8970819270719266,-0.6772465572461346,-1.8970819270719266,0.03947239023317563,-0.9881417222787164
1.95,-0.814068452700587,-3.861429474439947,-0.6658728749891849,-1.906992522085145,-0.6658728749891849,-1.906992522085145,0.045010003495165096,-0.9899726087451043
1.96,-0.7853384075403261,-3.9031608573878387,-0.6507253946519954,-1.9225560125600045,-0.6507253946519954,-1.9225560125600045,0.05188854418935297,-0.9947500898393556
1.97,-0.7415227246609014,-3.94554500218908,-0.6283659387495034,-1.939339231939394,-0.6283659387495034,-1.939339231939394,0.062080690189044774,-1.0006101113110126
1.98,-0.6860891617094962,-3.977246631006652,-0.5997284173747142,-1.9515937539839772,-0.5997284173747142,-1.9515937539839772,0.0755670351713699,-1.0047207938756015
1.99,-0.6300270906293125,-3.9929053084808896,-0.5698100545265594,-1.9559443231539384,-0.5698100545265594,-1.9559443231539384,0.09018601028303172,-1.0050760145936481
2.0,-0.5850998399454561,-3.9969814747066894,-0.5446946598666097,-1.9537377242092553,-0.5446946598666097,-1.9537377242092553,0.10287859716843123,-1.0018724754604595
2.01,-0.5562846513592513,-4.001402763007015,-0.5277098768478387,-1.9504757505709334,-0.5277098768478387,-1.9504757505709334,0.11160294331727595,-0.9975503017604821
2.02,-0.538235278809704,-4.018313409691869,-0.5171344805562897,-1.9525621675307243,-0.5171344805562897,-1.9525621675307243,0.1167251493175702,-0.9953887902406822
2.03,-0.5181517486272635,-4.052373376242644,-0.5069798478204177,-1.963299014060243,-0.5069798478204177,-1.963299014060243,0.12096177967894413,-0.9974666846584719
2.04,-0.48346785974151824,-4.097439250560224,-0.4905022029829315,-1.9806130101783654,-0.4905022029829315,-1.9806130101783654,0.12781783148160653,-1.0032472716193248
2.05,-0.4297296276332179,-4.139850537712915,-0.4643878719248492,-1.998019392561176,-0.4643878719248492,-1.998019392561176,0.13941423942978554,-1.0097281968933687
2.06,-0.36379566471463615,-4.166530426928083,-0.4310442013133141,-2.008393346068493,-0.4310442013133141,-2.008393346068493,0.15504051145375491,-1.0131651174676441
2.07,-0.30020874548474247,-4.173109081860789,-0.39747330518660406,-2.0083660667481675,-0.39747330518660406,-2.0083660667481675,0.17139577230725728,-1.011385865532517
2.08,-0.25267134863155155,-4.167103671920129,-0.3712301302782704,-2.0006654990052435,-0.3712301302782704,-2.0006654990052435,0.1844802791267959,-1.0052760404760248
2.09,-0.2255951228931924,-4.1639989804439335,-0.35578467159880023,-1.9928387670116885,-0.35578467159880023,-1.9928387670116885,0.19205869255742852,-0.9984456829759006
2.1,-0.21085243147745944,-4.1782695861784775,-0.3481048141944393,-1.992925067080259,-0.3481048141944393,-1.992925067080259,0.19518726250855717,-0.9951650207266735
2.11,-0.19195251798132112,-4.214520742924448,-0.3400782669879815,-2.0045501270980934,-0.3400782669879815,-2.0045501270980934,0.1977877722208425,-0.9977482975795627
2.12,-0.15350619586672287,-4.264097869239609,-0.3231356439388356,-2.0244126074193285,-0.3231356439388356,-2.0244126074193285,0.20440997557278362,-1.00498345488199
2.13,-0.09056133122467656,-4.309495221913566,-0.2934406089004617,-2.0438434181044522,-0.2934406089004617,-2.0438434181044522,0.21746343251246228,-1.0126487181572996
2.14,-0.012191999597347751,-4.334333273070245,-0.2545139060138336,-2.053727206799533,-0.2545139060138336,-2.053727206799533,0.23560353447648888,-1.0159183799366007
2.15,0.0631219405686535,-4.333218707397488,-0.21554660686872426,-2.0499836002401874,-0.21554660686872426,-2.0499836002401874,0.2543327341676803,-1.0122776407296816
2.16,0.11799699080396292,-4.3155742448602865,-0.1861875421651249,-2.0363115917383623,-0.1861875421651249,-2.0363115917383623,0.2685639937049002,-1.0031808324031506
2.17,0.14655976318111583,-4.300829406438049,-0.17077305368866022,-2.0223901943431626,-0.17077305368866022,-2.0223901943431626,0.2756739775854144,-0.9933754447471148
2.18,0.15855106249186432,-4.307396760414261,-0.16545331217060852,-2.018391029062012,-0.16545331217060852,-2.018391029062012,0.2772074809958382,-0.988195884148818
2.19,0.17435799555155126,-4.341689191636434,-0.16008325917581886,-2.028926457952344,-0.16008325917581886,-2.028926457952344,0.27814056256077596,-0.9903814380819804
2.2,0.21348631324640915,-4.3937094252184625,-0.143961350882902,-2.0500356915447773,-0.143961350882902,-2.0500356915447773,0.2840493770605311,-0.9983212792590883
2.21,0.2830025729441481,-4.4421355719992635,-0.11215311057586941,-2.0711395965501596,-0.11215311057586941,-2.0711395965501596,0.2978086771447887,-1.0068347539394928
2.22,0.37278208041756683,-4.4663212365989855,-0.06865961813048184,-2.0810012661163597,-0.06865961813048184,-2.0810012661163597,0.3177792153578796,-1.0101075332727738
2.23,0.4606588138501003,-4.4584279457459415,-0.02443297387955796,-2.0743099178367723,-0.02443297387955796,-2.0743099178367723,0.338610966055585,-1.0051036931123116
2.24,0.5248537592532332,-4.42855819187163,0.008771560670543445,-2.055021634731439,0.008771560670543445,-2.055021634731439,0.354262801193308,-0.9934451001137454
2.25,0.5566760264337607,-4.39960553911931,0.02522736893763836,-2.0343843319458483,0.02522736893763836,-2.0343843319458483,0.3615166507351426,-0.9806078440938297
2.26,0.5660801276023849,-4.394452283708844,0.028769497335991136,-2.024640638937782,0.028769497335991136,-2.024640638937782,0.36193423239133427,-0.972841327162941
2.27,0.5765887797296648,-4.422708415007152,0.030871505403390252,-2.0319609090133306,0.030871505403390252,-2.0319609090133306,0.3610767334811182,-0.9735600415706764
2.28,0.61217646284265,-4.4746827606394195,0.0442384938393193,-2.052696053748413,0.0442384938393193,-2.052696053748413,0.36538487499607003,-0.9812981100402561
2.29,0.683456796778907,-4.526308683470076,0.07551678949582576,-2.0752047172851342,0.07551678949582576,-2.0752047172851342,0.3784838709042231,-0.9904425492596525
2.3,0.7811294836356009,-4.552511217546541,0.12130888552274688,-2.086330333784283,0.12130888552274688,-2.086330333784283,0.3990372344306291,-0.9943704930818534
2.31,0.8806685576289484,-4.541563883350727,0.1698586556756728,-2.0789036684329596,0.1698586556756728,-2.0789036684329596,0.4214089697657668,-0.989224353428869
2.32,0.9558702694395448,-4.502224136515875,0.20755689657000523,-2.0559911651554734,0.20755689657000523,-2.0559911651554734,0.43879606873180776,-0.9761711238671038
2.33,0.993743185555321,-4.4593782901503145,0.2266434603181561,-2.0294006351128884,0.2266434603181561,-2.0294006351128884,0.4470764667217419,-0.9608359653918375
2.34,1.0022862604388676,-4.440394923208992,0.22974409965714224,-2.013193251434247,0.22974409965714224,-2.013193251434247,0.4471933152976443,-0.9501979840709383
2.35,1.0065712101868525,-4.45972326376943,0.22861825836679597,-2.015799478187451,0.22861825836679597,-2.015799478187451,0.44470944944895957,-0.9486790866056228
2.36,1.0350929276018959,-4.510418553482371,0.23773969114350488,-2.0351726920350557,0.23773969114350488,-2.0351726920350557,0.44675687096743727,-0.9556252313254922
2.37,1.1038944378090731,-4.567517596095161,0.2662556587798594,-2.059749797983279,0.2662556587798594,-2.059749797983279,0.45807550405368,-0.9656073697195781
2.38,1.2073575216647703,-4.601587178611381,0.3128186377428636,-2.0747483709606196,0.3128186377428636,-2.0747483709606196,0.47835489462397,-0.9713920691371509
2.39,1.3209417571859217,-4.5950180420505395,0.3662125586186761,-2.070331436480271,0.3662125586186761,-2.070331436480271,0.5023705438904188,-0.967936237671482
2.4,1.4145270870957822,-4.551987296560622,0.41147533999645025,-2.04709950285326,0.41147533999645025,-2.04709950285326,0.522849403728994,-0.9551847123574047
2.41,1.4690605172457771,-4.496435252415245,0.4381496761685858,-2.0158325123142826,0.4381496761685858,-2.0158325123142826,0.5344789907599332,-0.9381137994387101
2.42,1.4872733334819896,-4.459029480117015,0.4460918408102488,-1.9915908270516383,0.4460918408102488,-1.9915908270516383,0.536839465363917,-0.9239941396892853
2.43,1.492440547653371,-4.460238465373115,0.4456078543583834,-1.9854190528959832,0.4456078543583834,-1.9854190528959832,0.5346380936121856,-0.9183875224180991
2.44,1.515749177200609,-4.498869761227994,0.4518235587803054,-1.9982337897058677,0.4518235587803054,-1.9982337897058677,0.5351216812778883,-0.9220884447313586
2.45,1.5791724054114307,-4.5524709913108365,0.4763860199246182,-2.020273630792312,0.4763860199246182,-2.020273630792312,0.5441005903468047,-0.93069124894355
2.46,1.6832874163682017,-4.589460857590584,0.5210682144116998,-2.0364169853149465,0.5210682144116998,-2.0364169853149465,0.5627756013247421,-0.9370086362183957
2.47,1.806793736317063,-4.586362527784613,0.5767936826295489,-2.034435884743589,0.5767936826295489,-2.034435884743589,0.5871034492776911,-0.9349974464393008
2.48,1.9180505630796674,-4.5406590984166355,0.628602891847691,-2.0116433017644524,0.628602891847691,-2.0116433017644524,0.6100290081687586,-0.9230297414477207
2.49,1.992312489606447,-4.472176974959113,0.6638102959777185,-1.9762928822814898,0.6638102959777185,-1.9762928822814898,0.6253359294075788,-0.9047258995530089
2.5,2.025183535557624,-4.412221668659889,0.6788600342588078,-1.9429953247579128,0.6788600342588078,-1.9429953247579128,0.6309930345186897,-0.8869218964050094
2.51,2.0348886543276645,-4.386448699639647,0.6811331118099958,-1.9247102371511373,0.6811331118099958,-1.9247102371511373,0.6301753877061992,-0.8759186376368859
2.52,2.0521349716135417,-4.400906080841179,0.6847636867408293,-1.9257344703826353,0.6847636867408293,-1.9257344703826353,0.6294373279906582,-0.8740870268879957
2.53,2.103184293570931,-4.4389196506228705,0.7028239942025847,-1.9395194547933374,0.7028239942025847,-1.9395194547933374,0.6350827377417757,-0.8786768109564034
2.54,2.1954902255843867,-4.47048790162771,0.7402097712966733,-1.9524548690336863,0.7402097712966733,-1.9524548690336863,0.649748768378358,-0.8834397331614988
2.55,2.3138036651935883,-4.468939100612411,0.7911229907297391,-1.9514600787716057,0.7911229907297391,-1.9514600787716057,0.671067011708238,-0.8821238269396322
2.56,2.4288303998115253,-4.425613045777527,0.8424683010893403,-1.9311546369205028,0.8424683010893403,-1.9311546369205028,0.6930912409692562,-0.8718865107503881
2.57,2.5135701481215214,-4.354470511557891,0.8812014114164873,-1.8966681439580457,0.8812014114164873,-1.8966681439580457,0.7096472532669889,-0.8547577254729237
2.58,2.5582420443056977,-4.284160153703536,0.901514620189853,-1.8606141815653265,0.901514620189853,-1.8606141815653265,0.717721122838863,-0.8363967563705673
2.59,2.57554900763822,-4.242043595255313,0.907899450871285,-1.836002020972622,0.907899450871285,-1.836002020972622,0.719024042837732,-0.8228942019095313
2.6,2.593463156572308,-4.239106489030504,0.9124761550091012,-1.8290778937059082,0.9124761550091012,-1.8290778937059082,0.7189233095452288,-0.8174302439017688
2.61,2.6396766655952684,-4.264106244489993,0.9281878667886052,-1.8360519470138672,0.9281878667886052,-1.8360519470138672,0.7234052303501547,-0.8186317125343104
2.62,2.7264553644928213,-4.290073717332716,0.9617201936986962,-1.845428338469961,0.9617201936986962,-1.845428338469961,0.7358053081621743,-0.8214776891676409
2.63,2.844294749400974,-4.289358404736039,1.0100719563714506,-1.8445004861028775,1.0100719563714506,-1.8445004861028775,0.7551156446820325,-0.8201644459113466
2.64,2.967733966226659,-4.248691860751228,1.062568760334628,-1.8262883481212373,1.062568760334628,-1.8262883481212373,0.7767416429398661,-0.811272732920454
2.65,3.0698169265452484,-4.1758841745023085,1.1070199020324847,-1.7930523132046863,1.1070199020324847,-1.7930523132046863,0.7951840749769626,-0.7954745445027847
2.66,3.136907233286046,-4.094637176982385,1.1364387981406954,-1.7545573042606322,1.1364387981406954,-1.7545573042606322,0.8070699813276926,-0.7769045346477035
2.67,3.1755605282327006,-4.030732192938579,1.1525557976002336,-1.7222743253879003,1.1525557976002336,-1.7222743253879003,0.8128327335685765,-0.7606679689396664
2.68,3.2078695500996175,-3.99763424072555,1.1643073006908293,-1.7029503939299362,1.1643073006908293,-1.7029503939299362,0.8161852749908316,-0.7499791419742324
2.69,3.2583419956943733,-3.9896372400483844,1.1824050429169617,-1.6951866086324194,1.1824050429169617,-1.6951866086324194,0.8218202783988595,-0.7445495172937263
2.7,3.3400815039400498,-3.986101787495838,1.2132613654379638,-1.6907827346587507,1.2132613654379638,-1.6907827346587507,0.832745930526199,-0.7410408181620868
2.71,3.448136303880037,-3.9638650425113178,1.2557406041059909,-1.67979939825799,1.2557406041059909,-1.67979939825799,0.8487790012185494,-0.7351744944023998
2.72,3.5634303344463145,-3.910347295054209,1.30239129321922,-1.6562251533348884,1.30239129321922,-1.6562251533348884,0.866949374753979,-0.7241775151872545
2.73,3.6644425822534954,-3.829841608275824,1.3441407793810785,-1.6209856939355365,1.3441407793810785,-1.6209856939355365,0.8834221795073068,-0.7081566034987465
2.74,3.7394850648563454,-3.7398073246327597,1.3755139531697809,-1.5807854138752626,1.3755139531697809,-1.5807854138752626,0.8957109149033916,-0.6897247534864774
2.75,3.7925090012615628,-3.6599560856836777,1.3973570387219694,-1.543786169886888,1.3973570387219694,-1.543786169886888,0.9039018587751468,-0.672265630627786
2.76,3.839582852499997,-3.6009114425826025,1.41573483028433,-1.5148710167146238,1.41573483028433,-1.5148710167146238,0.9103037864592978,-0.6579625778905761
2.77,3.898806710998144,-3.5589789546473303,1.437999705227004,-1.4932353410366328,1.437999705227004,-1.4932353410366328,0.917901927158572,-0.6467321721897262
2.78,3.980021320442059,-3.519490766387431,1.4685694969200058,-1.4734361104570668,1.4685694969200058,-1.4734361104570668,0.9286355573216802,-0.6365518140472106
2.79,4.080232123969539,-3.4659845178469686,1.5068531176237234,-1.448910664867078,1.5068531176237234,-1.448910664867078,0.9424919091968988,-0.6248121063307048
2.8,4.186773408250713,-3.3893430527509882,1.548243201878873,-1.4156603449004688,1.548243201878873,-1.4156603449004688,0.9578093157109414,-0.6097889342422486
2.81,4.285517951368382,-3.2916601456752423,1.5872089868027246,-1.3739817607883429,1.5872089868027246,-1.3739817607883429,0.9724364228461199,-0.5913921643307785
2.82,4.368808061670406,-3.18326679473662,1.6204374823937735,-1.3275361700682693,1.6204374823937735,-1.3275361700682693,0.9849617392271547,-0.5708890491459396
2.83,4.438609755823419,-3.075526882797511,1.6482356408554535,-1.2806834112950147,1.6482356408554535,-1.2806834112950147,0.9953171234664195,-0.5499312599098001
2.84,4.503779323481795,-2.974113761642045,1.673681549794362,-1.2358625319381438,1.673681549794362,-1.2358625319381438,1.0045347059613132,-0.5295496505662308
2.85,4.5739112949309915,-2.8764980476114967,1.7003889957622298,-1.1924774121423054,1.7003889957622298,-1.1924774121423054,1.013953815572976,-0.5096735262415415
2.86,4.6538111612075905,-2.7743276187104606,1.7303858819123368,-1.1476204525067075,1.7303858819123368,-1.1476204525067075,1.0244212670409032,-0.48932464806202963
2.87,4.741543568244177,-2.658426822328486,1.7632441934938141,-1.097851917275576,1.7632441934938141,-1.097851917275576,1.0359117193004588,-0.46722755160525425
2.88,4.830343258005468,-2.523076178816,1.7966357945142586,-1.0408192926376776,1.7966357945142586,-1.0408192926376776,1.0476580709260466,-0.4424088538292018
2.89,4.91235382749342,-2.3673880002632077,1.8276252014689243,-0.9758834836977841,1.8276252014689243,-0.9758834836977841,1.058572800235067,-0.41447762438294433
2.9,4.981559290925375,-2.193841956875398,1.8537574693190613,-0.9037173331312628,1.8537574693190613,-0.9037173331312628,1.0676389813558271,-0.3835495143904399
2.91,5.034437844328237,-2.005762898956412,1.8733845978484314,-0.8254726072510581,1.8733845978484314,-0.8254726072510581,1.074067738745015,-0.34999893212850336
2.92,5.068698299951023,-1.805727516583674,1.8853150414475943,-0.7422140083078504,1.8853150414475943,-0.7422140083078504,1.0772308581362178,-0.31427101442868766
2.93,5.081641835608067,-1.5957630313881985,1.8883014721962157,-0.6549458120029324,1.8883014721962157,-0.6549458120029324,1.0765267515695918,-0.27687115039452104
2.94,5.06959837743224,-1.3787618862092117,1.8808713733323537,-0.5650564410668442,1.8808713733323537,-0.5650564410668442,1.071344355432723,-0.23848646800082055
2.95,5.028855508498102,-1.1597851658080849,1.861659330435041,-0.4747324131743311,1.861659330435041,-0.4747324131743311,1.0611823686481672,-0.2000984980296801
2.96,4.957401793555274,-0.9461992703175667,1.8300179681683326,-0.3869727143724074,1.8300179681683326,-0.3869727143724074,1.045855817855804,-0.16296557453507865
2.97,4.856359707545918,-0.7464822918314776,1.7865187117272268,-0.30513789318720186,1.7865187117272268,-0.30513789318720186,1.0256627030189782,-0.1284499475275753
2.98,4.730312777072374,-0.5683487492082947,1.733057907103709,-0.23225507118662825,1.733057907103709,-0.23225507118662825,1.0014130225325049,-0.0977612477836715
2.99,4.586446844619677,-0.41710496354127863,1.6725309540161286,-0.17040238542844344,1.6725309540161286,-0.17040238542844344,0.9743033456102739,-0.07172703652493786
3.0,4.433010657862257,-0.2948575528415173,1.6082485981520822,-0.12040324265845916,1.6082485981520822,-0.12040324265845916,0.9456942438200798,-0.05067428176221831
3.01,4.277773050647587,-0.20067668356941717,1.5433407001852684,-0.08187823918570751,1.5433407001852684,-0.08187823918570751,0.9168775418810713,-0.03444435618882852
3.02,4.1269579692813165,-0.13141096663431642,1.4803313376957992,-0.053552417112810516,1.4803313376957992,-0.053552417112810516,0.8889036472098696,-0.02250919199269148
3.03,3.9848046415074894,-0.08272027694801042,1.4209510737097755,-0.03365895032938231,1.4209510737097755,-0.03365895032938231,0.8624990451407826,-0.0141312442065207
3.04,3.85363974744987,-0.04998763843095615,1.3661531893339705,-0.02030688945279149,1.3661531893339705,-0.02030688945279149,0.8380664463667657,-0.008515052063595043
3.05,3.7342442437534236,-0.02895028704586877,1.3162548321279992,-0.011743543517538086,1.3162548321279992,-0.011743543517538086,0.8157394056095141,-0.004919429646989967
3.06,3.626317444913197,-0.016037912430458174,1.271124978200958,-0.006499380952704766,1.271124978200958,-0.006499380952704766,0.7954600889082766,-0.002721649101951906
3.07,3.528911938921404,-0.008481533333091342,1.230364978342323,-0.003436575325941946,1.230364978342323,-0.003436575325941946,0.777056274984561,-0.0014400179953784863
3.08,3.4407802181949383,-0.004273503779929687,1.1934538236003518,-0.0017331396986689507,1.1934538236003518,-0.0017331396986689507,0.760304085939849,-0.0007276783474631132
3.09,3.3606178845546855,-0.002047867897124377,1.1598497076814098,-0.0008323719296203291,1.1598497076814098,-0.0008323719296203291,0.7449717678709022,-0.0003507365389026836
3.1,3.287211670280846,-0.0009318723504475295,1.1290509125135848,-0.00038016918810221097,1.1290509125135848,-0.00038016918810221097,0.7308455639597826,-0.0001610517355729144
3.11,3.21951141941214,-0.0004021552966533591,1.1006245501963945,-0.00016493140213565564,1.1006245501963945,-0.00016493140213565564,0.7177415642389912,-7.037486614198489e-5
3.12,3.156648878265537,-0.00016443254213251702,1.0742133212392786,-6.790310137009156e-5,1.0742133212392786,-6.790310137009156e-5,0.7055081766020259,-2.9236455672179676e-5
3.13,3.097924978994114,-6.366697758713423e-5,1.049529621689851,-2.651469594163445e-5,1.049529621689851,-2.651469594163445e-5,0.6940233628051805,-1.1539296183433417e-5
3.14,3.0427828669951555,-2.3379275877454884e-5,1.0263441540098113,-9.828966791450902e-6,1.0263441540098113,-9.828966791450902e-6,0.6831897003926501,-4.328510172949753e-6
3.15,2.990778115211641,-8.277302809488242e-6,1.0044736304967996,-3.500804295634152e-6,1.0044736304967996,-3.500804295634152e-6,0.6729291636216332,-1.5557116472593558e-6
3.16,2.941552182390172,-3.1944164461177147e-6,0.9837699217627164,-1.3136907257910269e-6,0.9837699217627164,-1.3136907257910269e-6,0.6631785597014586,-5.718510106179003e-7
3.17,2.894811276554846,-2.2155545194913633e-6,0.964111448384788,-7.982763715614759e-7,0.964111448384788,-7.982763715614759e-7,0.6538859200370314,-3.038021973618003e-7
3.18,2.850310575209405,-3.5724751248097386e-6,0.9453967559922404,-1.1565769628262342e-6,0.9453967559922404,-1.1565769628262342e-6,0.6450078056109109,-3.8096651517946395e-7
3.19,2.8078428573389833,-7.537833416373821e-6,0.9275398746371568,-2.3842033509093403e-6,0.9275398746371568,-2.3842033509093403e-6,0.6365073546125378,-7.566372175275552e-7
3.2,2.7672304784486075,-1.5753004831354988e-5,0.9104670217315425,-4.96658447028049e-6,0.9104670217315425,-4.96658447028049e-6,0.6283528865787044,-1.5677320677888092e-6
3.21,2.7283198153599497,-3.113807593610046e-5,0.8941142883712804,-9.813677251221852e-6,0.8941142883712804,-9.813677251221852e-6,0.6205169110905848,-3.0960531453575378e-6
3.22,2.6909775339954285,-5.7871059261197724e-5,0.8784260430425725,-1.8239653180864237e-5,0.8784260430425725,-1.8239653180864237e-5,0.6129754288488298,-5.7550421311462195e-6
3.23,2.6550881487619797,-0.00010105603471025159,0.8633538423886268,-3.185365958910402e-5,0.8633538423886268,-3.185365958910402e-5,0.6057074391449344,-1.0053035352229169e-5
3.24,2.620552317828978,-0.0001657955914128032,0.848855645139743,-5.226610427291281e-5,0.848855645139743,-5.226610427291281e-5,0.5986945761501186,-1.649998194716778e-5
3.25,2.587285223616751,-0.0002555765365005438,0.834895104824992,-8.057934641937546e-5,0.834895104824992,-8.057934641937546e-5,0.5919207942915006,-2.5446547578303017e-5
3.26,2.555214368637342,-0.00037022145393395407,0.821440716850872,-0.00011674127167904233,0.821440716850872,-0.00011674127167904233,0.5853720257102669,-3.6879728701335564e-5
3.27,2.524276335329017,-0.0005040707098610653,0.8084646680964782,-0.00015897062364027698,0.8084646680964782,-0.00015897062364027698,0.5790357573473343,-5.0240527595187875e-5
3.28,2.4944125814004816,-0.0006453241087888185,0.7959414042670128,-0.00020354680765172342,0.7959414042670128,-0.00020354680765172342,0.5729005289389029,-6.435597430546544e-5
3.29,2.465565036783626,-0.0007773372209470343,0.783846150778776,-0.0002452151950254405,0.783846150778776,-0.0002452151950254405,0.566955423544077,-7.756501985467027e-5
3.3,2.437672800284721,-0.0008820267868959508,0.7721537921015751,-0.00027825775089705104,0.7721537921015751,-0.00027825775089705104,0.5611896763836022,-8.805476221810911e-5
3.31,2.4106712250905273,-0.0009445793069777376,0.7608385133155525,-0.0002979766534172792,0.7608385133155525,-0.0002979766534172792,0.5555925283294642,-9.432836768222074e-5
3.32,2.384493967673662,-0.0009578404059339241,0.7498743841919835,-0.0003020811636225368,0.7498743841919835,-0.0003020811636225368,0.5501533808491447,-9.564466703995328e-5
3.33,2.3590773871557253,-0.0009245957312315824,0.7392366934065214,-0.0002914145501733843,0.7392366934065214,-0.0002914145501733843,0.5448621923371126,-9.22519075866625e-5
3.34,2.3343655945845043,-0.0008566558364499342,0.7289034985409891,-0.00026967742357508236,0.7289034985409891,-0.00026967742357508236,0.5397099480664302,-8.530649833593514e-5
3.35,2.3103140667231763,-0.0007709657284565451,0.7188567359045477,-0.00024221428174167893,0.7188567359045477,-0.00024221428174167893,0.5346889971787497,-7.64962607201581e-5
3.36,2.286890316312277,-0.0006842383535643526,0.7090824146041546,-0.00021433164331060355,0.7090824146041546,-0.00021433164331060355,0.5297931061530182,-6.751402777227868e-5
3.37,2.264071388280543,-0.0006082100723595084,0.6995698195293302,-0.00018980466102024756,0.6995698195293302,-0.00018980466102024756,0.5250172034926275,-5.9587165500726185e-5
3.38,2.241839291115735,-0.0005472487151970083,0.690310067785227,-0.00017011469840352942,0.690310067785227,-0.00017011469840352942,0.5203569221530155,-5.323325996995643e-5
3.39,2.220176229976732,-0.0004989374246139999,0.6812946004795448,-0.00015461413383259444,0.6812946004795448,-0.00015461413383259444,0.5158081209114589,-4.83039717268217e-5
3.4,2.199061380532581,-0.0004569911236688264,0.6725141520024124,-0.00014141886691833598,0.6725141520024124,-0.00014141886691833598,0.5113665535548075,-4.425512580983374e-5
3.41,2.1784700925200573,-0.00041503319984987627,0.663958473294998,-0.00012857034667501462,0.663958473294998,-0.00012857034667501462,0.5070277714400453,-4.0500275817502994e-5
3.42,2.1583753255060176,-0.0003696746972378137,0.6556167464924969,-0.00011498323355732805,0.6556167464924969,-0.00011498323355732805,0.5027872386714565,-3.669754589416243e-5
3.43,2.1387503161097805,-0.000321904776999635,0.6474783785492866,-0.00010087282727873693,0.6474783785492866,-0.00010087282727873693,0.4986405613338603,-3.287634656225733e-5
3.44,2.1195712479401583,-0.00027663934614744563,0.6395337923556434,-8.761879023353588e-5,0.6395337923556434,-8.761879023353588e-5,0.49458371199790163,-2.939369908701761e-5
3.45,2.100819003266523,-0.00024095671317742997,0.6317749329250976,-7.723405279432604e-5,0.6317749329250976,-7.723405279432604e-5,0.490613164140164,-2.6776373995261622e-5
3.46,2.0824796334066904,-0.00022182511664744847,0.6241953834996998,-7.169126090079121e-5,0.6241953834996998,-7.169126090079121e-5,0.4867259091889962,-2.552928699410712e-5
3.47,2.064543664906681,-0.00022401766438641952,0.6167901378343562,-7.231984642970102e-5,0.6167901378343562,-7.231984642970102e-5,0.48291937748413555,-2.597441427028701e-5
3.48,2.0470045829544814,-0.00024862974372480076,0.609555142921331,-7.93926445886483e-5,0.609555142921331,-7.93926445886483e-5,0.4791913039881087,-2.8150347738022893e-5
3.49,2.0298568416872906,-0.0002923890280844548,0.6024867221680649,-9.194548438468135e-5,0.6024867221680649,-9.194548438468135e-5,0.4755395732320126,-3.177584080492203e-5
3.5,2.013093711984146,-0.0003478610664669339,0.5955809663988416,-0.00010784564448668198,0.5955809663988416,-0.00010784564448668198,0.4719620640690545,-3.627277703455294e-5
3.51,1.996705321578149,-0.0004046151503845442,0.5888331837472726,-0.00012412015265962295,0.5888331837472726,-0.00012412015265962295,0.4684565103794577,-4.084781779275138e-5
3.52,1.9806773457887201,-0.0004512792332475286,0.5822375274475943,-0.00013752592993959754,0.5822375274475943,-0.00013752592993959754,0.46502040140620043,-4.46313790939929e-5
3.53,1.9649908160670746,-0.0004781331607111031,0.5757869286513277,-0.00014527139990286705,0.5757869286513277,-0.00014527139990286705,0.4616509525651871,-4.6857944582840895e-5
3.54,1.9496232898904837,-0.0004795912802017067,0.5694734061616239,-0.0001457152354741746,0.5694734061616239,-0.0001457152354741746,0.4583451694045019,-4.704908897377389e-5
3.55,1.9345511928866743,-0.0004558228506557266,0.5632887080410921,-0.0001388337759156715,0.5632887080410921,-0.0001388337759156715,0.4551000005944381,-4.514696627567731e-5
3.56,1.919752706551097,-0.0004129814639882565,0.5572251165731696,-0.0001263047151998717,0.5572251165731696,-0.0001263047151998717,0.4519125431352819,-4.155494312129805e-5
3.57,1.905210382168619,-0.00036198497855509257,0.5512761893048284,-0.00011118275553121378,0.5512761893048284,-0.00011118275553121378,0.4487802437517373,-3.707166600724819e-5
3.58,1.890912821350334,-0.00031625533707156287,0.5454372480684128,-9.727441417064035e-5,0.5454372480684128,-9.727441417064035e-5,0.44570104550311945,-3.2738606597738535e-5
3.59,1.8768551548679675,-0.00028904785403932126,0.5397055336987047,-8.838450581675179e-5,0.5397055336987047,-8.838450581675179e-5,0.4426734519183924,-2.964065019726641e-5
3.6,1.8630384144219503,-0.00029091149365022924,0.5340800450897506,-8.758705193664989e-5,0.5340800450897506,-8.758705193664989e-5,0.43969650512350184,-2.869849813357432e-5
3.61,1.8494680289245355,-0.0003275864797378154,0.5285611217612958,-9.661167943970644e-5,0.5285611217612958,-9.661167943970644e-5,0.4367696854972894,-3.048041968534846e-5
3.62,1.836151604346344,-0.00039850624292901287,0.5231498128143408,-0.00011539963738624209,0.5231498128143408,-0.00011539963738624209,0.4338927391994191,-3.5055235808938066e-5
3.63,1.8230960732174635,-0.000496143012656012,0.517847059090939,-0.00014190323011299097,0.517847059090939,-0.00014190323011299097,0.4310654406515523,-4.191541061851573e-5
3.64,1.8103044426027923,-0.000606598973618645,0.5126527584729921,-0.00017224507628985206,0.5126527584729921,-0.00017224507628985206,0.4282873137891323,-5.0009110148784904e-5
3.65,1.7977727439575835,-0.000711825770735648,0.5075648899626,-0.00020134412511965886,0.5075648899626,-0.00020134412511965886,0.42555736772564423,-5.791339047656658e-5
3.66,1.7854881524671111,-0.0007934605912398861,0.5025789724038676,-0.00022400117374195316,0.5025789724038676,-0.00022400117374195316,0.4228739298416028,-6.414460870196664e-5
3.67,1.7734292524972617,-0.0008375792580477313,0.4976881326473263,-0.00023624220197148043,0.4976881326473263,-0.00023624220197148043,0.4202346562721459,-6.754523108466401e-5
3.68,1.761568900634859,-0.000839041561885781,0.4928839069791839,-0.00023654354769814332,0.4928839069791839,-0.00023654354769814332,0.4176367542252888,-6.763719453527011e-5
3.69,1.7498792391980318,-0.0008039454582177726,0.4881576454063027,-0.0002265216701283849,0.4881576454063027,-0.0002265216701283849,0.4150773769857621,-6.482208715341716e-5
3.7,1.7383375686051465,-0.0007491775852692085,0.4835021519153751,-0.00021080638510796569,0.4835021519153751,-0.00021080638510796569,0.41255408553099676,-6.034907321666444e-5
3.71,1.7269314103822668,-0.0006989451123933587,0.4789130914027084,-0.00019607138353754482,0.4789130914027084,-0.00019607138353754482,0.41006524304238745,-5.604510353988952e-5
3.72,1.7156613131921319,-0.0006790775511551429,0.4743897610143028,-0.00018944977057423233,0.4743897610143028,-0.00018944977057423233,0.4076102295695923,-5.3873999011668465e-5
3.73,1.7045405756340037,-0.0007104568778333666,0.4699350030249698,-0.00019671874729707892,0.4699350030249698,-0.00019671874729707892,0.40518941664188224,-5.543396234299449e-5
3.74,1.6935917704956915,-0.0008031053818995683,0.46555423802889884,-0.00022067850070556038,0.46555423802889884,-0.00022067850070556038,0.4028038992847182,-6.15122140666139e-5
3.75,1.6828405884121644,-0.0009523736211374265,0.4612537716933516,-0.00026011761982868315,0.4612537716933516,-0.00026011761982868315,0.400455031002566,-7.180348985508041e-5
3.76,1.6723081099719779,-0.001138427749984534,0.45703868498706907,-0.000309683636917327,0.45703868498706907,-0.000309683636917327,0.3981438484504201,-8.4876708764236e-5
3.77,1.6620032111163163,-0.0013297466947383302,0.45291077240199284,-0.0003608416956593205,0.45291077240199284,-0.0003608416956593205,0.3958705121987126,-9.843659253764213e-5
3.78,1.651917235451593,-0.001490443765185697,0.44886710262962376,-0.0004038633153094666,0.44886710262962376,-0.0004038633153094666,0.39363391799675834,-0.00010986243534516161
3.79,1.6420229469858683,-0.0015899863888703047,0.44489974034698054,-0.00043045537292414897,0.44489974034698054,-0.00043045537292414897,0.39143162250637475,-0.00011691764680363892
3.8,1.6322788221906905,-0.0016127486474639674,0.44099690888774606,-0.000436335356501231,0.44099690888774606,-0.000436335356501231,0.3892601574133697,-0.00011844243034207402
3.81,1.62263811132534,-0.0015644267628633236,0.4371454337543486,-0.000422952867496597,0.4371454337543486,-0.000422952867496597,0.38711568694020815,-0.00011481398067901308
3.82,1.613060440383868,-0.001473042937613844,0.4333338599598012,-0.0003977485149892673,0.4333338599598012,-0.0003977485149892673,0.3849948429239881,-0.00010801120419813706
3.83,1.603522789046763,-0.0013838337382768718,0.42955538629480355,-0.0003727694203857953,0.42955538629480355,-0.0003727694203857953,0.3828955045719036,-0.00010123821003110985
3.84,1.5940268192898295,-0.0013490751282779381,0.42580980346261954,-0.0003619375528377802,0.42580980346261954,-0.0003619375528377802,0.38081730374760675,-9.819140042054116e-5
3.85,1.5846005029358894,-0.0014151735761447908,0.42210389527620507,-0.00037761051606846315,0.42210389527620507,-0.00037761051606846315,0.3787617137879713,-0.00010214824014204495
3.86,1.5752932679617753,-0.0016099418579309046,0.41845011437292473,-0.00042722459883968365,0.41845011437292473,-0.00042722459883968365,0.3767316793127751,-0.00011509412483108275
3.87,1.566165123544116,-0.0019330907953177823,0.4148636811252126,-0.0005108242809192755,0.4148636811252126,-0.0005108242809192755,0.37473083847450867,-0.00013710220044779994
3.88,1.5572715115493667,-0.002352786810917268,0.4113585924553219,-0.000620215749639286,0.4113585924553219,-0.000620215749639286,0.37276247965344744,-0.0001661554754417486
3.89,1.5486471224522695,-0.0028104178014114237,0.40794340755694053,-0.0007402810369733515,0.40794340755694053,-0.0007402810369733515,0.3708284718439415,-0.00019853921719036722
3.9,1.5402932893809766,-0.003233980643019867,0.40461802143431946,-0.0008525286236826793,0.40461802143431946,-0.0008525286236826793,0.3689284912326185,-0.00022980321990426653
3.91,1.5321738953665212,-0.0035576487339010975,0.40137270293497723,-0.0009402094330590032,0.40137270293497723,-0.0009402094330590032,0.3670598721201136,-0.00025609289564538536
3.92,1.5242230041881968,-0.0037419571446035836,0.3981902045326047,-0.000993519155559942,0.3981902045326047,-0.000993519155559942,0.3652182709810938,-0.0002754374367426803
3.93,1.516363553986297,-0.0037873204199454997,0.39505072302947486,-0.0010129758281234955,0.39505072302947486,-0.0010129758281234955,0.36339904457655686,-0.0002884820607715156
3.94,1.5085317461385643,-0.0037347714570257224,0.39193825323408343,-0.0010093986782154646,0.39193825323408343,-0.0010093986782154646,0.3615989064079889,-0.0002982665718688173
3.95,1.5006984777012662,-0.003652073301722443,0.3888460317637553,-0.001000066574366635,0.3888460317637553,-0.001000066574366635,0.35981721102317576,-0.00030899309432392294
3.96,1.4928792557544575,-0.0036091720680585747,0.38577883364504134,-0.0010021844775594613,0.38577883364504134,-0.0010021844775594613,0.3580562692910007,-0.0003241671636830796
3.97,1.4851279298884716,-0.0036517229601216224,0.3827509674177813,-0.0010260295928234498,0.3827509674177813,-0.0010260295928234498,0.3563204446651514,-0.0003448291866622061
3.98,1.4775158317055703,-0.00378280688410216,0.3797805084729491,-0.0010704609655262272,0.3797805084729491,-0.0010704609655262272,0.35461428972109044,-0.00036863383617864314
3.99,1.4701038466298337,-0.003960121580675135,0.376881879048787,-0.0011226453763865676,0.376881879048787,-0.0011226453763865676,0.3529404221649677,-0.00039023068311203524
4.0,1.462917940566326,-0.004109949503406469,0.37405961527927456,-0.0011621973109542632,0.37405961527927456,-0.0011621973109542632,0.3512979931173836,-0.00040286843258889945
