omega,Re_I,Im_I,Re_FL,Im_FL,Re_FR,Im_FR,Re_G,Im_G
-4.0,-0.30033429580284493,-0.004966550471928945,0.07640957653378942,0.001267824845008859,0.07640957653378942,0.001267824845008859,-0.27382561727298094,-0.00034375571520776747
-3.99,-0.3013523663362461,-0.004664561463121403,0.07686915307063229,0.0011933889990543354,0.07686915307063229,0.0011933889990543354,-0.2746529035258308,-0.00032517505032467225
-3.98,-0.3026112458883569,-0.0043821444637150595,0.07739296099475261,0.0011243385413875215,0.07739296099475261,0.0011243385413875215,-0.2755015817264535,-0.00030715843440393603
-3.97,-0.30406993152479744,-0.00424324655220754,0.07797052447612049,0.00109247438369928,0.07797052447612049,0.00109247438369928,-0.2763692912745462,-0.0002981853815633623
-3.96,-0.3056257352543055,-0.004332408053746935,0.07857548649632871,0.0011195560746401943,0.07857548649632871,0.0011195560746401943,-0.27724938630615614,-0.0003042435171886896
-3.95,-0.30714410354697713,-0.004666678851331168,0.07917319858482906,0.0012100116530378772,0.07917319858482906,0.0012100116530378772,-0.27813287436445516,-0.00032682168709463404
-3.94,-0.30849960898580525,-0.005187403382251867,0.07973126277440608,0.0013487115141950412,0.07973126277440608,0.0013487115141950412,-0.2790111962988882,-0.0003622230410412785
-3.93,-0.30961603877622595,-0.005775330930142817,0.0802299366614411,0.001504764814485769,0.0802299366614411,0.001504764814485769,-0.27987902576450757,-0.00040249116233676317
-3.92,-0.3104930291425104,-0.0062856970503847535,0.08066913760535781,0.001640542707106658,0.08066913760535781,0.001640542707106658,-0.28073619910389935,-0.00043776486460808797
-3.91,-0.31120988710545,-0.006593416924103226,0.08106956283910981,0.0017234218372994478,0.08106956283910981,0.0017234218372994478,-0.2815880853462852,-0.00045940328227783445
-3.9,-0.311903836751844,-0.006634381163533443,0.08146713146570272,0.0017366162384378216,0.08146713146570272,0.0017366162384378216,-0.28244415899853864,-0.0004629057903253434
-3.89,-0.3127282783216816,-0.006428996514352398,0.08190213476836294,0.001685452763460704,0.08190213476836294,0.001685452763460704,-0.2833151296118149,-0.00044963674164109717
-3.88,-0.3138038400523072,-0.006079220604022566,0.0824063915713764,0.00159673663342872,0.0824063915713764,0.00159673663342872,-0.28420950404650075,-0.00042670542041493305
-3.87,-0.31517808732632685,-0.005738926508515339,0.08299256340242166,0.001511081787583076,0.08299256340242166,0.001511081787583076,-0.2851306982097238,-0.0004049481542001192
-3.86,-0.31680736089025047,-0.005566354189525161,0.08364921218950495,0.0014704313212082845,0.08364921218950495,0.0014704313212082845,-0.28607567196504596,-0.0003955941931827796
-3.85,-0.3185672731539784,-0.005673415880092141,0.08434340262764208,0.0015046139996643109,0.08434340262764208,0.0015046139996643109,-0.2870355907006679,-0.00040664138331557916
-3.84,-0.32028944017137945,-0.006087868081900229,0.08503030991476937,0.0016211742110215214,0.08503030991476937,0.0016211742110215214,-0.2879983898733424,-0.00044008624535661384
-3.83,-0.32181386015045194,-0.006740781526480195,0.08566711446633157,0.0018018348389220499,0.08566711446633157,0.0018018348389220499,-0.28895252617738193,-0.0004909306004095208
-3.82,-0.3230411127579823,-0.007484484313841637,0.08622701722352343,0.0020070792707083413,0.08622701722352343,0.0020070792707083413,-0.289890794398633,-0.0005483905023889235
-3.81,-0.32396765042279624,-0.008136982018133277,0.08670888528551046,0.0021879090238612307,0.08670888528551046,0.0021879090238612307,-0.2908129836191523,-0.0005990756634452094
-3.8,-0.3246915938829993,-0.008540063779164176,0.08713906316237255,0.0023014454855359,0.08713906316237255,0.0023014454855359,-0.29172640943199046,-0.0006312490641421262
-3.79,-0.3253851800663319,-0.008612695573358323,0.08756417860128074,0.002325460800353384,0.08756417860128074,0.002325460800353384,-0.2926439759658035,-0.0006388278595216341
-3.78,-0.32624107934739216,-0.00838143901173607,0.08803675283509381,0.0022668629287052214,0.08803675283509381,0.0022668629287052214,-0.2935802388334736,-0.0006237514020920038
-3.77,-0.3274093421271363,-0.007976344332941537,0.08859805755236759,0.002160888255277457,0.08859805755236759,0.002160888255277457,-0.2945466740532151,-0.0005958010011050995
-3.76,-0.32894586402072445,-0.007592122395754995,0.08926387494935938,0.002060788390122796,0.08926387494935938,0.002060788390122796,-0.2955477106798261,-0.0005697832060022928
-3.75,-0.3307901019941511,-0.007426277418705733,0.09001806894975925,0.0020210399845713694,0.09001806894975925,0.0020210399845713694,-0.2965788994618617,-0.000560886514086604
-3.74,-0.3327804530677332,-0.007613923044057783,0.09081642613110483,0.0020793740170909542,0.09081642613110483,0.0020793740170909542,-0.2976279294022607,-0.0005796642016031175
-3.73,-0.33470357861137795,-0.008180574340602837,0.0915999473677671,0.002243473001529634,0.0915999473677671,0.002243473001529634,-0.2986783013656875,-0.0006282736682688329
-3.72,-0.33636291765090987,-0.009029068785177454,0.09231370455139493,0.0024869099855282183,0.09231370455139493,0.0024869099855282183,-0.29971460539868094,-0.0006992743817417088
-3.71,-0.33764484615421225,-0.009966525867646774,0.09292539148302079,0.0027561826577505617,0.09292539148302079,0.0027561826577505617,-0.3007277697075529,-0.0007775449605905154
-3.7,-0.3385604467658167,-0.010764615160445353,0.09343739654859864,0.0029872205400520526,0.09343739654859864,0.0029872205400520526,-0.3017185322664214,-0.0008449070980195292
-3.69,-0.33924739953307065,-0.011234866604144971,0.09388788435278718,0.003126457836183871,0.09388788435278718,0.003126457836183871,-0.30269782408229473,-0.0008861014365438207
-3.68,-0.3399289460477687,-0.011294242628089209,0.09433975357331555,0.003149582105234858,0.09433975357331555,0.003149582105234858,-0.3036836935935094,-0.0008941682289080377
-3.67,-0.3408416463081609,-0.010997802091776535,0.0948604931221562,0.0030713231462464866,0.0948604931221562,0.0030713231462464866,-0.3046955857171034,-0.0008733218508662984
-3.66,-0.34215540842622505,-0.010525476625348971,0.09549939709056028,0.0029423520927410914,0.09549939709056028,0.0029423520927410914,-0.3057477927963201,-0.000838150427673068
-3.65,-0.3439131543732633,-0.0101255743329977,0.09626990301497286,0.0028336994511074126,0.09626990301497286,0.0028336994511074126,-0.3068443049891303,-0.0008092006350827335
-3.64,-0.3460115998317587,-0.01003287491847264,0.0971433708525147,0.0028134879767280946,0.0971433708525147,0.0028134879767280946,-0.3079769127187882,-0.0008062775585314282
-3.63,-0.3482310553847058,-0.010388419832953502,0.09805691618398187,0.0029235945030598714,0.09805691618398187,0.0029235945030598714,-0.3091273771010684,-0.0008416348674453874
-3.62,-0.35030577427135323,-0.011188198408458956,0.09893325662498591,0.003164146536592417,0.09893325662498591,0.003164146536592417,-0.31027314518354,-0.0009153634916146314
-3.61,-0.3520125962846397,-0.012279074538070353,0.09970643839201712,0.0034914679519216936,0.09970643839201712,0.0034914679519216936,-0.3113948748867958,-0.0010146690882028597
-3.6,-0.3532486977979949,-0.01340528460084159,0.10034503271598946,0.0038308929067484214,0.10034503271598946,0.0038308929067484214,-0.3124833204312968,-0.0011175319565094612
-3.59,-0.35407147296676256,-0.014292025221848562,0.10086471194860794,0.004100940542658567,0.10086471194860794,0.004100940542658567,-0.31354316367285645,-0.0011997923423636805
-3.58,-0.3546849509904918,-0.014739193507762803,0.10132518894958131,0.004241179889324761,0.10132518894958131,0.004241179889324761,-0.3145922359680351,-0.0012434372218551328
-3.57,-0.3553748540370296,-0.014693167853792478,0.10181162998387078,0.004234247770075254,0.10181162998387078,0.004234247770075254,-0.3156560772571632,-0.0012432514404288628
-3.56,-0.35641272233031346,-0.014270475155254526,0.10240620732293186,0.004113907637157707,0.10240620732293186,0.004113907637157707,-0.316759452900932,-0.001209360198924911
-3.55,-0.3579615569440044,-0.013723119780163166,0.10315934685164008,0.00395557137583248,0.10315934685164008,0.00395557137583248,-0.31791766264271787,-0.0011645061331961373
-3.54,-0.3600160791343587,-0.013355758881040921,0.10407080371824363,0.0038518214575831954,0.10407080371824363,0.0038518214575831954,-0.3191307156274132,-0.001136736274207758
-3.53,-0.36239938262279026,-0.013422145575934973,0.1050876119018816,0.0038808913637195593,0.1050876119018816,0.0038808913637195593,-0.3203825734448908,-0.0011498438276666275
-3.52,-0.3648186438129798,-0.014036003794794536,0.10612029997791725,0.004078793486579134,0.10612029997791725,0.004078793486579134,-0.32164598021455165,-0.001214802000485888
-3.51,-0.3669624616111005,-0.015127273411717254,0.10707252344678321,0.004424900151505349,0.10707252344678321,0.004424900151505349,-0.32289148513175286,-0.0013252307503097262
-3.5,-0.3686079008899131,-0.016460137758422866,0.10787447787436928,0.004846589970385421,0.10787447787436928,0.004846589970385421,-0.3240977442204253,-0.0014587065512222674
-3.49,-0.36970091164398533,-0.017708977844090777,0.10850866808525761,0.005242324580016052,0.10850866808525761,0.005242324580016052,-0.325259563273788,-0.001583814505133802
-3.48,-0.37038121006494634,-0.018568474233606306,0.1090185660393236,0.005516086027908403,0.1090185660393236,0.005516086027908403,-0.32639068400767546,-0.0016708187573120747
-3.47,-0.37094043297827206,-0.01886097626835564,0.10949610278929663,0.005611619059081007,0.10949610278929663,0.005611619059081007,-0.3275199652119588,-0.0017023709277791989
-3.46,-0.3717253141133028,-0.018603204594137276,0.11005127488379626,0.005534217166083314,0.11005127488379626,0.005534217166083314,-0.3286819090306087,-0.0016803904965886432
-3.45,-0.37301787553326754,-0.018006960782728336,0.11077385095364999,0.005351558486687837,0.11077385095364999,0.005351558486687837,-0.3299046261074115,-0.001626385577961615
-3.44,-0.37493425433670097,-0.017411114256567176,0.11170058167726105,0.005172281244008179,0.11170058167726105,0.005172281244008179,-0.3311994664552189,-0.0015747289004954801
-3.43,-0.3773785605100835,-0.01716660391606861,0.11279992298833783,0.005109008167909361,0.11279992298833783,0.005109008167909361,-0.33255615651049186,-0.0015609571916828334
-3.42,-0.38006972667536004,-0.01751342219775596,0.11398045847887134,0.0052383762788679135,0.11398045847887134,0.0052383762788679135,-0.3339454678728739,-0.0016090621746128037
-3.41,-0.3826342924127448,-0.018492383049683214,0.1151210218468417,0.005572159141436219,0.1151210218468417,0.005572159141436219,-0.33532883656066165,-0.0017222829503289734
-3.4,-0.3847350324029606,-0.01992373111367248,0.11611279421402892,0.006050233417257975,0.11611279421402892,0.006050233417257975,-0.3366718505705622,-0.0018808844921033906
-3.39,-0.38619179431845163,-0.021462773328618172,0.11689896801351034,0.006558964382697106,0.11689896801351034,0.006558964382697106,-0.3379569745026283,-0.002048116108164717
-3.38,-0.38705153529761804,-0.022716356947937073,0.11749762092303467,0.006969761543974151,0.11749762092303467,0.006969761543974151,-0.3391908577757541,-0.002182684673341417
-3.37,-0.3875801365384736,-0.02338157925314113,0.11799858977528227,0.007184960828390547,0.11799858977528227,0.007184960828390547,-0.34040321978571075,-0.002253590637521534
-3.36,-0.38817514786622126,-0.02335783755417439,0.11853405178575196,0.007174675873656403,0.11853405178575196,0.007174675873656403,-0.34163720286482313,-0.0022520065458652527
-3.35,-0.3892274664663036,-0.02279031068970074,0.11923224530044588,0.006990592271732691,0.11923224530044588,0.006990592271732691,-0.34293426465833027,-0.0021956211140414096
-3.34,-0.3909801667090082,-0.022026113375155913,0.12017057363238744,0.006750494929498541,0.12017057363238744,0.006750494929498541,-0.3443189214860833,-0.0021234205993069066
-3.33,-0.39343578565118487,-0.021495731872072446,0.12134534364212844,0.006597923679338175,0.12134534364212844,0.006597923679338175,-0.3457889962162337,-0.0020823564002081297
-3.32,-0.39634745588618375,-0.021560143092790612,0.12266994775533636,0.006650739733972631,0.12266994775533636,0.006650739733972631,-0.3473152425872606,-0.0021104393656204206
-3.31,-0.3993000019411933,-0.02237776077922052,0.12400331350444367,0.006956978459607414,0.12400331350444367,0.006956978459607414,-0.34885092810122237,-0.0022223230886705674
-3.3,-0.4018549377747059,-0.023840003396702364,0.1251994938348059,0.007474426164777023,0.1251994938348059,0.007474426164777023,-0.35034833273933746,-0.0024028023964585117
-3.29,-0.40370937050786176,-0.025601482301287445,0.12616119451240587,0.008082453397889652,0.12616119451240587,0.008082453397889652,-0.35177643733094016,-0.0026110289540922224
-3.28,-0.40481157219097474,-0.027197822334940776,0.12687774378396782,0.008623290174384436,0.12687774378396782,0.008623290174384436,-0.35313331561279165,-0.0027944637622789163
-3.27,-0.40538890937965905,-0.028211804114846868,0.1274326701798085,0.008958920338829625,0.1274326701798085,0.008958920338829625,-0.3544483114075238,-0.0029079103765912604
-3.26,-0.4058738842443488,-0.028428564927808663,0.12797654519500073,0.009023146151831078,0.12797654519500073,0.009023146151831078,-0.35577260794933163,-0.0029307656421448183
-3.25,-0.40675143796589297,-0.027921639584883418,0.12867361369162586,0.008849049204788798,0.12867361369162586,0.008849049204788798,-0.3571611190489424,-0.002875874129137441
-3.24,-0.40838141663752403,-0.027034982580427563,0.12964113040807634,0.00856040455778597,0.12964113040807634,0.00856040455778597,-0.358652117116718,-0.002786200355502281
-3.23,-0.4108616096631827,-0.026263965704002242,0.13090394436881442,0.008328794839280968,0.13090394436881442,0.008328794839280968,-0.3602522077422214,-0.002719996443568666
-3.22,-0.41398372321990845,-0.02607638507938938,0.1323819791300365,0.008311223849072376,0.1323819791300365,0.008311223849072376,-0.36193257208173474,-0.002729553554231412
-3.21,-0.41730155809289615,-0.026738092884949955,0.1339165133414044,0.00859088160087423,0.1339165133414044,0.00859088160087423,-0.36363838770014306,-0.0028412658562462687
-3.2,-0.42028968616143153,-0.028208051979635444,0.13532688354900446,0.00914332626580421,0.13532688354900446,0.00914332626580421,-0.3653084676365674,-0.00304456723099881
-3.19,-0.42253682462663766,-0.030144091041245352,0.13647759190206354,0.009841727820268027,0.13647759190206354,0.009841727820268027,-0.3668981964671262,-0.0032943166794661225
-3.18,-0.42390319316246217,-0.03202124219996129,0.137331071361298,0.010500829479565169,0.137331071361298,0.010500829479565169,-0.368397260470846,-0.0035263859467644597
-3.17,-0.4245815730655275,-0.03332268311767046,0.13796558186072339,0.010944726725951419,0.13796558186072339,0.010944726725951419,-0.36983517669978205,-0.003681197371455249
-3.16,-0.42503531575684056,-0.03373418545683131,0.13854991128910243,0.011073791365671649,0.13854991128910243,0.011073791365671649,-0.3712718869423853,-0.0037266273186320254
-3.15,-0.42583210913425057,-0.03326855513318918,0.13928267390853927,0.010905176371406587,0.13928267390853927,0.010905176371406587,-0.37277628131918894,-0.0036714527624827115
-3.14,-0.42743295200623105,-0.032270274406051055,0.1403179894811774,0.010570326786912021,0.1403179894811774,0.010570326786912021,-0.3744003430168214,-0.0035637150961297112
-3.13,-0.4300151252014456,-0.03129462348028859,0.14170548185045015,0.010268813551060048,0.14170548185045015,0.010268813551060048,-0.3761586733231336,-0.003473953842921655
-3.12,-0.4333974807185781,-0.030903343124221404,0.14336805772251116,0.010194580592369454,0.14336805772251116,0.010194580592369454,-0.3780214995114173,-0.003469110832421275
-3.11,-0.437099456296823,-0.03145186650585424,0.1451272655300465,0.01046179802468836,0.1451272655300465,0.01046179802468836,-0.379924411272931,-0.003586728621069867
-3.1,-0.4405155213895173,-0.032948524796742575,0.1467682478026828,0.011058581848525336,0.1467682478026828,0.011058581848525336,-0.38179180164354926,-0.0038193432375721523
-3.09,-0.4431425686829982,-0.03504149102709744,0.14812096816026318,0.011847278382712859,0.14812096816026318,0.011847278382712859,-0.3835656265869837,-0.0041155050567667035
-3.08,-0.44477545975136956,-0.03714285001827121,0.14912725287349546,0.012613040083549874,0.14912725287349546,0.012613040083549874,-0.3852286667457041,-0.004397804160563137
-3.07,-0.44559466430810907,-0.03864726190172385,0.14986725785113955,0.013143991584140403,0.14986725785113955,0.013143991584140403,-0.38681303504761455,-0.0045917493663730794
-3.06,-0.44610821078655905,-0.03916444794443988,0.15053340631434098,0.013313276940156443,0.15053340631434098,0.013313276940156443,-0.38838990410732477,-0.004654802566198304
-3.05,-0.44696514550764715,-0.03867589035036175,0.1513597643150081,0.013131129541863244,0.1513597643150081,0.013131129541863244,-0.3900435665483789,-0.0045942316758981125
-3.04,-0.4487086492337769,-0.03755215090208547,0.1525326776084594,0.012745432797622788,0.1525326776084594,0.012745432797622788,-0.3918392755531909,-0.004466268613702823
-3.03,-0.4515631218368537,-0.03641956779819176,0.15411693856485514,0.012388626316787436,0.15411693856485514,0.012388626316787436,-0.39379721723287153,-0.00435608625731169
-3.02,-0.45533929056087014,-0.03592378028364832,0.15602692362421447,0.012289834532516145,0.15602692362421447,0.012289834532516145,-0.3958830828742163,-0.004345652366796308
-3.01,-0.45949774171536756,-0.03647927678031002,0.15805552981949433,0.012585382039412469,0.15805552981949433,0.012585382039412469,-0.39801961032677347,-0.004481569109471184
-3.0,-0.46335067956581727,-0.038102183191356144,0.1599515913375363,0.013262617650242302,0.1599515913375363,0.013262617650242302,-0.4001154282386166,-0.004755498059496994
-2.99,-0.46632727863416007,-0.040394020497860825,0.1615172090100307,0.014160216453480482,0.1615172090100307,0.014160216453480482,-0.40210061808470643,-0.005105378135993247
-2.98,-0.4682007376551564,-0.0426874665856423,0.1626875354659312,0.01502694559615021,0.1626875354659312,0.01502694559615021,-0.40395529835410104,-0.005437869225553679
-2.97,-0.46918655771591455,-0.04430200635184983,0.16356088536751615,0.015617984644543862,0.16356088536751615,0.015617984644543862,-0.40571961769570597,-0.005664114061766452
-2.96,-0.46986908871619826,-0.044812031747893395,0.1643652986102868,0.015792105798285196,0.1643652986102868,0.015792105798285196,-0.4074803327519759,-0.005735223140539147
-2.95,-0.47098010628085335,-0.04422145026796979,0.1653724202267516,0.015571069640841978,0.1653724202267516,0.015571069640841978,-0.4093382643907434,-0.005663306638209835
-2.94,-0.4731131113914246,-0.04297259410979509,0.16679113561476452,0.015136129437999463,0.16679113561476452,0.015136129437999463,-0.41136882404020386,-0.005518995353704207
-2.93,-0.476485345396961,-0.041781326965545595,0.1686827783298013,0.014760844679029857,0.1686827783298013,0.014760844679029857,-0.41359115115073114,-0.005405454300375985
-2.92,-0.4808434922059542,-0.04135952182599316,0.17093252717397084,0.01470494860109044,0.17093252717397084,0.01470494860109044,-0.41595859327577045,-0.005418360280704033
-2.91,-0.48555414017731496,-0.04213252444680661,0.17329023775357633,0.015110416946062948,0.17329023775357633,0.015110416946062948,-0.41837519807009554,-0.005607335080969519
-2.9,-0.4898476121332196,-0.04406384124699485,0.1754666516678351,0.015941327531674234,0.1754666516678351,0.015941327531674234,-0.42073264866289434,-0.005954361977868302
-2.89,-0.49312205343059745,-0.046659589361093136,0.17724836663343568,0.016993025982718058,0.17724836663343568,0.016993025982718058,-0.4229536554997356,-0.006378558247121044
-2.88,-0.4951880822949925,-0.04915578782526027,0.17858613313145444,0.017969344568953483,0.17858613313145444,0.017969344568953483,-0.4250246055195181,-0.006766516851887674
-2.87,-0.4963543738695965,-0.05081864063624797,0.17961998111991498,0.018599264212907494,0.17961998111991498,0.018599264212907494,-0.42700378692461827,-0.007017084243966925
-2.86,-0.49731522174707904,-0.05124032305251161,0.18062869833366235,0.01874732366819676,0.18062869833366235,0.01874732366819676,-0.42900074441760944,-0.007083036718241856
-2.85,-0.4988798453092454,-0.0505107920443151,0.18192139379436764,0.018472752973838776,0.18192139379436764,0.018472752973838776,-0.43113388456132784,-0.006992517677765347
-2.84,-0.5016486339276885,-0.049192716692435245,0.1837132033262492,0.018011445847292258,0.1837132033262492,0.018011445847292258,-0.4334827096765519,-0.006840572597492429
-2.83,-0.5057661195251738,-0.04810452158035636,0.18603524097314128,0.01768545793975475,0.18603524097314128,0.01768545793975475,-0.4360540151907139,-0.006752957988205337
-2.82,-0.510852782313607,-0.04799462452962276,0.18871666515474445,0.01777449579819884,0.18871666515474445,0.01777449579819884,-0.4387764976530709,-0.0068358800171520176
-2.81,-0.516147878465926,-0.04923623748124021,0.19144859032722797,0.01840054087465954,0.19144859032722797,0.01840054087465954,-0.4415271902758373,-0.007131670638356367
-2.8,-0.5208108013329327,-0.05166716645648262,0.19390655248127925,0.01947315868213666,0.19390655248127925,0.01947315868213666,-0.44418025673112127,-0.007598843921681474
-2.79,-0.5242627178314149,-0.05464374747844596,0.19588351448983465,0.020720021402700763,0.19588351448983465,0.020720021402700763,-0.44665908299547924,-0.008125820020634401
-2.78,-0.5264301975764574,-0.057293082312141086,0.19737921649706838,0.0217932759997446,0.19737921649706838,0.0217932759997446,-0.4489703362190731,-0.008574211536832112
-2.77,-0.5277880217357304,-0.0588661362901074,0.1986073751476089,0.02241082256073116,0.1986073751476089,0.02241082256073116,-0.45120503311497046,-0.0088351458653903
-2.76,-0.5291773992400098,-0.05904937970120733,0.1999145610768541,0.022475369008713896,0.1999145610768541,0.022475369008713896,-0.4535045981704226,-0.008875821315963685
-2.75,-0.531467927579168,-0.05810484485628852,0.20164106242172433,0.022120914411578076,0.20164106242172433,0.022120914411578076,-0.4560044218311386,-0.00875639694639483
-2.74,-0.5351988915944726,-0.05677539187480645,0.20397954963090495,0.02166452391678895,0.20397954963090495,0.02166452391678895,-0.4587775017589254,-0.008608762122498668
-2.73,-0.5403484574524824,-0.055987781228219895,0.20689051875999387,0.021480026655057313,0.20689051875999387,0.021480026655057313,-0.461801811919256,-0.008584348685277297
-2.72,-0.5463305305623062,-0.05647147621059619,0.21011198338574466,0.02184362325446808,0.21011198338574466,0.02184362325446808,-0.46496617771447096,-0.008791504646498045
-2.71,-0.5522270753482652,-0.058449791451696084,0.2132628326410932,0.02281506559537206,0.2132628326410932,0.02281506559537206,-0.46811393515423166,-0.009248292252410455
-2.7,-0.5571656531174949,-0.06153459312731704,0.21599999441768356,0.024205640703638814,0.21599999441768356,0.024205640703638814,-0.4711077275633546,-0.009871312710374386
-2.69,-0.5606883116612605,-0.06487483255724015,0.21816532711897704,0.02564982535591511,0.21816532711897704,0.02564982535591511,-0.4738890651236792,-0.010506994968604392
-2.68,-0.5629563782757048,-0.06750435981074034,0.21985974578663886,0.026754504583162895,0.21985974578663886,0.026754504583162895,-0.4765071260838235,-0.010994154826762654
-2.67,-0.5646994186694101,-0.06874848896993367,0.22141012459973491,0.02726562061649381,0.22141012459973491,0.02726562061649381,-0.4791029924558691,-0.011232732773279607
-2.66,-0.5669217771506747,-0.06851882623768632,0.22323862551544033,0.02718195682677944,0.22323862551544033,0.02718195682677944,-0.4818538204197723,-0.011229609193561564
-2.65,-0.5704838115881495,-0.06736738613720311,0.22568630313047336,0.0267652077192793,0.22568630313047336,0.0267652077192793,-0.4848989090350987,-0.011100666356652024
-2.64,-0.5757324874167118,-0.06626938487037166,0.22886476275520154,0.026437777509316217,0.22886476275520154,0.026437777509316217,-0.48827860937091855,-0.011026022738261419
-2.63,-0.58234067953164,-0.066219146040508,0.23260075075793477,0.026607680018416815,0.23260075075793477,0.026607680018416815,-0.4919130872598022,-0.011175436014655331
-2.62,-0.5894303703394344,-0.06780628831886723,0.23650129032522368,0.027492959499559377,0.23650129032522368,0.027492959499559377,-0.49563211824664344,-0.011634651570641717
-2.61,-0.5959358040518865,-0.07095326905987731,0.24011622137091898,0.0290213371975416,0.24011622137091898,0.0290213371975416,-0.49924559035669525,-0.012364673231071785
-2.6,-0.6010582586442573,-0.07493228737781175,0.24313196660801487,0.030851650365748006,0.24313196660801487,0.030851650365748006,-0.5026261844397869,-0.013213378093950293
-2.59,-0.6046193918508261,-0.07866361681047179,0.24551380256708938,0.03251308252562411,0.24551380256708938,0.03251308252562411,-0.5057688083489982,-0.013977214045215208
-2.58,-0.607156641969294,-0.08117595814727667,0.2475323314994465,0.0336067968114444,0.2475323314994465,0.0336067968114444,-0.5087994603327065,-0.014488699568278198
-2.57,-0.6097100012674365,-0.08203436827400024,0.24965725881897516,0.03398457300437494,0.24965725881897516,0.03398457300437494,-0.5119267824117263,-0.014692655504579228
-2.56,-0.6133821366403222,-0.08154767115631589,0.25235901461271487,0.033824844129024784,0.25235901461271487,0.033824844129024784,-0.5153544699933221,-0.014676826539675876
-2.55,-0.6188564911197832,-0.0806563660745682,0.2559014691000336,0.03356777877720007,0.2559014691000336,0.03356777877720007,-0.5191911742267683,-0.014640699222569773
-2.54,-0.6260838597771565,-0.08053865130481935,0.2602171177189345,0.0337315380384482,0.2602171177189345,0.0337315380384482,-0.5233978656191633,-0.014812853258501396
-2.53,-0.6342819978519229,-0.08209801115133776,0.26492408222267394,0.03468568911303046,0.26492408222267394,0.03468568911303046,-0.5277983275794824,-0.015350769591399397
-2.52,-0.6422602337508031,-0.08555473747955011,0.26948418411669284,0.03648065591465649,0.26948418411669284,0.03648065591465649,-0.532151786916259,-0.016266928724194912
-2.51,-0.6489374847746818,-0.09032684942046999,0.27343838608650994,0.03881220459694777,0.27343838608650994,0.03881220459694777,-0.5362587732253024,-0.017415974086885947
-2.5,-0.653830397690345,-0.09526507060651923,0.2766178585118327,0.041143738286928744,0.2766178585118327,0.041143738286928744,-0.5400544980015157,-0.018552470112312123
-2.49,-0.65729172999536,-0.09915116012467946,0.2792342533583571,0.042939459917805414,0.2792342533583571,0.042939459917805414,-0.5436466658590975,-0.019437501414022087
-2.48,-0.6603811869645125,-0.10124636174339223,0.28180189597204497,0.04390863915756635,0.28180189597204497,0.04390863915756635,-0.5472769712484536,-0.019948681436994065
-2.47,-0.664411493650586,-0.10164405345698704,0.2849183171287205,0.044150367849199845,0.2849183171287205,0.044150367849199845,-0.5512190005934258,-0.02014345162475009
-2.46,-0.6703620518140264,-0.10125799084750237,0.28899588289937944,0.0441272263478688,0.28899588289937944,0.0441272263478688,-0.5556553761234496,-0.020243553220920172
-2.45,-0.6784220433468865,-0.10143587829757184,0.2940651715863655,0.044470705604112655,0.2940651715863655,0.044470705604112655,-0.5605895314341902,-0.020542732685499786
-2.44,-0.687877860333612,-0.10335914737525116,0.29974469732276554,0.04569898947334865,0.29974469732276554,0.04569898947334865,-0.5658352901286747,-0.021275471227200072
-2.43,-0.6974116195576244,-0.10749566350868565,0.30540014347120337,0.04797297538776307,0.30540014347120337,0.04797297538776307,-0.5710942322467025,-0.022505288122912803
-2.42,-0.7056911351954331,-0.11336041020275303,0.3104296487548684,0.05100611875871465,0.3104296487548684,0.05100611875871465,-0.5760905572425633,-0.024086155447349298
-2.41,-0.711990952678322,-0.11970908300010907,0.31454908892197286,0.05417897607679677,0.31454908892197286,0.05417897607679677,-0.5807040269721417,-0.02572013835569597
-2.4,-0.7165565293293469,-0.12509446943554886,0.3179434801794421,0.056816610169764366,0.3179434801794421,0.056816610169764366,-0.5850381134061794,-0.027090751033508033
-2.39,-0.7205288842915454,-0.12854229394954708,0.3212051636389575,0.058507689215463565,0.3212051636389575,0.058507689215463565,-0.5893864468967392,-0.02801412613541793
-2.38,-0.7254440128316955,-0.13003428415046028,0.3250752427800755,0.05931654536881492,0.3250752427800755,0.05931654536881492,-0.5941062821009135,-0.02853720413138868
-2.37,-0.7325230077680506,-0.13056069652403482,0.3300994590669015,0.05978068650405006,0.3300994590669015,0.05978068650405006,-0.5994528889799411,-0.028932070539420016
-2.36,-0.7420797196168558,-0.13169619049947398,0.33635792040532747,0.06068179171678472,0.33635792040532747,0.06068179171678472,-0.605451752580398,-0.02958160022173133
-2.35,-0.7533343202369751,-0.13487768006735798,0.3434031644416673,0.06268623361272642,0.3434031644416673,0.06268623361272642,-0.6118731850203839,-0.030803725519046376
-2.34,-0.7647424960187191,-0.14071511072128287,0.35044952892942643,0.06602050662373872,0.35044952892942643,0.06602050662373872,-0.6183293293173033,-0.032695162870023865
-2.33,-0.7747082399851107,-0.14866849093603685,0.35673799266941986,0.07034122646089623,0.35673799266941986,0.07034122646089623,-0.6244554606114346,-0.03507240648577353
-2.32,-0.7823556338887009,-0.15726642581915665,0.3619100399558607,0.07487570877088168,0.3619100399558607,0.07487570877088168,-0.6300930889727275,-0.037546485616610774
-2.31,-0.7879877456549369,-0.16478877348474288,0.36620795387409005,0.07878215597981318,0.36620795387409005,0.07878215597981318,-0.6353846157063573,-0.03970513339590643
-2.3,-0.7929915495608859,-0.17010511074691453,0.37039117627187557,0.08156679479985908,0.37039117627187557,0.08156679479985908,-0.6407254522374487,-0.04132056151329896
-2.29,-0.7992051340395152,-0.17326582750562544,0.3753907787648079,0.0833552187816086,0.3753907787648079,0.0833552187816086,-0.6465858861009441,-0.042481205699676686
-2.28,-0.8080297490688423,-0.17554030477394242,0.38185607151921747,0.08487271650436172,0.38185607151921747,0.08487271650436172,-0.6532813678062223,-0.04357503166125746
-2.27,-0.8197131085210324,-0.17885227167887327,0.38981290778357647,0.08712315838046034,0.38981290778357647,0.08712315838046034,-0.6608028707092323,-0.045120440483562285
-2.26,-0.8331712313374847,-0.1848600360959938,0.39861362387399296,0.09090694667059644,0.39861362387399296,0.09090694667059644,-0.6687985049724339,-0.047517739062637884
-2.25,-0.846468948663341,-0.1941227776595494,0.4072247259453891,0.09641070937741963,0.4072247259453891,0.09641070937741963,-0.6767287088806795,-0.05084124595293503
-2.24,-0.8577547261014247,-0.20577855647940696,0.414730147283141,0.10308292834838526,0.414730147283141,0.10308292834838526,-0.684130406692189,-0.05478229146384813
-2.23,-0.8662019775857491,-0.21792753647240498,0.42080796280758137,0.10988018687786362,0.42080796280758137,0.10988018687786362,-0.6908633192006294,-0.05878583582497121
-2.22,-0.872476508393939,-0.22856676336477189,0.4259327807371426,0.11578461484853951,0.4259327807371426,0.11578461484853951,-0.6972088915202239,-0.06232701580890721
-2.21,-0.8784612261902885,-0.23662942580709678,0.43117816722100566,0.12034447113028085,0.43117816722100566,0.12034447113028085,-0.7037568730592888,-0.06519572981393708
-2.2,-0.8863351903020359,-0.2425975335048523,0.437691909587752,0.12395741389407483,0.437691909587752,0.12395741389407483,-0.7111199349524128,-0.06764041906956976
-2.19,-0.8974466654424507,-0.24834307195435992,0.44609483463576816,0.12772807162517796,0.44609483463576816,0.12772807162517796,-0.7196116284672949,-0.07028226576315329
-2.18,-0.9115576211376821,-0.2562335133233685,0.4561151258903332,0.13294275903826705,0.4561151258903332,0.13294275903826705,-0.7290556986302934,-0.0738246883908233
-2.17,-0.9268805064849757,-0.2679280136051369,0.46667062623470523,0.14041164673280687,0.46667062623470523,0.14041164673280687,-0.738840729724985,-0.07869524083935862
-2.16,-0.9409361576291093,-0.28348396462096814,0.4763891483581639,0.1500206871033514,0.4763891483581639,0.1500206871033514,-0.748212771713732,-0.08480697618621973
-2.15,-0.9518246433852774,-0.30127007299052844,0.4843194449861033,0.16075108200470292,0.4843194449861033,0.16075108200470292,-0.7566684058302624,-0.09157977945546238
-2.14,-0.9592504159423573,-0.3187819576224845,0.4904608700660633,0.17119152818404185,0.4904608700660633,0.17119152818404185,-0.7642420187363125,-0.09823360317947795
-2.13,-0.964730932006057,-0.3339732928298854,0.4958075175564167,0.18030052029794952,0.4958075175564167,0.18030052029794952,-0.7715189328246063,-0.104216521500732
-2.12,-0.9708246787089646,-0.34640695247513553,0.5018448320988605,0.18801713812962395,0.5018448320988605,0.18801713812962395,-0.7793418303248942,-0.10954171069156199
-2.11,-0.9797431954157296,-0.35758159382272636,0.5097361677035717,0.1953687226342813,0.5097361677035717,0.1953687226342813,-0.788346796961113,-0.11483589407268201
-2.1,-0.9920785868454957,-0.3702021345308998,0.5196309919891781,0.20397599834925134,0.5196309919891781,0.20397599834925134,-0.7985754043649959,-0.1210451986746883
-2.09,-1.006363580572005,-0.3867369147031985,0.5304944500958088,0.21518826906384406,0.5304944500958088,0.21518826906384406,-0.8093905951121682,-0.12893430407619474
-2.08,-1.0197612360087474,-0.4080290545750615,0.5405949988272555,0.2293116198029911,0.5405949988272555,0.2293116198029911,-0.8197722944800262,-0.13864712376920574
-2.07,-1.0295610545377818,-0.43275022697151316,0.5484208738881471,0.24537859003842014,0.5484208738881471,0.24537859003842014,-0.8288562962771145,-0.1495882846835775
-2.06,-1.0346766275839954,-0.4580563361878677,0.5535293119149324,0.2616322604780019,0.5535293119149324,0.2616322604780019,-0.8364244732183338,-0.16072305078662852
-2.05,-1.036286719426185,-0.48113717533472705,0.5568307169718605,0.2764961254787465,0.5568307169718605,0.2764961254787465,-0.8430542888455229,-0.17115675157721547
-2.04,-1.0372026002015733,-0.5008150221972452,0.5601007181838112,0.28949765399659483,0.5601007181838112,0.28949765399659483,-0.8498090654942235,-0.18067545226818668
-2.03,-1.04026065508917,-0.5182656353024931,0.5649524357364313,0.30159797499868646,0.5649524357364313,0.30159797499868646,-0.8576133778151577,-0.18992185697956732
-2.02,-1.0466295849742082,-0.5363932418825292,0.5718407874157203,0.3146899358417151,0.5718407874157203,0.3146899358417151,-0.8666614052104397,-0.2000686277448952
-2.01,-1.0550251811129228,-0.5581580653030406,0.5796961079464416,0.3305062715842453,0.5796961079464416,0.3305062715842453,-0.8762192650193982,-0.21214285842101493
-2.0,-1.0623440792201564,-0.5847948501573726,0.5864507734581936,0.3495536934202603,0.5864507734581936,0.3495536934202603,-0.8849759090337742,-0.2263828223905028
-1.99,-1.0654084278176044,-0.6149789911913213,0.5902007256261953,0.3707191343590612,0.5902007256261953,0.3707191343590612,-0.8917746310430524,-0.24202365931344788
-1.98,-1.0628286846947599,-0.6454847668509924,0.5903376432852064,0.39183164191484665,0.5903376432852064,0.39183164191484665,-0.8963068002248507,-0.25767985672688953
-1.97,-1.0558682528238696,-0.673006791665776,0.5879582643667827,0.41089739821716137,0.5879582643667827,0.41089739821716137,-0.8993355214009269,-0.2721366335661463
-1.96,-1.0477440754221694,-0.6960924494173515,0.5852552764251024,0.42729075035049113,0.5852552764251024,0.42729075035049113,-0.9022727686254481,-0.2850905259279315
-1.95,-1.041725358514743,-0.7160148401645596,0.584205777911439,0.44216353073146614,0.584205777911439,0.44216353073146614,-0.9063244174159365,-0.29737220044725815
-1.94,-1.0391466873118427,-0.7360126900129539,0.5853312946877717,0.45777442450545264,0.5853312946877717,0.45777442450545264,-0.9117080276518359,-0.31047247075884327
-1.93,-1.038552691470509,-0.759305946303231,0.5873065843059105,0.4760977049872327,0.5873065843059105,0.4760977049872327,-0.9174428250229806,-0.3256197737766995
-1.92,-1.0365399057074973,-0.7870708150220499,0.5877070352792905,0.4975453217166748,0.5877070352792905,0.4975453217166748,-0.9218860792863683,-0.34296238934737827
-1.91,-1.0298270607181679,-0.8176284281439736,0.5844818538770751,0.5206124993735669,0.5844818538770751,0.5206124993735669,-0.9237260707990977,-0.36138365333756933
-1.9,-1.0173007184221554,-0.8473878408974094,0.5772572293900854,0.5427156864351328,0.5772572293900854,0.5427156864351328,-0.9228275756228808,-0.3791108455223811
-1.89,-1.0007568855372087,-0.8730015016306119,0.5676349847213028,0.5617465458142824,0.5676349847213028,0.5617465458142824,-0.9203781590966323,-0.3947785758042267
-1.88,-0.983840923848864,-0.8934110594973895,0.5582525552167276,0.5773842831892836,0.5582525552167276,0.5773842831892836,-0.9181980041956225,-0.4082907697781825
-1.87,-0.9698126361128627,-0.9104930852210431,0.5511534426110644,0.5913182196712999,0.5511534426110644,0.5913182196712999,-0.9176093640110853,-0.4209132976147576
-1.86,-0.9595247501755318,-0.9278686742487852,0.5464855783249151,0.6061957094052022,0.5464855783249151,0.6061957094052022,-0.9185726912667108,-0.43449429992752286
-1.85,-0.9508998839572008,-0.9485988602184243,0.542376357642225,0.6239254349711436,0.542376357642225,0.6239254349711436,-0.9196644573570856,-0.45027203003071925
-1.84,-0.9402618052288509,-0.9732139815858546,0.5361050364022091,0.644408404264181,0.5361050364022091,0.644408404264181,-0.9189536660583683,-0.468025655130117
-1.83,-0.924696701066688,-0.9993382255497599,0.5258554896411087,0.6655310695281758,0.5258554896411087,0.6655310695281758,-0.9152479524670081,-0.48613996565522627
-1.82,-0.9039461628570866,-1.0231671690330373,0.5119299849888768,0.6844623290748089,0.5119299849888768,0.6844623290748089,-0.9089106146795191,-0.5025832019540971
-1.81,-0.8806149003604121,-1.0418678328862112,0.4966207801425342,0.6994469918635239,0.4966207801425342,0.6994469918635239,-0.9016946375136596,-0.5161958664246343
-1.8,-0.8585496776126643,-1.0553664996615606,0.48279060969867593,0.7109405556165826,0.48279060969867593,0.7109405556165826,-0.8956639011929529,-0.5274565982987695
-1.79,-0.8404258684253749,-1.0663735511365158,0.47206006941925766,0.7213319172916993,0.47206006941925766,0.7213319172916993,-0.8918780289202686,-0.5382028466301906
-1.78,-0.8260949749052606,-1.078630380094953,0.4637779759075018,0.7334103742812457,0.4637779759075018,0.7334103742812457,-0.8896990249019726,-0.5504567779126082
-1.77,-0.8127543143713221,-1.094515764634747,0.4554582768868588,0.7485618110517822,0.4554582768868588,0.7485618110517822,-0.8871940695533516,-0.5651054762100208
-1.76,-0.7968136735446584,-1.113561654949367,0.44441143993872945,0.7658724448191152,0.44441143993872945,0.7658724448191152,-0.8823942604419023,-0.5813034575807633
-1.75,-0.7762303690721999,-1.132826040735556,0.42950653229889824,0.7827329502209299,0.42950653229889824,0.7827329502209299,-0.8745928474781396,-0.5970064991306065
-1.74,-0.7517918429031896,-1.1488492424510317,0.4119055466000504,0.7965474408526061,0.4119055466000504,0.7965474408526061,-0.8648227651865633,-0.6102991363587323
-1.73,-0.7265354769356751,-1.1598886419448278,0.39428912931048055,0.8064171743143795,0.39428912931048055,0.8064171743143795,-0.8551880750252218,-0.6206410426032489
-1.72,-0.7037320472006435,-1.166968688386053,0.3790970197071193,0.8136858579652656,0.3790970197071193,0.8136858579652656,-0.8474895628761042,-0.6292007631190927
-1.71,-0.684794604662448,-1.1730956338935323,0.3669624194014633,0.8209982338188189,0.3669624194014633,0.8209982338188189,-0.8420644458373818,-0.6380533511535396
-1.7,-0.6684877224908861,-1.181215590862839,0.35638025083136826,0.8305231221411534,0.35638025083136826,0.8305231221411534,-0.8376195267098832,-0.6487866764874923
-1.69,-0.6519083925216126,-1.1923102098123044,0.3448065099475018,0.8425472775513734,0.3448065099475018,0.8425472775513734,-0.8321619500473244,-0.6614641693756844
-1.68,-0.6325142060176264,-1.20488567683866,0.33041470544411716,0.8553776841242747,0.33041470544411716,0.8553776841242747,-0.8243803865640844,-0.6746458354618202
-1.67,-0.6098004517785848,-1.2161321379923524,0.3133021871901078,0.8665832537694664,0.3133021871901078,0.8665832537694664,-0.8145224282291214,-0.6864373294668935
-1.66,-0.5855195344213586,-1.2238962599491432,0.29534005520266293,0.8746899890432636,0.29534005520266293,0.8746899890432636,-0.8041696956522251,-0.6958244652881076
-1.65,-0.5623685737001696,-1.2280961630938116,0.2788119883703349,0.8801514464494647,0.2788119883703349,0.8801514464494647,-0.7950864738445297,-0.7033573487101237
-1.64,-0.5421159057412246,-1.2306481307547898,0.26482266847747066,0.8849465366595934,0.26482266847747066,0.8849465366595934,-0.7879674922151224,-0.7107137689165517
-1.63,-0.524476097205707,-1.234035322420031,0.25259259975149384,0.891129787741258,0.25259259975149384,0.891129787741258,-0.781974662519205,-0.7194690964187429
-1.62,-0.5074660178282852,-1.2395768165959085,0.24010582290032445,0.8993859199031923,0.24010582290032445,0.8993859199031923,-0.7753829842143551,-0.7299629005133795
-1.61,-0.4889142955468178,-1.2466117663142808,0.22561000835605288,0.9086109061346683,0.22561000835605288,0.9086109061346683,-0.766857972627425,-0.7410768576487186
-1.6,-0.46800953895027914,-1.2531178187133711,0.2088754386748241,0.9167873478330608,0.2088754386748241,0.9167873478330608,-0.7564341657912573,-0.7510765937768266
-1.59,-0.4457991742962712,-1.257254412000417,0.19131767234712313,0.9224914712747184,0.19131767234712313,0.9224914712747184,-0.7454848160544153,-0.7588984527675908
-1.58,-0.424340164410547,-1.2586956213582174,0.1749241427719652,0.9259312238399946,0.1749241427719652,0.9259312238399946,-0.7357086939823326,-0.7649403663032756
-1.57,-0.4051681205519014,-1.2588190254530367,0.1607870971583092,0.9287766451359857,0.1607870971583092,0.9287766451359857,-0.7278766407868918,-0.7707794869917048
-1.56,-0.38820243726538445,-1.2596698801591597,0.14831202807991806,0.9329309409879625,0.14831202807991806,0.9329309409879625,-0.7212547199896877,-0.7780240495376203
-1.55,-0.37184376413918824,-1.2624913146563508,0.13565948341489642,0.9391527830374113,0.13565948341489642,0.9391527830374113,-0.7141243298006364,-0.7871390918517467
-1.54,-0.35413871083452325,-1.2668808103881812,0.12107385374380274,0.9465270642210397,0.12107385374380274,0.9465270642210397,-0.7050166320125587,-0.7971014738547393
-1.53,-0.33413689955483533,-1.2711360563486953,0.10412037251736089,0.9531430917666116,0.10412037251736089,0.9531430917666116,-0.6937597826623738,-0.8061285071805004
-1.52,-0.3124765310110472,-1.2734808338618318,0.08594570058551589,0.957456601613671,0.08594570058551589,0.957456601613671,-0.6815836029916459,-0.8129388083540313
-1.51,-0.2908370896700386,-1.2732569655342243,0.06841186193468551,0.9593350625716325,0.06841186193468551,0.9593350625716325,-0.6702253537887181,-0.8176243792525074
-1.5,-0.27072294828369536,-1.2712509823566331,0.05277352582279126,0.9600525022312317,0.05277352582279126,0.9600525022312317,-0.6607101606564669,-0.821516126184654
-1.49,-0.25248362230711946,-1.2689959243912363,0.03887045650209376,0.9612926786141436,0.03887045650209376,0.9612926786141436,-0.6526990053586321,-0.8261775538809693
-1.48,-0.23523939395621984,-1.267629923147927,0.025385317245428102,0.9639372384413327,0.025385317245428102,0.9639372384413327,-0.6448511843089313,-0.832296320633642
-1.47,-0.21767944201614361,-1.2671630078903957,0.010909469197430695,0.9675309357133957,0.010909469197430695,0.9675309357133957,-0.6358827114474882,-0.839288899499096
-1.46,-0.19907432501126587,-1.2666371590073342,-0.005019744557615657,0.9707668282865027,-0.005019744557615657,0.9707668282865027,-0.6254987670668201,-0.8458687851525347
-1.45,-0.17974705851548925,-1.2649738042732035,-0.02167499187986134,0.9725578503956117,-0.02167499187986134,0.9725578503956117,-0.6145102345571332,-0.8510948581402152
-1.44,-0.16071074351627665,-1.2618182636403739,-0.037812603968698476,0.9728496883512412,-0.037812603968698476,0.9728496883512412,-0.6040944404738069,-0.8550752871160756
-1.43,-0.1428218054264046,-1.2577545605858353,-0.05268829037456883,0.9725774018505045,-0.05268829037456883,0.9725774018505045,-0.5948171615483334,-0.8588034650224988
-1.42,-0.1261271456194473,-1.2537874173631625,-0.06661396027122052,0.9728561432385369,-0.06661396027122052,0.9728561432385369,-0.5861912532498639,-0.8632959430227296
-1.41,-0.10987946274443704,-1.2505451162422765,-0.0806536336767822,0.9740783694545107,-0.0806536336767822,0.9740783694545107,-0.5770986486008183,-0.8687400353399478
-1.4,-0.09315264984354628,-1.2478272650426832,-0.0957433734454842,0.9756240750628992,-0.0957433734454842,0.9756240750628992,-0.5667136095159071,-0.8743264139085667
-1.39,-0.07554383484455755,-1.2448082043755526,-0.11195080351565377,0.9763768667998715,-0.11195080351565377,0.9763768667998715,-0.555182027254394,-0.8788810351606385
-1.38,-0.057428671696415384,-1.2406861328329188,-0.12844255735785298,0.9756023677562664,-0.12844255735785298,0.9756023677562664,-0.5435268014774846,-0.8817771911583562
-1.37,-0.03962122394543615,-1.2352518624660562,-0.144146289203342,0.9734881650700457,-0.144146289203342,0.9734881650700457,-0.5328757206317091,-0.88340439814515
-1.36,-0.022751892919537862,-1.2289618437356993,-0.1585544990259053,0.9709480251682936,-0.1585544990259053,0.9709480251682936,-0.523637576546309,-0.8848447741258482
-1.35,-0.00685753553276765,-1.2225150775355145,-0.17204103087875647,0.9688897284624727,-0.17204103087875647,0.9688897284624727,-0.515267485704624,-0.8870440435778966
-1.34,0.008534474968988579,-1.2163076517554718,-0.18548212181772403,0.9675501418208305,-0.18548212181772403,0.9675501418208305,-0.5067694366756,-0.8901475344015195
-1.33,0.023951281374286554,-1.2101895776854956,-0.1995310832034279,0.9664052993416183,-0.1995310832034279,0.9664052993416183,-0.49749600167602515,-0.8935051854495815
-1.32,0.039538793139259225,-1.2036699398436326,-0.21413944662362208,0.9646740128592662,-0.21413944662362208,0.9646740128592662,-0.4875973090126363,-0.8962899379609819
-1.31,0.05497353390669546,-1.1963573384766115,-0.2286742326191799,0.9619655236587972,-0.2286742326191799,0.9619655236587972,-0.47779400214074913,-0.8981894270120591
-1.3,0.06974357072083939,-1.1882693915053426,-0.24247848927038715,0.9585475048323221,-0.24247848927038715,0.9585475048323221,-0.46871512741793064,-0.8996103886561367
-1.29,0.08353384452624948,-1.1797931422765437,-0.2553827570213253,0.9550618925313002,-0.2553827570213253,0.9550618925313002,-0.46037774911454277,-0.9012718666025256
-1.28,0.09640624596896274,-1.1713768358515166,-0.26776119261385684,0.9519771390077576,-0.26776119261385684,0.9519771390077576,-0.45222688337321815,-0.9035746528409222
-1.27,0.10866690570372849,-1.1632307849298216,-0.28013539118361686,0.9492527139510992,-0.28013539118361686,0.9492527139510992,-0.4436592923279823,-0.906293450433709
-1.26,0.12057265488999898,-1.1552686024911785,-0.2927008966101702,0.9464726134326782,-0.2927008966101702,0.9464726134326782,-0.4345533901706315,-0.9088313663846852
-1.25,0.13213327074867187,-1.1472979169173754,-0.3051817614806568,0.9432918556583296,-0.3051817614806568,0.9432918556583296,-0.4253516639515732,-0.9107860032935089
-1.24,0.14315344360114507,-1.1392710688499497,-0.3171089240757313,0.9397917576940759,-0.3171089240757313,0.9397917576940759,-0.4166484210868919,-0.9123264106362831
-1.23,0.15344746037509613,-1.1313860005064829,-0.3282543983051566,0.9364506381465924,-0.3282543983051566,0.9364506381465924,-0.40865880941250465,-0.9140697147190892
-1.22,0.16303235901520696,-1.1239769274609466,-0.33884538079862664,0.933784489654462,-0.33884538079862664,0.933784489654462,-0.40102322751830977,-0.9165896229343984
-1.21,0.17215149111144012,-1.1173096335217978,-0.34940050313487164,0.931983984691166,-0.34940050313487164,0.931983984691166,-0.3930870873259579,-0.9199922169674399
-1.2,0.1811373267821998,-1.1114531444317384,-0.3603622266844356,0.9308458494908477,-0.3603622266844356,0.9308458494908477,-0.3843827099392103,-0.9239051729101271
-1.19,0.19024711982607384,-1.106310635769741,-0.37185240726636687,0.9300183861176177,-0.37185240726636687,0.9300183861176177,-0.37489083906454096,-0.9278463420817186
-1.18,0.19960266771907906,-1.1017522654489347,-0.3837375660753623,0.9293132879241219,-0.3837375660753623,0.9293132879241219,-0.36488604993591006,-0.9316155220057234
-1.17,0.2092587158551307,-1.0977221747018522,-0.39590460590779614,0.9288079419747722,-0.39590460590779614,0.9288079419747722,-0.3545493809526459,-0.9353663382251434
-1.16,0.21931695186348793,-1.0942357944776815,-0.40847764282842797,0.9286750877868525,-0.40847764282842797,0.9286750877868525,-0.3437190176424389,-0.9393279062441057
-1.15,0.22998028766415837,-1.0912864845173766,-0.421788460552958,0.9289211459805183,-0.421788460552958,0.9289211459805183,-0.331994268269053,-0.9434596684276206
-1.14,0.24150726674103826,-1.0887496290458492,-0.43614931580272226,0.9292739346482776,-0.43614931580272226,0.9292739346482776,-0.3190740042156045,-0.9473583016859395
-1.13,0.25411067677859267,-1.0863594729437218,-0.4516435010224292,0.9293024580121441,-0.4516435010224292,0.9293024580121441,-0.30501127494972224,-0.9504829365244799
-1.12,0.26787795953195204,-1.0837657905054674,-0.4681067493880423,0.9286395339746868,-0.4681067493880423,0.9286395339746868,-0.29016965640913833,-0.952474972922237
-1.11,0.28275859442578305,-1.0806185320226727,-0.48528272705507947,0.9271065270496803,-0.48528272705507947,0.9271065270496803,-0.2749545742641368,-0.9532872663781697
-1.1,0.29860480779439336,-1.0766220320097326,-0.5029854825898328,0.9246556763482943,-0.5029854825898328,0.9246556763482943,-0.2595862817305968,-0.9530406223068791
-1.09,0.3152174536933224,-1.0715391461517383,-0.5211212682584991,0.9212222599296676,-0.5211212682584991,0.9212222599296676,-0.24411140231878392,-0.9517833926367703
-1.08,0.3323590802173184,-1.065170176593473,-0.5395730595879799,0.9166486982017811,-0.5395730595879799,0.9166486982017811,-0.22860549828270604,-0.9493994612787233
-1.07,0.3497335163973198,-1.0573472429929671,-0.55807971927754,0.910755352983086,-0.55807971927754,0.910755352983086,-0.21334340255217105,-0.9457440538112754
-1.06,0.3669628310989869,-1.0479661154066313,-0.5762334024357385,0.9034877814642535,-0.5762334024357385,0.9034877814642535,-0.1987646697953748,-0.9408628864878839
-1.05,0.38359649163726417,-1.037043937417079,-0.5935987760960539,0.8950076029798263,-0.5935987760960539,0.8950076029798263,-0.18526895492928105,-0.9350838658815246
-1.04,0.39916496196903506,-1.024768660563309,-0.6098506788520817,0.8856601179875648,-0.6098506788520817,0.8856601179875648,-0.17302938085913613,-0.9289083450502433
-1.03,0.4132593668119062,-1.0115093153017776,-0.6248289374280901,0.8758678530543671,-0.6248289374280901,0.8758678530543671,-0.16197208941714197,-0.9228191789997112
-1.02,0.42560269023106584,-0.9977816379486644,-0.6385020300971547,0.8660515037082124,-0.6385020300971547,0.8660515037082124,-0.15189642355863797,-0.9171793566431768
-1.01,0.436088133396638,-0.984191519256148,-0.6509155152530152,0.8566300343625165,-0.6509155152530152,0.8566300343625165,-0.14258367141106512,-0.91227936194778
-1.0,0.44478885563842074,-0.9713868226771148,-0.6622001242946556,0.8480619950094891,-0.6622001242946556,0.8480619950094891,-0.1337788515903263,-0.9084349087400367
-0.99,0.4519663566774336,-0.9600284472064113,-0.6726426018353862,0.8408497513895514,-0.6726426018353862,0.8408497513895514,-0.12507496768477808,-0.9059951159442946
-0.98,0.4581002292072402,-0.9507600487479562,-0.6827571689878343,0.8354663273025463,-0.6827571689878343,0.8354663273025463,-0.1158294864656564,-0.9052207503730916
-0.97,0.4639306791635147,-0.9441418603770277,-0.6932944850560332,0.8322329047448813,-0.6932944850560332,0.8322329047448813,-0.10520785583835977,-0.9061191923857108
-0.96,0.47047366493461823,-0.9405342212690466,-0.7051760181981798,0.8312073997148857,-0.7051760181981798,0.8312073997148857,-0.09233122528658178,-0.9083523855270491
-0.95,0.47896683148124647,-0.9399566730090991,-0.7193879119690086,0.8321217186581586,-0.7193879119690086,0.8321217186581586,-0.07643020197896945,-0.9112542304829762
-0.94,0.49073696480173934,-0.9419745559866584,-0.7368708749455851,0.8343633747419763,-0.7368708749455851,0.8343633747419763,-0.05693718726022241,-0.9139014638128202
-0.93,0.5070191107062765,-0.9456549242861988,-0.7584134913310846,0.8369811421510678,-0.7584134913310846,0.8369811421510678,-0.03353452440006586,-0.9151699883538575
-0.92,0.5287711698979128,-0.9495995914853225,-0.7845359593051774,0.838712837382815,-0.7845359593051774,0.838712837382815,-0.006216493300656975,-0.9137728620236322
-0.91,0.5565108006233888,-0.952038761609206,-0.8153625557425439,0.8380573483015236,-0.8153625557425439,0.8380573483015236,0.024616829583131102,-0.9083343486463262
-0.9,0.5901804823256221,-0.9509728127095471,-0.8505103199957739,0.8334122335988821,-0.8505103199957739,0.8334122335988821,0.058083615943698576,-0.8975420684323384
-0.89,0.629049100072122,-0.9443665622850349,-0.8890379808534625,0.8232704178809389,-0.8890379808534625,0.8232704178809389,0.09283201462138208,-0.880353512755418
-0.88,0.6716809308294148,-0.9303981868227538,-0.9294872340524633,0.8064377997615203,-0.9294872340524633,0.8064377997615203,0.1271638777629143,-0.8561833935316875
-0.87,0.7160141404035394,-0.9077337488513146,-0.9700180100577438,0.7822209198361919,-0.9700180100577438,0.7822209198361919,0.15923253879657132,-0.825008196122366
-0.86,0.7595666836122853,-0.8757628453873292,-1.0086114792135878,0.7505442064312523,-1.0086114792135878,0.7505442064312523,0.18725266575758315,-0.7873736702875861
-0.85,0.7997384596142869,-0.8347256782822433,-1.0433018277217263,0.7119775582420587,-1.0433018277217263,0.7119775582420587,0.20968108980550762,-0.7443291044289059
-0.84,0.8341399209479867,-0.7856953813476371,-1.0723983483501407,0.6676740409395024,-1.0723983483501407,0.6676740409395024,0.2253574092992356,-0.6973146717690452
-0.83,0.8608738581403576,-0.7304275753478271,-1.0946650170358163,0.6192304700282132,-1.0946650170358163,0.6192304700282132,0.23360123489718915,-0.6480134409859933
-0.82,0.8787226493944913,-0.6711214779520704,-1.1094315612563865,0.568493926560864,-1.1094315612563865,0.568493926560864,0.23425383493408888,-0.5981772144387306
-0.81,0.8872240002536046,-0.6101441861836452,-1.1166203270798456,0.5173468254347923,-1.1166203270798456,0.5173468254347923,0.22765070308405785,-0.5494497139578125
-0.8,0.8866390157062637,-0.549763623266524,-1.1166894492610524,0.4675083749146529,-1.1166894492610524,0.4675083749146529,0.21452931329896957,-0.5032215191602065
-0.79,0.8778298351715467,-0.49192807422813584,-1.11051152372021,0.42038542928029,-1.11051152372021,0.42038542928029,0.195898645927808,-0.46054189342435153
-0.78,0.862076675848201,-0.43812081920248247,-1.0992197460080229,0.3769901860515489,-1.0992197460080229,0.3769901860515489,0.17290368808645806,-0.4220895564709302
-0.77,0.840873542960823,-0.38930198132239296,-1.0840538851094994,0.3379230032744403,-1.0840538851094994,0.3379230032744403,0.14670612225097468,-0.388187413176416
-0.76,0.8157403722663475,-0.34592924592239754,-1.0662282219721964,0.30340558481039476,-1.0662282219721964,0.30340558481039476,0.11838675284383672,-0.35884572355731653
-0.75,0.7880763880496918,-0.3080347626964475,-1.046831243731931,0.27334720751857816,-1.046831243731931,0.27334720751857816,0.08887001528964862,-0.3338265778874054
-0.74,0.7590640142069411,-0.27533294456226215,-1.0267600423008958,0.247430337824143,-1.0267600423008958,0.247430337824143,0.05887547858466606,-0.31272601004198064
-0.73,0.7296231929185661,-0.24733825405977639,-1.0066912223993187,0.22520435465456057,-1.0066912223993187,0.22520435465456057,0.028904491686955545,-0.2950642528237767
-0.72,0.7004117804672625,-0.2234755655897804,-0.9870888141821044,0.20617414177102084,-0.9870888141821044,0.20617414177102084,-0.0007355753101584471,-0.28036677297412477
-0.71,0.671862812812159,-0.20316711226186326,-0.9682434943481997,0.1898680410843561,-0.9682434943481997,0.1898680410843561,-0.029879064658217047,-0.26821788337964736
-0.7,0.6442421639695619,-0.1858845129332338,-0.9503281425488014,0.17587320438733098,-0.9503281425488014,0.17587320438733098,-0.05844160909551374,-0.2582773020300089
-0.69,0.6177056855670309,-0.17116490942590898,-0.933449144434253,0.16383729929007315,-0.933449144434253,0.16383729929007315,-0.08637395863005379,-0.2502640099812594
-0.68,0.5923388540036457,-0.1586026062573486,-0.9176764116341505,0.1534487815606914,-0.9176764116341505,0.1534487815606914,-0.11364542789445127,-0.24392512272947586
-0.67,0.5681734389274291,-0.14783432205066194,-0.9030473191280003,0.1444156929298054,-0.9030473191280003,0.1444156929298054,-0.1402572360354092,-0.23901415202324425
-0.66,0.5451882701888452,-0.13853350792744512,-0.8895542707918309,0.13646017943817218,-0.8895542707918309,0.13646017943817218,-0.16626832114760778,-0.23529764629880667
-0.65,0.5233083134421233,-0.13041944718173912,-0.8771341883320273,0.12933384164211148,-0.8771341883320273,0.12933384164211148,-0.19180596076840564,-0.2325910148760643
-0.64,0.502415235098068,-0.12327544598323532,-0.865675849155438,0.12284443666514536,-0.865675849155438,0.12284443666514536,-0.2170402411653936,-0.230801922778404
-0.63,0.4823744594899486,-0.11696267152658357,-0.8550490016120333,0.11687591586594176,-0.8550490016120333,0.11687591586594176,-0.2421247308931061,-0.22994844047231172
-0.62,0.4630720969441683,-0.11141592594861573,-0.8451447791688093,0.11138642531600541,-0.8451447791688093,0.11138642531600541,-0.26713160657525686,-0.23013000337927123
-0.61,0.4444458811424368,-0.10661599287639266,-0.8359089028276686,0.10638096559405198,-0.8359089028276686,0.10638096559405198,-0.2920190435674963,-0.2314575504012711
-0.6,0.4264934723967969,-0.10254674461256931,-0.8273521258240428,0.10186928852733426,-0.8273521258240428,0.10186928852733426,-0.31665332513087474,-0.2339762968274308
-0.59,0.40925139112100195,-0.0991561719496725,-0.8195338507203905,0.09782702242890891,-0.8195338507203905,0.09782702242890891,-0.34087716856170897,-0.23762166410321925
-0.58,0.3927537349720829,-0.09634110571727215,-0.8125274660637211,0.09417550487561482,-0.8125274660637211,0.09417550487561482,-0.36458944270100985,-0.24223118527046178
-0.57,0.37699199035522896,-0.09396382544616966,-0.8063828786531934,0.09078623207348006,-0.8063828786531934,0.09078623207348006,-0.3877959598103709,-0.24760456281753976
-0.56,0.36189748597176974,-0.09189138579454066,-0.8011007498381164,0.08750529690185087,-0.8011007498381164,0.08750529690185087,-0.4106082617142575,-0.2535793710898806
-0.55,0.34735565877214103,-0.09003593191906134,-0.7966264711238066,0.08418654594490112,-0.7966264711238066,0.08418654594490112,-0.4331956249693319,-0.26008455017698745
-0.54,0.333243680233004,-0.0883741628983946,-0.7928639917190761,0.08072088288966191,-0.7928639917190761,0.08072088288966191,-0.45571840001559744,-0.2671488057366023
-0.53,0.31947055916530437,-0.08693626908839394,-0.7897032392052011,0.0770519976724379,-0.7897032392052011,0.0770519976724379,-0.47827670082569995,-0.27486615951565246
-0.52,0.30599849892906744,-0.08577167797392501,-0.787051282778517,0.07317389927117163,-0.787051282778517,0.07317389927117163,-0.5008962292069893,-0.2833418028859073
-0.51,0.2928355822620388,-0.08491100430622939,-0.7848567684718019,0.0691114408524141,-0.7848567684718019,0.0691114408524141,-0.5235513240546309,-0.29264764408764987
-0.5,0.28000580075580483,-0.08434437557494694,-0.7831194084487131,0.0648903394511724,-0.7831194084487131,0.0648903394511724,-0.5462068568811901,-0.3028072416721264
-0.49,0.2675139937543852,-0.0840262055567137,-0.7818810670399822,0.06050673259610797,-0.7818810670399822,0.06050673259610797,-0.5688545439084769,-0.3138116984055626
-0.48,0.25532454598950827,-0.08390188391871645,-0.7812011974312579,0.05590678963338599,-0.7812011974312579,0.05590678963338599,-0.5915266679505082,-0.3256524202056718
-0.47,0.24336400632172706,-0.08394096479808598,-0.7811250946985541,0.05098363416962675,-0.7811250946985541,0.05098363416962675,-0.6142847993090508,-0.33835105527904863
-0.46,0.2315447776373907,-0.0841596011469119,-0.7816563084339962,0.04559255066756199,-0.7816563084339962,0.04559255066756199,-0.637194067660411,-0.3519723084266359
-0.45,0.2197969446946254,-0.08462204293215844,-0.78274302932987,0.03957843124688902,-0.78274302932987,0.03957843124688902,-0.6602987100166763,-0.36661681939762286
-0.44,0.20809287609784918,-0.08542222152553149,-0.784282621946744,0.03280469848570222,-0.784282621946744,0.03280469848570222,-0.6836109754637829,-0.3824020631173457
-0.43,0.1964545533838627,-0.08665561999055481,-0.786141060546292,0.025172740745864567,-0.786141060546292,0.025172740745864567,-0.7071164013932671,-0.3994441969351624
-0.42,0.1849428593287296,-0.08839464535887938,-0.788178153872536,0.016625343987497758,-0.788178153872536,0.016625343987497758,-0.7307892339434618,-0.41785156938304235
-0.41,0.17363625196415844,-0.09067716256498931,-0.7902676883302809,0.007134595923566702,-0.7902676883302809,0.007134595923566702,-0.7546067057253448,-0.43773334982092615
-0.4,0.1626097616279636,-0.0935104983138406,-0.7923045114788575,-0.003318922234884062,-0.7923045114788575,-0.003318922234884062,-0.7785517779644626,-0.45921844643862475
-0.39,0.15192333079455828,-0.09688606615168281,-0.794196508775656,-0.014765803060322139,-0.794196508775656,-0.014765803060322139,-0.8025997324775758,-0.48247440708582634
-0.38,0.14162300300049535,-0.10079590569896069,-0.7958456304720576,-0.027257674798116412,-0.7958456304720576,-0.027257674798116412,-0.8266916530122764,-0.5077155137167002
-0.37,0.1317523742468671,-0.10524290933579086,-0.7971260721647245,-0.04086303770204139,-0.7971260721647245,-0.04086303770204139,-0.8507038618045977,-0.5351936337685054
-0.36,0.12236768784883878,-0.11024033494612871,-0.7978681462781269,-0.05565039337748567,-0.7978681462781269,-0.05565039337748567,-0.8744242174360135,-0.565172360659867
-0.35,0.11354925092299752,-0.11580121924853345,-0.7978536245296178,-0.07166434590686654,-0.7978536245296178,-0.07166434590686654,-0.8975432630225461,-0.5978912767533571
-0.34,0.10540417783208313,-0.12192230134361558,-0.7968238966645987,-0.08890206496724133,-0.7968238966645987,-0.08890206496724133,-0.9196622274031075,-0.6335299452718696
-0.33,0.0980593859524418,-0.12856863126396828,-0.7944981135840476,-0.1072963419330402,-0.7944981135840476,-0.1072963419330402,-0.9403139993265279,-0.6721794806362795
-0.32,0.0916474578455708,-0.13566396311691215,-0.7905961082321936,-0.12670838294442247,-0.7905961082321936,-0.12670838294442247,-0.9589904145162713,-0.7138247239965536
-0.31,0.08629000206841729,-0.14308920656354532,-0.7848608883227756,-0.14693006019991334,-0.7848608883227756,-0.14693006019991334,-0.9751705952153891,-0.758335332526098
-0.3,0.08208297770456516,-0.15068811426271103,-0.7770773155192232,-0.16769307112941184,-0.7770773155192232,-0.16769307112941184,-0.9883490788539329,-0.8054624529493073
-0.29,0.07908661434796851,-0.15827737126540586,-0.7670859021602657,-0.18868201278126256,-0.7670859021602657,-0.18868201278126256,-0.998065742955012,-0.8548399117820598
-0.28,0.07732023976693825,-0.16565794617901003,-0.7547921488153805,-0.2095493367456296,-0.7547921488153805,-0.2095493367456296,-1.0039391918714355,-0.9059929791781461
-0.27,0.07676069174992996,-0.17262565735675453,-0.7401719999684225,-0.2299313221893648,-0.7401719999684225,-0.2299313221893648,-1.005700971973151,-0.958360048235421
-0.26,0.07734260677626514,-0.17898048864284744,-0.7232734065523736,-0.24946452980551426,-0.7232734065523736,-0.24946452980551426,-1.003222487551318,-1.011330136180609
-0.25,0.07895954920446244,-0.18453535391089435,-0.7042138450580637,-0.2678016007503723,-0.7042138450580637,-0.2678016007503723,-0.9965241478433928,-1.064292113822993
-0.24,0.08146603391432208,-0.18912534305622639,-0.6831746640337331,-0.2846247952106601,-0.6831746640337331,-0.2846247952106601,-0.9857602195124235,-1.1166836233497721
-0.23,0.08468144224669692,-0.19261809715626435,-0.6603946829417051,-0.2996566649862003,-0.6603946829417051,-0.2996566649862003,-0.9711826445620888,-1.168024018044245
-0.22,0.08839742928401884,-0.19492514455813914,-0.6361657489190169,-0.3126700110099879,-0.6361657489190169,-0.3126700110099879,-0.9530982972010461,-1.2179201664185904
-0.21,0.09239065739709765,-0.19601288157621374,-0.6108302725522669,-0.3235022123758131,-0.6108302725522669,-0.3235022123758131,-0.9318403692286743,-1.2660463681213276
-0.2,0.0964423564131322,-0.19591032193577912,-0.5847752001336689,-0.33207920529291995,-0.5847752001336689,-0.33207920529291995,-0.9077706822194902,-1.3121150368518026
-0.19,0.10036472465748666,-0.19470893802928585,-0.5584111441592996,-0.3384493651396486,-0.5584111441592996,-0.3384493651396486,-0.8813149156396384,-1.3558654721922951
-0.18,0.10403096444953328,-0.1925487746566529,-0.5321240446617621,-0.34281740105215136,-0.5321240446617621,-0.34281740105215136,-0.8530116918490919,-1.397096748581842
-0.17,0.10740101808918905,-0.18958616613014098,-0.5061938874323969,-0.34555696513059664,-0.5061938874323969,-0.34555696513059664,-0.8235382183477982,-1.4357543120492482
-0.16,0.11053060796461119,-0.18594339254328984,-0.48069142065315723,-0.3471749273549252,-0.48069142065315723,-0.3471749273549252,-0.7936701168145497,-1.4720515159742227
-0.15,0.11355022487391268,-0.18164951571494478,-0.4553847300163373,-0.34820732902951923,-0.4553847300163373,-0.34820732902951923,-0.7641486307128158,-1.506577095708757
-0.14,0.11660654928445462,-0.17659167813120652,-0.4297027986073101,-0.3490499476834238,-0.4297027986073101,-0.3490499476834238,-0.7354646952355323,-1.5403222021496943
-0.13,0.11977229842248298,-0.17050183393054122,-0.40280082012369245,-0.3497600507131438,-0.40280082012369245,-0.3497600507131438,-0.7076159148385425,-1.5745702013449203
-0.12,0.12294789071680423,-0.16299929676616046,-0.37374500601176913,-0.34989607498911796,-0.37374500601176913,-0.34989607498911796,-0.6799290131500544,-1.6106346153899858
-0.11,0.12579129158427427,-0.15369234696949677,-0.3417877483321647,-0.3484702258475306,-0.3417877483321647,-0.3484702258475306,-0.6510437724395289,-1.6494951834504121
-0.1,0.1277117610748958,-0.14231715428826644,-0.3066559472911011,-0.34406290927826855,-0.3066559472911011,-0.34406290927826855,-0.6191119468766845,-1.6914423684590931
-0.09,0.1279448770813681,-0.12887076316308227,-0.26875165674242935,-0.3350913767564591,-0.26875165674242935,-0.3350913767564591,-0.5821853122934948,-1.7358637023802739
-0.08,0.12569559899844854,-0.11368936334284402,-0.2291830903531594,-0.3201607170290024,-0.2291830903531594,-0.3201607170290024,-0.5386836277401854,-1.781270493613471
-0.07,0.1203071158836857,-0.09743936330726392,-0.18960291033395296,-0.29838515987305875,-0.18960291033395296,-0.29838515987305875,-0.4877876565842167,-1.8255783538201285
-0.06,0.11140081369853178,-0.08102113104734747,-0.15190429012617646,-0.2695742862286237,-0.15190429012617646,-0.2695742862286237,-0.4296214885945018,-1.8665563056493046
-0.05,0.09894399508174144,-0.06541850013115415,-0.11787826876063313,-0.23423110184839546,-0.11787826876063313,-0.23423110184839546,-0.3651665799868921,-1.90229365120822
-0.04,0.08323153207852589,-0.051545232340477996,-0.08894351286569321,-0.19338173210659754,-0.08894351286569321,-0.19338173210659754,-0.29595090059806034,-1.931531630511559
-0.03,0.06480066716250381,-0.040134908737256836,-0.06602126987852522,-0.14831508867396664,-0.06602126987852522,-0.14831508867396664,-0.22363445051110423,-1.9537656930434963
-0.02,0.04431942670349244,-0.03169754089633783,-0.04956625242522066,-0.10033116919724785,-0.04956625242522066,-0.10033116919724785,-0.14963694169072259,-1.969113101955549
-0.01,0.02249091756803769,-0.026537139913740068,-0.0397082747316319,-0.05057655046541779,-0.0397082747316319,-0.05057655046541779,-0.07492271276968282,-1.9780204493621598
0.0,5.715790254663688e-7,-0.024802607164518656,-0.03643017888843539,-1.4927358834893336e-6,-0.03643017888843539,-1.4927358834893336e-6,7.160294307560474e-6,-1.980929320533361
0.01,-0.02248977786535403,-0.026536951254000404,-0.039708621273407414,0.05057348780178392,-0.039708621273407414,0.05057348780178392,0.0749371187311854,-1.9780188449328147
0.02,-0.04431829978077587,-0.031697151209668456,-0.0495669355385376,0.10032786872193046,-0.0495669355385376,0.10032786872193046,0.14965159004538495,-1.9691097698108795
0.03,-0.06479956998564475,-0.04013429352866627,-0.06602226326681791,0.1483113715839092,-0.06602226326681791,0.1483113715839092,0.22364945877488518,-1.9537603888524637
0.04,-0.08323049555867039,-0.051544356019343436,-0.0889447605661257,0.19337739147882732,-0.0889447605661257,0.19337739147882732,0.29596632277915164,-1.9315239882357051
0.05,-0.09894307173140741,-0.06541731886213713,-0.11787966419716661,0.23422589735839633,-0.11787966419716661,0.23422589735839633,0.3651823770267732,-1.9022831746232616
0.06,-0.11140008626274252,-0.08101959862120585,-0.15190564815686508,0.2695679473994881,-0.15190564815686508,0.2695679473994881,0.4296374803038197,-1.8665423549130822
0.07,-0.12030670600793582,-0.09743744089326777,-0.1896039352231691,0.29837740173002675,-0.1896039352231691,0.29837740173002675,0.48780344481124066,-1.8255601415602922
0.08,-0.1256956751900786,-0.11368703341146326,-0.22918334428482945,0.3201512697526756,-0.22918334428482945,0.3201512697526756,0.5386984926697023,-1.781247111346072
0.09,-0.12794566244602498,-0.12886804833346766,-0.2687505315290675,0.33508002779340745,-0.2687505315290675,0.33508002779340745,0.5821980964445816,-1.735834191408791
0.1,-0.1277135420485538,-0.14231414515985522,-0.3066526354323258,0.34404955790671804,-0.3066526354323258,0.34404955790671804,0.6191209391323759,-1.6914058348369383
0.11,-0.1257944249807471,-0.15368924915502927,-0.34178120510833554,0.348454963222822,-0.34178120510833554,0.348454963222822,0.6510465821357113,-1.649450957395158
0.12,-0.12295279311789922,-0.16299651114226715,-0.3737339075166663,0.34987932586440795,-0.3737339075166663,0.34987932586440795,0.6799224076020077,-1.6105824977474457
0.13,-0.11977938011476537,-0.17050007410951296,-0.40278356783804786,0.34974282586331296,-0.40278356783804786,0.34974282586331296,0.7075956387100055,-1.5745109143624918
0.14,-0.11661603837652107,-0.17659209387426733,-0.42967769099031905,0.34903422026575953,-0.42967769099031905,0.34903422026575953,0.7354254386748349,-1.5402581931403
0.15,-0.11356184262462564,-0.18165373316460132,-0.45535046524072487,0.3481964340121541,-0.45535046524072487,0.3481964340121541,0.7640845183675542,-1.506513710653936
0.16,-0.11054312800452863,-0.18595333181959736,-0.48064803129497935,0.3471737142447447,-0.48064803129497935,0.3471737142447447,0.7935761782644866,-1.4719982042445372
0.17,-0.1074118643726828,-0.18960350723003422,-0.5061439840215908,0.34557131390189194,-0.5061439840215908,0.34557131390189194,0.8234130490275927,-1.435725065658441
0.18,-0.10403611990506305,-0.19257405849865708,-0.5320739101319055,0.34285278668667485,-0.5320739101319055,0.34285278668667485,0.8528608427824431,-1.3971087499643084
0.19,-0.1003592436024375,-0.194740501505319,-0.5583709556950118,0.33850851390380404,-0.5583709556950118,0.33850851390380404,0.8811537036526883,-1.355935286602397
0.2,-0.09642162700765425,-0.1959434869778123,-0.5847576916974346,0.3321594414030874,-0.5847576916974346,0.3321594414030874,0.9076246258326879,-1.3122527251330491
0.21,-0.09235225656027768,-0.1960399153454304,-0.6108476150608071,0.3235935787231277,-0.6108476150608071,0.3235935787231277,0.9317418435264605,-1.2662492149555091
0.22,-0.08834306480374075,-0.19493638018536616,-0.6362252002920084,0.31275534265888677,-0.6362252002920084,0.31275534265888677,0.9530793375744903,-1.2181685713234167
0.23,-0.0846182492555124,-0.19260425546688845,-0.6604943105690929,0.299714335219643,-0.6604943105690929,0.299714335219643,0.9712655698847218,-1.1682818499189607
0.24,-0.08140650923381304,-0.18908063973481076,-0.6833007906101325,0.2846339584775485,-0.6833007906101325,0.2846339584775485,0.9859490021387604,-1.1169039469887956
0.25,-0.0789196902067056,-0.1844605752620943,-0.7043416122967858,0.2677487664891972,-0.7043416122967858,0.2677487664891972,0.9967995656750887,-1.0644272751971084
0.26,-0.07733830410180402,-0.17888500543176383,-0.7233710501963019,0.24934959067444462,-0.7233710501963019,0.24934959067444462,1.003543026239656,-1.0113436215488791
0.27,-0.07680300091102328,-0.17252739787716273,-0.7402083292776787,0.2297709721202293,-0.7402083292776787,0.2297709721202293,1.0060097515945277,-0.9582368956727616
0.28,-0.07741070345176654,-0.16558070934580146,-0.7547456191501499,0.20937622408191767,-0.7547456191501499,0.20937622408191767,1.0041755461004056,-0.9057458568499548
0.29,-0.07921416435072072,-0.1582455374750801,-0.7669528401345891,0.18853894284982167,-0.7669528401345891,0.18853894284982167,0.9981788755987345,-0.8545089740433927
0.3,-0.08222390362016911,-0.1507197209238181,-0.7768765790669965,0.16762296288766032,-0.7768765790669965,0.16762296288766032,0.9883105561733765,-0.8051084554111709
0.31,-0.08641185666525389,-0.14318924234963096,-0.7846327661940977,0.14696387460617585,-0.7846327661940977,0.14696387460617585,0.9749823640816564,-0.7580271003307076
0.32,-0.09171659188314607,-0.1358201998668407,-0.7903946619885724,0.12685438792990525,-0.7903946619885724,0.12685438792990525,0.958685769567012,-0.7136237427565818
0.33,-0.0980503900079662,-0.12875198481139244,-0.7943781746787714,0.10753431473382609,-0.7943781746787714,0.10753431473382609,0.9399506199216197,-0.672125636759673
0.34,-0.1053084204346378,-0.12209249732378583,-0.7968259212602242,0.0891850339649244,-0.7968259212602242,0.0891850339649244,0.9193088078904208,-0.6336325900667168
0.35,-0.11337949819218922,-0.11591675763486839,-0.7979908023863381,0.07192838424005193,-0.7979908023863381,0.07192838424005193,0.89726353037427,-0.598128387743895
0.36,-0.12215672039982022,-0.11027004879445147,-0.7981199887150666,0.055830423518182605,-0.7981199887150666,0.055830423518182605,0.8742631906328822,-0.565497910764592
0.37,-0.1315453633833558,-0.10517550268461258,-0.7974410831908122,0.04091046683543364,-0.7974410831908122,0.04091046683543364,0.8506803933356994,-0.5355504049056259
0.38,-0.14146554746957146,-0.10064417402723463,-0.7961530431934988,0.02715473160210368,-0.7961530431934988,0.02715473160210368,0.826798845200642,-0.5080488086643226
0.39,-0.15184870739831124,-0.09668403620544458,-0.7944242595563912,0.014532079538249476,-0.7944242595563912,0.014532079538249476,0.8028118286695118,-0.48274224125468934
0.4,-0.1626294684305624,-0.09330400183442811,-0.792398529371588,0.0030077228122256648,-0.792398529371588,0.0030077228122256648,0.7788339455063917,-0.4593957145555146
0.41,-0.1737370560758151,-0.09051061610232176,-0.7902069071207295,-0.007449523242101394,-0.7902069071207295,-0.007449523242101394,0.7549236572448257,-0.43781019167703566
0.42,-0.18509151399724488,-0.08829824285216693,-0.7879807005811463,-0.0168691752084084,-0.7879807005811463,-0.0168691752084084,0.731109916747151,-0.4178284389991988
0.43,-0.1966087655433112,-0.08663718617430202,-0.7858595894805778,-0.025289554119513655,-0.7858595894805778,-0.025289554119513655,0.707414282174448,-0.39932703710490924
0.44,-0.20821487622562013,-0.08546650247656981,-0.7839899987194762,-0.03277226161111554,-0.7839899987194762,-0.03277226161111554,0.6838616725306023,-0.38220026188585443
0.45,-0.21986498251505182,-0.08469764679789778,-0.7825124978260047,-0.03941349396008998,-0.7825124978260047,-0.03941349396008998,0.6604779367472238,-0.36634472222034603
0.46,-0.23155852450432343,-0.08423102365479403,-0.7815419370048565,-0.04534520253720749,-0.7815419370048565,-0.04534520253720749,0.6372785813727838,-0.351652849454549
0.47,-0.24334207307033415,-0.08398119996415211,-0.7811481445881816,-0.050722593376759675,-0.7811481445881816,-0.050722593376759675,0.6142574154702996,-0.3380185073370118
0.48,-0.25529536183324986,-0.08390087724624622,-0.7813461403160783,-0.05570016977332576,-0.7813461403160783,-0.05570016977332576,0.5913840416774881,-0.32535107099999655
0.49,-0.26750393962278174,-0.08399209795860389,-0.7821019444818617,-0.06040402212793561,-0.7821019444818617,-0.06040402212793561,0.56861432051054,-0.31358868506177145
0.5,-0.28002956723815253,-0.08429753536233746,-0.7833540923660497,-0.06491067127026846,-0.7833540923660497,-0.06491067127026846,0.5459099673591302,-0.30270042390330115
0.51,-0.2928926162136034,-0.08487397468101994,-0.7850444862920738,-0.06924101137967148,-0.7850444862920738,-0.06924101137967148,0.5232563003498356,-0.2926722604203705
0.52,-0.30607647922481673,-0.08575989885006764,-0.7871481940328553,-0.07337244150853238,-0.7871481940328553,-0.07337244150853238,0.5006653420527737,-0.2834814025359383
0.53,-0.3195534317183537,-0.08695381188495518,-0.7896919593867304,-0.07726556825616235,-0.7896919593867304,-0.07726556825616235,0.4781574840397432,-0.27507282161289404
0.54,-0.3333196273191462,-0.08841592684483801,-0.7927552039379218,-0.0808967400777754,-0.7927552039379218,-0.0808967400777754,0.455727071404181,-0.2673546628717119
0.55,-0.34742071491358095,-0.09009418894446064,-0.7964532492831501,-0.08428589983364879,-0.7964532492831501,-0.08428589983364879,0.4333094130667497,-0.26022203299983915
0.56,-0.3619532726544806,-0.09196220936884057,-0.8009081073556318,-0.08751094524743398,-0.8009081073556318,-0.08751094524743398,0.4107709357061293,-0.25360332181895506
0.57,-0.37703970630586137,-0.09404924295886433,-0.8062159080167319,-0.09070393531947828,-0.8062159080167319,-0.09070393531947828,0.3879356674857162,-0.24750762228418638
0.58,-0.3927888976484055,-0.09644571234554666,-0.8124212414967105,-0.09402976410986791,-0.8124212414967105,-0.09402976410986791,0.36464248024819823,-0.2420459599007096
0.59,-0.4092633093040606,-0.099280721317871,-0.8195072908304728,-0.09765326673036392,-0.8195072908304728,-0.09765326673036392,0.3408083075245667,-0.23740862550983233
0.6,-0.42647021509499283,-0.10268345528729331,-0.8274065880653259,-0.10170511744523157,-0.8274065880653259,-0.10170511744523157,0.31646468591015847,-0.23380272032873517
0.61,-0.4443815862406693,-0.1067493814045392,-0.8360307679481472,-0.10625890043091726,-0.8360307679481472,-0.10625890043091726,0.2917449194050881,-0.23137673858006916
0.62,-0.4629714724039841,-0.11152930389919916,-0.8453101405047484,-0.11132960160262999,-0.8453101405047484,-0.11132960160262999,0.2668233922887648,-0.23016923314388366
0.63,-0.48225080545308663,-0.11704634972858301,-0.8552283157731159,-0.1168966088366381,-0.8552283157731159,-0.1168966088366381,0.24183440490158684,-0.23010879561627517
0.64,-0.5022825338013897,-0.12333098202387982,-0.8658372978606789,-0.12294397777668704,-0.8658372978606789,-0.12294397777668704,0.21681011794640198,-0.23106649217973005
0.65,-0.5231722285649286,-0.130456353344208,-0.8772461630101378,-0.1295022423881049,-0.8772461630101378,-0.1295022423881049,0.19166716149339214,-0.23293399089864789
0.66,-0.5450423327001301,-0.13855964139188615,-0.889588719286901,-0.13667503228109085,-0.889588719286901,-0.13667503228109085,0.16624411430766098,-0.23568817270306286
0.67,-0.5680040247812453,-0.14784572810415908,-0.9029854463738439,-0.14464199865442656,-0.9029854463738439,-0.14464199865442656,0.14036444038450674,-0.23941436273798833
0.68,-0.5921371476418553,-0.1585798352937715,-0.9175160533612806,-0.15364261327774204,-0.9175160533612806,-0.15364261327774204,0.11388962851135881,-0.24428760129714275
0.69,-0.6174799215024789,-0.17107963889502253,-0.933210271041288,-0.16395508967053862,-0.933210271041288,-0.16395508967053862,0.08674058600142641,-0.2505354235741779
0.7,-0.644022225038861,-0.1857142704121582,-0.9500517524291175,-0.1758848884001619,-0.9500517524291175,-0.1758848884001619,0.058890208911573816,-0.25841068789681026
0.71,-0.6716928621069631,-0.20291051440551547,-0.9679814090973201,-0.18976839430228745,-0.9679814090973201,-0.18976839430228745,0.030347950499196544,-0.26818883357712964
0.72,-0.7003332655022602,-0.22315913724085068,-0.986887038538339,-0.20598555231939414,-0.986887038538339,-0.20598555231939414,0.0011579322118142027,-0.2801840248363608
0.73,-0.7296565318966217,-0.2470097713983015,-1.00657444202192,-0.22496773797822653,-1.00657444202192,-0.22496773797822653,-0.028580039040320453,-0.2947669889036541
0.74,-0.7591989153074788,-0.2750435039948908,-1.0267257348926866,-0.2471875371948792,-1.0267257348926866,-0.2471875371948792,-0.05867088957525239,-0.31236785373437087
0.75,-0.7882767171955375,-0.307818400255174,-1.046857298035529,-0.27312388123114584,-1.046857298035529,-0.27312388123114584,-0.08877828436595482,-0.3334546946424795
0.76,-0.815961679198027,-0.3457909685342503,-1.0662902334973823,-0.3032041915376586,-1.0662902334973823,-0.3032041915376586,-0.11838602918477818,-0.3584867085984238
0.77,-0.8410840552234007,-0.3892209542136059,-1.0841422451023952,-0.337730114081565,-1.0841422451023952,-0.337730114081565,-0.146778509523506,-0.38784749520914497
0.78,-0.8622701126003612,-0.4380671006397549,-1.099346260959091,-0.3767940191259069,-1.099346260959091,-0.3767940191259069,-0.17304716827157945,-0.4217679150125021
0.79,-0.8780226513235425,-0.4918832997528611,-1.1107010538901152,-0.4201932471709025,-1.1107010538901152,-0.4201932471709025,-0.1961249437062971,-0.46024815265586894
0.8,-0.8868536952162985,-0.5497332745614257,-1.1169606502375686,-0.4673529543309362,-1.1169606502375686,-0.4673529543309362,-0.21484881496444055,-0.5029861147334409
0.81,-0.8874686585976456,-0.610153735881855,-1.1169661503139636,-0.5172769218798356,-1.1169661503139636,-0.5172769218798356,-0.22805302608624106,-0.5493196721153326
0.82,-0.8789799679720166,-0.6711985392360681,-1.109811056618477,-0.5685524542087994,-1.109811056618477,-0.5685524542087994,-0.23469565741446508,-0.5981976469325558
0.83,-0.8611069184190354,-0.7305812867123209,-1.0950125276704548,-0.619431332082968,-1.0950125276704548,-0.619431332082968,-0.23401019347561205,-0.6482030518359693
0.84,-0.8343117711200441,-0.7859065076465795,-1.0726470124262448,-0.6679901932701487,-1.0726470124262448,-0.6679901932701487,-0.22565320839382938,-0.6976480685576175
0.85,-0.7998331274540581,-0.8349543040447537,-1.0434101763473842,-0.7123476524740279,-1.0434101763473842,-0.7123476524740279,-0.20980556089107555,-0.7447369498074465
0.86,-0.7595981775684356,-0.8759691430936212,-1.008579545010503,-0.7508954052445124,-1.008579545010503,-0.7508954052445124,-0.18719421998384414,-0.7877633920427388
0.87,-0.7160177942147444,-0.9078988425309474,-0.9698846409655304,-0.7824965390620602,-0.9698846409655304,-0.7824965390620602,-0.15903178315555053,-0.8252967017915588
0.88,-0.6716928676382793,-0.930532454857097,-0.9293106068805828,-0.8066158050186771,-0.9293106068805828,-0.8066158050186771,-0.12689676981178666,-0.856325741443955
0.89,-0.6290866378519177,-0.944501370402284,-0.8888704244094193,-0.8233644442087189,-0.8888704244094193,-0.8233644442087189,-0.0925795753775979,-0.8803534316392208
0.9,-0.5902343809849412,-0.9511421848168159,-0.8503806156800129,-0.8334571917999152,-0.8503806156800129,-0.8334571917999152,-0.05790440145987757,-0.8974411376402507
0.91,-0.5565515382519178,-0.9522624666016561,-0.8152727399210226,-0.8380898573542762,-0.8152727399210226,-0.8380898573542762,-0.02453482645405752,-0.9081890982908523
0.92,-0.5287628529404478,-0.9498758593678359,-0.7844700762525691,-0.8387573512481996,-0.7844700762525691,-0.8387573512481996,0.0062072213732313145,-0.9136340155121103
0.93,-0.506932131535743,-0.9459632269003179,-0.7583497955547486,-0.8370462641850973,-0.7583497955547486,-0.8370462641850973,0.03345714706191271,-0.9150726435740127
0.94,-0.4905545511032893,-0.9422831366020203,-0.7367902423919305,-0.8344453145102178,-0.7367902423919305,-0.8344453145102178,0.05682142226296225,-0.9138649824654689
0.95,-0.47868644169271274,-0.9402295119344334,-0.7192770273334255,-0.8322090675352478,-0.7192770273334255,-0.8322090675352478,0.07630716337885879,-0.9112849424963171
0.96,-0.4701065824822459,-0.9407360730476071,-0.7050282808416753,-0.8312842310359007,-0.7050282808416753,-0.8312842310359007,0.09223058895855084,-0.908444578779055
0.97,-0.46350117088426845,-0.944242997588442,-0.6931111025309873,-0.8322812791511147,-0.6931111025309873,-0.8322812791511147,0.10515355780045066,-0.90625570592945
0.98,-0.45764279553924125,-0.9507415049213578,-0.6825476869614944,-0.8354699942734255,-0.6825476869614944,-0.8354699942734255,0.1158347169269118,-0.9053766432029738
0.99,-0.4515197950253906,-0.9598856752691726,-0.672422841389583,-0.8407981598620652,-0.672422841389583,-0.8407981598620652,0.12514040105452495,-0.906144418067802
1.0,-0.444389026459772,-0.9711289452300786,-0.6619879064816117,-0.8479517753083512,-0.6619879064816117,-0.8479517753083512,0.13389573106400918,-0.9085563134297467
1.01,-0.4357635688134186,-0.9838364001882909,-0.6507274869649908,-0.8564630081261628,-0.6507274869649908,-0.8564630081261628,0.14273845568421667,-0.912357461835037
1.02,-0.4253752472802789,-0.99735086558362,-0.6383541589403144,-0.8658321849771974,-0.6383541589403144,-0.8658321849771974,0.1520724865907468,-0.9172030954693106
1.03,-0.41314735987876816,-1.0110273448690266,-0.6247388709764647,-0.8756044490013792,-0.6247388709764647,-0.8756044490013792,0.16214840564469973,-0.92278242041376
1.04,-0.3991835646933334,-1.0242659513754033,-0.6098369758217412,-0.8853691196733777,-0.6098369758217412,-0.8853691196733777,0.1731811524894495,-0.9288144118591796
1.05,-0.38375292330519645,-1.036559185962603,-0.5936743055051666,-0.8947168893212664,-0.5936743055051666,-0.8947168893212664,0.18537428106524312,-0.9349495253413967
1.06,-0.36724957948646314,-1.0475427547666258,-0.5763964631847834,-0.9032326737388857,-0.5763964631847834,-0.9032326737388857,0.19881452590580675,-0.9407150881421722
1.07,-0.3501257088866135,-1.057024606401796,-0.5583102784119208,-0.9105677488542329,-0.5583102784119208,-0.9105677488542329,0.2133465506930614,-0.9456083944538797
1.08,-0.3328188933502802,-1.0649748975146158,-0.5398383552961903,-0.9165460668118437,-0.5398383552961903,-0.9165460668118437,0.22858238441175194,-0.9492878411381558
1.09,-0.31570234119354984,-1.071482063763085,-0.5213873788382757,-0.9212040546711123,-0.5213873788382757,-0.9212040546711123,0.24408035110705517,-0.95169070359931
1.1,-0.29907376410109765,-1.0767004214973668,-0.5032267853868476,-0.9247084917237693,-0.5032267853868476,-0.9247084917237693,0.2595525068811369,-0.9529532493080377
1.11,-0.2831743352979526,-1.0808189034639357,-0.485484136572703,-0.927212247671895,-0.485484136572703,-0.927212247671895,0.27491019076142337,-0.953196057634513
1.12,-0.2682084687566774,-1.0840640097093832,-0.4682609663134671,-0.9287799424118348,-0.4682609663134671,-0.9287799424118348,0.29010295333562425,-0.9523820680125415
1.13,-0.2543342005148275,-1.0867208594766082,-0.4517492778846414,-0.929459710826642,-0.4517492778846414,-0.929459710826642,0.30491577254369023,-0.950398652892127
1.14,-0.24161902245110392,-1.0891346729015623,-0.4362129012996553,-0.9294319754457385,-0.4362129012996553,-0.9294319754457385,0.3189499407175152,-0.9472940902380955
1.15,-0.22999328531131608,-1.091662968202585,-0.4218235326814698,-0.9290715592811174,-0.4218235326814698,-0.9290715592811174,0.33184458695533514,-0.9434257311140828
1.16,-0.2192514097694899,-1.0945892538101873,-0.4084978505459297,-0.9288232264165452,-0.4084978505459297,-0.9288232264165452,0.3435483026667136,-0.9393367840423993
1.17,-0.20912498729635923,-1.0980536611480904,-0.39591040294805563,-0.9289702199651848,-0.39591040294805563,-0.9289702199651848,0.3543701682500988,-0.9354346901795417
1.18,-0.19939194603062352,-1.1020610578890875,-0.3837083636829134,-0.9295017616778999,-0.3837083636829134,-0.9295017616778999,0.3647262972537248,-0.9317560605708132
1.19,-0.18994157940712747,-1.1065740673195998,-0.3717553232647978,-0.9302213650985697,-0.3717553232647978,-0.9302213650985697,0.37479076781532494,-0.9280522870590496
1.2,-0.18073600725249014,-1.111622393265595,-0.36017651382972626,-0.9310213668328233,-0.36017651382972626,-0.9310213668328233,0.38437644379205543,-0.9241407450707179
1.21,-0.1716923961387246,-1.1173304271193747,-0.34914138604291056,-0.9320765692922974,-0.34914138604291056,-0.9320765692922974,0.393179479114773,-0.920202202267646
1.22,-0.16259017447974478,-1.1238236456438166,-0.33856710544488455,-0.9337575875258146,-0.33856710544488455,-0.9337575875258146,0.4011808305957131,-0.9167266805468837
1.23,-0.15310365486114255,-1.1310839299868571,-0.32802589000057647,-0.9363120760610554,-0.32802589000057647,-0.9363120760610554,0.4088261127676101,-0.9141214594513674
1.24,-0.14295814227951006,-1.1388880816423972,-0.31697696377068574,-0.9395920408461736,-0.31697696377068574,-0.9395920408461736,0.4167808390929872,-0.9123209583282303
1.25,-0.13208656380622574,-1.1469101175668344,-0.3051478956801399,-0.9430948728323498,-0.3051478956801399,-0.9430948728323498,0.4254417450587931,-0.9107696141572831
1.26,-0.12063837022887855,-1.1549254570595056,-0.29272865300212914,-0.946319857729624,-0.29272865300212914,-0.946319857729624,0.43463017423731815,-0.9088337479404838
1.27,-0.10880570001890955,-1.162945406408031,-0.2801808052741083,-0.9491470705206108,-0.2801808052741083,-0.9491470705206108,0.4437611394851427,-0.9063067013600381
1.28,-0.09659954730608848,-1.1711453838371084,-0.26780176309677084,-0.9518958904283881,-0.26780176309677084,-0.9518958904283881,0.4523688765272771,-0.9035612955709885
1.29,-0.08377957026757045,-1.179622126298315,-0.255423058782666,-0.9549845702068727,-0.255423058782666,-0.9549845702068727,0.46053844192580173,-0.901194304561857
1.3,-0.07003096449795206,-1.1881834036137162,-0.24253206738092298,-0.9584732568708961,-0.24253206738092298,-0.9584732568708961,0.4688508583642718,-0.8994577933214329
1.31,-0.05526452188986442,-1.1963786549561786,-0.22874222672888692,-0.9619062599638611,-0.22874222672888692,-0.9619062599638611,0.4778664559973201,-0.897982141530018
1.32,-0.03977823623578913,-1.203789204239374,-0.21420804827884854,-0.9646332827430429,-0.21420804827884854,-0.9646332827430429,0.4875907953801993,-0.8960619574970634
1.33,-0.024101590859151513,-1.2103580828858684,-0.19959070628243714,-0.9663671097141867,-0.19959070628243714,-0.9663671097141867,0.49741259002497334,-0.8932839247940364
1.34,-0.008604765767877297,-1.216464719573014,-0.18554832781194633,-0.9674931196703404,-0.18554832781194633,-0.9674931196703404,0.506611781550164,-0.8899504510827416
1.35,0.006817452207092378,-1.222631934982964,-0.17215218387830034,-0.9688170916729691,-0.17215218387830034,-0.9688170916729691,0.5150310941433478,-0.886893564426581
1.36,0.0226942174692986,-1.2290643791316487,-0.15874022323200754,-0.9709049703689753,-0.15874022323200754,-0.9709049703689753,0.5233251150612747,-0.8847828620240064
1.37,0.039547479070947016,-1.2353976340440034,-0.144388813353605,-0.973543917079753,-0.144388813353605,-0.973543917079753,0.5325232069207626,-0.883484878470532
1.38,0.05740004976501741,-1.24090808791247,-0.12866523895302676,-0.975802134749957,-0.12866523895302676,-0.975802134749957,0.5432154533567398,-0.8820321859929895
1.39,0.07563892340358448,-1.2450687784245391,-0.1120515230664582,-0.9766970319346097,-0.1120515230664582,-0.9766970319346097,0.5550158667796454,-0.8792830293627468
1.4,0.09339966824102573,-1.2480241244221741,-0.09565599648105014,-0.9759676279422342,-0.09565599648105014,-0.9759676279422342,0.5667687570393792,-0.8747777066031801
1.41,0.1102151650787825,-1.2505722857555914,-0.08039557973003922,-0.9743209861496935,-0.08039557973003922,-0.9743209861496935,0.5773754724284708,-0.8691058154381046
1.42,0.12641916010301898,-1.2536108856251866,-0.06628374386068502,-0.9729154763703983,-0.06628374386068502,-0.9729154763703983,0.5866038852101552,-0.8634661134608073
1.43,0.14294457149308418,-1.257445790153271,-0.052411445652345096,-0.9724586506525524,-0.052411445652345096,-0.9724586506525524,0.595231596345165,-0.858745419331318
1.44,0.16062282400175762,-1.261517200408497,-0.037672075407474366,-0.9726358899318335,-0.037672075407474366,-0.9726358899318335,0.6043929756762482,-0.8548437195720637
1.45,0.17951364055321536,-1.264805179523851,-0.02167361585680979,-0.9723530354632411,-0.02167361585680979,-0.9723530354632411,0.6146416183137007,-0.850793598477291
1.46,0.198818301047609,-1.266639936996783,-0.0050982569492040155,-0.9706341210705988,-0.0050982569492040155,-0.9706341210705988,0.6254843165786288,-0.8455922894211055
1.47,0.21749817516535405,-1.2672836406079901,0.010817162595969603,-0.9674695768944934,0.010817162595969603,-0.9674695768944934,0.635780689469645,-0.8390829570464873
1.48,0.2351503282914252,-1.2677813339385402,0.025304854968099724,-0.9639107889562855,0.025304854968099724,-0.9639107889562855,0.644710539509582,-0.8321601874002847
1.49,0.25243896843537983,-1.2691330967281615,0.038784204683316253,-0.9612800830134606,0.038784204683316253,-0.9612800830134606,0.6525375737609849,-0.8260970351885283
1.5,0.2706785146153746,-1.2714009630488987,0.052661088499502365,-0.9600762170936659,0.052661088499502365,-0.9600762170936659,0.6605294130181226,-0.8214946097963537
1.51,0.29081575997777215,-1.2734775383555434,0.06829604770369871,-0.9594401744392869,0.06829604770369871,-0.9594401744392869,0.670042535986929,-0.8176836377670644
1.52,0.3125688392528629,-1.2737808198026428,0.0858997928877656,-0.9576566063110837,0.0858997928877656,-0.9576566063110837,0.681447596945335,-0.813089112160726
1.53,0.33443014853102626,-1.271425232275903,0.10422279016481224,-0.9533787524694146,0.10422279016481224,-0.9533787524694146,0.6937308261454666,-0.8063357444306989
1.54,0.3546255518565403,-1.2669995649640313,0.12134033013891622,-0.946679138573092,0.12134033013891622,-0.946679138573092,0.7051213703823124,-0.7972846267003535
1.55,0.3723845390281824,-1.2623102696516604,0.1360061881906992,-0.9391097616803874,0.1360061881906992,-0.9391097616803874,0.714321591610876,-0.7872091126325512
1.56,0.3885820218045067,-1.2591920170466135,0.14858570365689322,-0.9326684157612207,0.14858570365689322,-0.9326684157612207,0.7214440962778444,-0.7779414686139474
1.57,0.4052194851992715,-1.2582063140474145,0.16085090531555848,-0.9283899411326638,0.16085090531555848,-0.9283899411326638,0.7279522220022693,-0.7705891596883631
1.58,0.42405330089101057,-1.258190166242351,0.174744686678302,-0.9255910832551199,0.174744686678302,-0.9255910832551199,0.7356255755333196,-0.7647535464731559
1.59,0.4453367621824172,-1.2570385369539112,0.1909923699693558,-0.9223455881390998,0.1909923699693558,-0.9223455881390998,0.745292519486349,-0.7588280383367497
1.6,0.4676112174397026,-1.2532047900325292,0.2085769332336263,-0.916870766262155,0.2085769332336263,-0.916870766262155,0.7562504647182632,-0.751165766049025
1.61,0.4887486226609833,-1.2468429834246577,0.22548060555998908,-0.9088258573107917,0.22548060555998908,-0.9088258573107917,0.7667964752195937,-0.7412690999183137
1.62,0.5075282004829351,-1.2397307954370589,0.24017052519549145,-0.8995665811417094,0.24017052519549145,-0.8995665811417094,0.7754804746562902,-0.7301356454816667
1.63,0.5246010672902586,-1.2339769401760994,0.25274838725640786,-0.8911502615473882,0.25274838725640786,-0.8911502615473882,0.7821662396530471,-0.7195109968071672
1.64,0.5420985007564447,-1.2304176204377282,0.26491095177179175,-0.884800822368272,0.26491095177179175,-0.884800822368272,0.7881267516770332,-0.71059587828978
1.65,0.5621091352861967,-1.2278776541485565,0.2787254094859352,-0.8799530779891209,0.2787254094859352,-0.8799530779891209,0.7951051071375301,-0.7031519871547697
1.66,0.5850956334305758,-1.2238880249095698,0.2950924614402744,-0.8745933530510146,0.2950924614402744,-0.8745933530510146,0.8040250990710693,-0.6956599455014069
1.67,0.6094163906498902,-1.2164080062058484,0.31301671563434724,-0.8666808301803496,0.31301671563434724,-0.8666808301803496,0.8142904757975127,-0.68641856766286
1.68,0.6323641386792367,-1.2053424695421175,0.3302408765449051,-0.8556419028206563,0.3302408765449051,-0.8556419028206563,0.8241870375162902,-0.6747920312981288
1.69,0.6520477880676735,-1.1927359719201183,0.34482419072198417,-0.842853377228695,0.34482419072198417,-0.842853377228695,0.8321067505833987,-0.6617017722467976
1.7,0.6688008288626186,-1.1814299629406984,0.3565545991168934,-0.8307337039222026,0.3565545991168934,-0.8307337039222026,0.8377202094509504,-0.6489986814649205
1.71,0.6850781279849651,-1.1730649600997844,0.3671766200780828,-0.821049840080081,0.3671766200780828,-0.821049840080081,0.842255267667809,-0.6381502110528182
1.72,0.7038349205079779,-1.1668176817265195,0.3792358672344722,-0.8136197596974708,0.3792358672344722,-0.8136197596974708,0.8476695083878617,-0.6291672066911205
1.73,0.7264571166180631,-1.1598033159429424,0.3943136337769555,-0.8063375820519846,0.3943136337769555,-0.8063375820519846,0.8552837978506166,-0.6205324092135222
1.74,0.751671910433813,-1.1489411279624284,0.41186828677496057,-0.7965408360607158,0.41186828677496057,-0.7965408360607158,0.8648252220514754,-0.6101956183452965
1.75,0.7762395324279258,-1.1330533712233004,0.42950106933110305,-0.7828071960896772,0.42950106933110305,-0.7828071960896772,0.8745479117188706,-0.5969598863548498
1.76,0.7970237221086958,-1.1137622542422563,0.4444954008157972,-0.7659577061742663,0.4444954008157972,-0.7659577061742663,0.8823599035526125,-0.5813120077015578
1.77,0.813079858551724,-1.0945279138078587,0.455606754953899,-0.7485701180713493,0.455606754953899,-0.7485701180713493,0.8871976079708974,-0.5651297529021454
1.78,0.8263488900319131,-1.0784163444076516,0.4639008846822996,-0.7333090045494093,0.4639008846822996,-0.7333090045494093,0.8897243170265167,-0.5504598690780097
1.79,0.8404514323125122,-1.0660578478137746,0.47207095072508676,-0.7211763111913815,0.47207095072508676,-0.7211763111913815,0.8918886177466463,-0.5381827350617182
1.8,0.8583382336193387,-1.0551589587219268,0.48267739169011936,-0.7108411610513149,0.48267739169011936,-0.7108411610513149,0.8956416060583702,-0.5274464447409911
1.81,0.8803256695425344,-1.0419206605344113,0.49646648946354055,-0.6994911311164516,0.49646648946354055,-0.6994911311164516,0.9016624857280888,-0.5162328220313434
1.82,0.9038095458375609,-1.0234621601966356,0.5118650872843908,-0.6846448507831905,0.5118650872843908,-0.6846448507831905,0.908921089300569,-0.5026701088543183
1.83,0.924861091292792,-0.999683225622241,0.525970638272638,-0.6657438529205871,0.525970638272638,-0.6657438529205871,0.9153433520114801,-0.48623029184931577
1.84,0.9406843670906356,-0.9733572835877552,0.536381881425413,-0.6445007642411504,0.536381881425413,-0.6445007642411504,0.9191267110807523,-0.4680461295063358
1.85,0.9513567229964276,-0.9483921499789121,0.5426850485969297,-0.6237999793174508,0.5426850485969297,-0.6237999793174508,0.9198491461262065,-0.45017061535946185
1.86,0.9597407358083594,-0.9273743034447236,0.5466558381862842,-0.6058784937429124,0.5466558381862842,-0.6058784937429124,0.9186760833648443,-0.43428179744001066
1.87,0.9696336230823238,-0.9099631358148791,0.5510781783470792,-0.5909555093677584,0.5510781783470792,-0.5909555093677584,0.9175671203202296,-0.4206685722430695
1.88,0.9833408853872622,-0.8931447135920031,0.5579598124917122,-0.5771631206947001,0.5579598124917122,-0.5771631206947001,0.9180187805124462,-0.4081219312500308
1.89,1.0002095020087942,-0.8731642916595287,0.5672811184372448,-0.561784626915951,0.5672811184372448,-0.561784626915951,0.9201466407232795,-0.39476124332433066
1.9,1.0170270501107253,-0.8479029689826003,0.5770415564811192,-0.5429871909938271,0.5770415564811192,-0.5429871909938271,0.9226608120512899,-0.3792410401857452
1.91,1.030007597474757,-0.8182092402530974,0.5845316297745262,-0.5209566517285157,0.5845316297745262,-0.5209566517285157,0.9237073013510514,-0.3615757295997817
1.92,1.0371031713616323,-0.7873792805157518,0.5880011373502079,-0.49775522860972254,0.5880011373502079,-0.49775522860972254,0.9220155378162307,-0.34309558551713676
1.93,1.039208639077736,-0.7591457820341757,0.5876843552541186,-0.47603841174832534,0.5876843552541186,-0.47603841174832534,0.917635959693745,-0.3256070030334223
1.94,1.0395476735107316,-0.7354438402937764,0.5855826526251942,-0.457460879609781,0.5855826526251942,-0.457460879609781,0.9118433872593945,-0.3103106859233359
1.95,1.041661901696511,-0.7153216288874061,0.584190384280151,-0.4417524406614034,0.584190384280151,-0.4417524406614034,0.9063134456377467,-0.2971441487447501
1.96,1.0472619901793474,-0.6956234196408738,0.5849813659550155,-0.42699105041467594,0.5849813659550155,-0.42699105041467594,0.9021104092615727,-0.2849166442921188
1.97,1.0552399378172375,-0.6729789356895459,0.5875757532985397,-0.4108517259131348,0.5875757532985397,-0.4108517259131348,0.8991020041965357,-0.2721055150158235
1.98,1.0623963533927088,-0.6458646616590783,0.5900505832080203,-0.3920374957521906,0.5900505832080203,-0.3920374957521906,0.896120099478221,-0.257798148522483
1.99,1.0653905471229979,-0.6155075595750401,0.5901508192852691,-0.37103424869783025,0.5901508192852691,-0.37103424869783025,0.8917220951721488,-0.24221421093508502
2.0,1.0627157137634133,-0.5851390123628344,0.5866392256348848,-0.3497806305126181,0.5866392256348848,-0.3497806305126181,0.8850651364623728,-0.22653108776792236
2.01,1.0555383952226238,-0.558100583282569,0.5799873176596716,-0.33050590281013076,0.5799873176596716,-0.33050590281013076,0.8763760593483942,-0.2121634999140312
2.02,1.0469589142906168,-0.5359526237222142,0.5720433239980802,-0.3144585021704572,0.5720433239980802,-0.3144585021704572,0.8667745596186979,-0.19995345247073817
2.03,1.040188430838934,-0.5176805115692324,0.5649289535307412,-0.3012653220301308,0.5649289535307412,-0.3012653220301308,0.857599118188011,-0.18974230735836004
2.04,1.036739097774884,-0.500405616081652,0.5598438616981916,-0.28925039500733446,0.5598438616981916,-0.28925039500733446,0.8496577877858603,-0.18053988621358494
2.05,1.035659997130637,-0.4811248645423008,0.5564636901748989,-0.2764716063255677,0.5564636901748989,-0.2764716063255677,0.8428338452666875,-0.1711484312013051
2.06,1.034201722602279,-0.45844286473208645,0.5532336983617362,-0.26184364329472914,0.5532336983617362,-0.26184364329472914,0.8362399455421661,-0.1608544998057563
2.07,1.0294646850424447,-0.43332144378729337,0.5483346962389767,-0.24571140508138245,0.5483346962389767,-0.24571140508138245,0.828790607853922,-0.14979681613717885
2.08,1.02005983402658,-0.408477050813267,0.5407385202661887,-0.22959073143579478,0.5407385202661887,-0.22959073143579478,0.8198414886500783,-0.13883218522865906
2.09,1.0068595207250153,-0.3868298367585143,0.5307632392823488,-0.21527552046023363,0.5307632392823488,-0.21527552046023363,0.8095377699329215,-0.12901413320457789
2.1,0.9924725926839558,-0.36990779853919004,0.5198570908128042,-0.20384398076058155,0.5198570908128042,-0.20384398076058155,0.7987048248398815,-0.12100087749603512
2.11,0.9797981610098787,-0.35707980974190695,0.5097812112302377,-0.19511181503851602,0.5097812112302377,-0.19511181503851602,0.7883777740569259,-0.1147194736097165
2.12,0.9704911949000709,-0.3459879603931567,0.5016736324248862,-0.18779675932508663,0.5016736324248862,-0.18779675932508663,0.7792524407880548,-0.10944573570033433
2.13,0.9641690441372387,-0.33388063255177486,0.495503805565904,-0.18025686422202686,0.495503805565904,-0.18025686422202686,0.7713567846645402,-0.10422303117614597
2.14,0.9587400186257814,-0.31908505673109233,0.49017966633196036,-0.17137006310878533,0.49017966633196036,-0.17137006310878533,0.7640980068265819,-0.09837045116270976
2.15,0.9516159582412882,-0.3018324112194076,0.4842041864772659,-0.16108159808195657,0.4842041864772659,-0.16108159808195657,0.7566289649839322,-0.09180659131953806
2.16,0.9411208006891002,-0.28403964398835324,0.47649844532531344,-0.1503570480068167,0.47649844532531344,-0.1503570480068167,0.7483162288329709,-0.08503635053545411
2.17,0.9273492247614208,-0.26822256724174426,0.4669518253455262,-0.14060849773281825,0.4669518253455262,-0.14060849773281825,0.7390595428994546,-0.07883647322775547
2.18,0.9120628673174482,-0.25615366588430577,0.45643551296512336,-0.13292797201613782,0.45643551296512336,-0.13292797201613782,0.7293117977853866,-0.07382687555249984
2.19,0.89773348101655,-0.2479694581278569,0.44631128508983975,-0.1275345470774454,0.44631128508983975,-0.1275345470774454,0.7198150784080838,-0.0701557023746651
2.2,0.8862708216012573,-0.24215690708564824,0.43772167571745324,-0.12370080102706561,0.43772167571745324,-0.12370080102706561,0.7112104627305198,-0.06744755092180388
2.21,0.878098017082307,-0.2363749837327898,0.43103548784230156,-0.12016137418777302,0.43103548784230156,-0.12016137418777302,0.7037281346929444,-0.06501847609866959
2.22,0.8720195333778099,-0.22864992266181275,0.42571548501713263,-0.11576447207565022,0.42571548501713263,-0.11576447207565022,0.69710546899572,-0.062228068885789085
2.23,0.8659019858424452,-0.2183254573982768,0.42064408296275163,-0.11002473267872372,0.42064408296275163,-0.11002473267872372,0.6907544397616577,-0.0587827926774453
2.24,0.8577829256864672,-0.20631057096361718,0.4147134396076028,-0.10331110128400398,0.4147134396076028,-0.10331110128400398,0.6840750872024218,-0.05484552120673328
2.25,0.8468359555618752,-0.19454323523076453,0.4073712228674761,-0.09660335126099524,0.4073712228674761,-0.09660335126099524,0.6767496213099687,-0.05091402495410952
2.26,0.8337273214866007,-0.18497844072554953,0.3988586673573179,-0.09096678461905526,0.3988586673573179,-0.09096678461905526,0.6688759377012626,-0.04754678674548491
2.27,0.820225256273298,-0.17862127388445567,0.39004708559499834,-0.08702011661547293,0.39004708559499834,-0.08702011661547293,0.6608894570444096,-0.04508131873498232
2.28,0.8082942461508433,-0.17507124119367098,0.3819799670988432,-0.08465400203009943,0.3819799670988432,-0.08465400203009943,0.653328367848191,-0.043480945436823695
2.29,0.7991401733823456,-0.17276867449861158,0.37536108019871484,-0.08311804147943389,0.37536108019871484,-0.08311804147943389,0.6465673229700999,-0.04237279417358611
2.3,0.792667255377185,-0.16978581991662647,0.37023696950871227,-0.08140946499753404,0.37023696950871227,-0.08140946499753404,0.640648842651563,-0.04124350108995784
2.31,0.7875834589359597,-0.16475492616122578,0.36601177415035524,-0.07875826004101714,0.36601177415035524,-0.07875826004101714,0.6352845143166855,-0.039687441117320185
2.32,0.7820691273626853,-0.1574848556432409,0.3617652498925113,-0.07497267376349308,0.3617652498925113,-0.07497267376349308,0.6300121623404494,-0.037586382590211256
2.33,0.7746623824112898,-0.14899128761587607,0.3567042455601166,-0.07049150091795058,0.3567042455601166,-0.07049150091795058,0.6244232532836141,-0.03514157936155332
2.34,0.7649330292010913,-0.1409574474338265,0.3505273008852566,-0.06613772415422811,0.3505273008852566,-0.06613772415422811,0.6183490493806004,-0.03275454924071055
2.35,0.7536404240457137,-0.13490794063363334,0.34353788676974284,-0.06270767259194496,0.34353788676974284,-0.06270767259194496,0.611922157941357,-0.030823294297159333
2.36,0.7423285769386421,-0.13149575085382836,0.33646974107557925,-0.06059688960343725,0.33646974107557925,-0.06059688960343725,0.6054942975479397,-0.029554423666278716
2.37,0.7325752263331102,-0.1302273932786708,0.3301230880964555,-0.059633244047428945,0.3301230880964555,-0.059633244047428945,0.5994586457808205,-0.02887641811840811
2.38,0.7252591564665244,-0.12973106290774775,0.3249907328889341,-0.059181223474672674,0.3249907328889341,-0.059181223474672674,0.594064983262595,-0.02848644323695609
2.39,0.7201818024326054,-0.12841759953782003,0.3210458729298986,-0.058453188077112535,0.3210458729298986,-0.058453188077112535,0.5893124047467339,-0.027999900353427695
2.4,0.716199260025972,-0.12521246420290516,0.31777876772397834,-0.05687327876714489,0.31777876772397834,-0.05687327876714489,0.5849628907684742,-0.02712766284190587
2.41,0.7117800966230771,-0.12002138776033527,0.31445099605758975,-0.0543255484454127,0.31445099605758975,-0.0543255484454127,0.5806612961737693,-0.025798961944885863
2.42,0.7057153918494782,-0.11373065616891044,0.3104396094743863,-0.05118073927197901,0.3104396094743863,-0.05118073927197901,0.5761004892294883,-0.02417828369598216
2.43,0.697652558496499,-0.10776366407884727,0.3055108975910823,-0.04810237067970219,0.3055108975910823,-0.04810237067970219,0.5711545455250331,-0.022575855744592845
2.44,0.6882205738596255,-0.10341413946306302,0.2999049245920891,-0.04573176396687193,0.2999049245920891,-0.04573176396687193,0.5659226788560391,-0.021298830495565923
2.45,0.6787091989405885,-0.10126542432968151,0.29420377583900875,-0.04439959174569531,0.29420377583900875,-0.04439959174569531,0.5606703395126762,-0.02051326510871856
2.46,0.6704656500835838,-0.10095131349456304,0.28905422391298863,-0.04399079982139466,0.28905422391298863,-0.04399079982139466,0.5557003462286426,-0.0201772660997122
2.47,0.6642896509431419,-0.10134969012672389,0.28487570889226327,-0.0440143199752099,0.28487570889226327,-0.0440143199752099,0.551215422514251,-0.020070124108164264
2.48,0.6600950431667612,-0.10110436778810374,0.2816833468970255,-0.043835746810832375,0.2816833468970255,-0.043835746810832375,0.5472330670786996,-0.01989847839161537
2.49,0.656976102662903,-0.09923072488670126,0.27909775422257904,-0.042961971216245474,0.27909775422257904,-0.042961971216245474,0.543586726013601,-0.01942816825387438
2.5,0.6536324850989074,-0.09553501652902761,0.2765276401763792,-0.041250223919364275,0.2765276401763792,-0.041250223919364275,0.5400073903200613,-0.018582624966138064
2.51,0.648951549197742,-0.09067108474007353,0.27343643845885374,-0.03895405047394043,0.27343643845885374,-0.03895405047394043,0.536245175403256,-0.017467052136961283
2.52,0.6424870318835375,-0.08582458967748192,0.26957254177448625,-0.036594562659557885,0.26957254177448625,-0.036594562659557885,0.5321757362777702,-0.016312437295237858
2.53,0.6346299349133416,-0.08217753548334926,0.26506513918601554,-0.0347217457043023,0.26506513918601554,-0.0347217457043023,0.527846489080977,-0.015368431685438503
2.54,0.6264101421438806,-0.08039420416413211,0.2603511059539726,-0.0336744945589275,0.2603511059539726,-0.0336744945589275,0.5234463937779456,-0.01479423206119747
2.55,0.619029351654945,-0.08034951564392533,0.2559728851618904,-0.03344262329245855,0.2559728851618904,-0.03344262329245855,0.5192167898451368,-0.014594291618665416
2.56,0.6133368023164926,-0.08120696393419809,0.252340302994067,-0.03368490344824555,0.252340302994067,-0.03368490344824555,0.5153447577351489,-0.014623637430602555
2.57,0.6094746430264335,-0.08179920577665643,0.24955972687679467,-0.03388789507172979,0.24955972687679467,-0.03388789507172979,0.5118853190079655,-0.014656531787061684
2.58,0.6068380942954168,-0.08113730694735732,0.24740012056869054,-0.033591327813709465,0.24740012056869054,-0.033591327813709465,0.5087438164917243,-0.014485820081194718
2.59,0.6043558581072476,-0.07882685702992204,0.24540411110629584,-0.032581242617223186,0.24540411110629584,-0.032581242617223186,0.50572260083896,-0.014009271575029614
2.6,0.600960010827713,-0.07521732704541868,0.24309042797227537,-0.03097050073761557,0.24309042797227537,-0.03097050073761557,0.5026088265898793,-0.013267198572995614
2.61,0.5960393151425906,-0.0712308007399748,0.24015803174802858,-0.0291376823235257,0.24015803174802858,-0.0291376823235257,0.49926418762535935,-0.012418156374765583
2.62,0.5896848456139101,-0.06795384612881919,0.23660582415723871,-0.027556455240856603,0.23660582415723871,-0.027556455240856603,0.4956788340886127,-0.011666256210194003
2.63,0.5826317331588078,-0.06617281298734659,0.23272141748745354,-0.02659194147780041,0.23272141748745354,-0.02659194147780041,0.4919688471091627,-0.011173082561770482
2.64,0.5759320076603957,-0.06604956809156351,0.2289494152562408,-0.026350726283428706,0.2289494152562408,-0.026350726283428706,0.4883213257640295,-0.010991729930730899
2.65,0.570504446381621,-0.06706853921095668,0.2256993017075915,-0.026644727074028436,0.2256993017075915,-0.026644727074028436,0.4849126238139085,-0.011049185124087937
2.66,0.5667531386587445,-0.06826830018682893,0.22317531235216712,-0.027079172151324486,0.22317531235216712,-0.027079172151324486,0.4818349496933624,-0.011181876289244995
2.67,0.5644113054542694,-0.0686524181538174,0.2212979430955995,-0.02722316863059703,0.2212979430955995,-0.02722316863059703,0.47906122590641453,-0.011207063885165479
2.68,0.5626684094021741,-0.06760345100191491,0.21974597190938247,-0.02678897694768347,0.21974597190938247,-0.02678897694768347,0.47646084088346224,-0.010998899369255948
2.69,0.5605193652655953,-0.0651282459887246,0.21809692677644577,-0.025745532285445735,0.21809692677644577,-0.025745532285445735,0.4738573799911594,-0.01053761088175092
2.7,0.5571845567566939,-0.06183796925601746,0.21600419084925113,-0.02432191219502536,0.21600419084925113,-0.02432191219502536,0.47110261293420136,-0.009912869240261364
2.71,0.5524249015587555,-0.05867917495769285,0.21333637360535657,-0.022903642697448906,0.21333637360535657,-0.022903642697448906,0.4681356188322542,-0.009282130220983892
2.72,0.5466253766330047,-0.056534456488816984,0.21022323355227635,-0.021868669300413607,0.21022323355227635,-0.021868669300413607,0.4650035840064981,-0.00880313595149357
2.73,0.5406199809092843,-0.055860758409432366,0.2069931081269455,-0.021432490888074095,0.2069931081269455,-0.021432490888074095,0.46183763346519346,-0.008569305394380916
2.74,0.5353378543156473,-0.05651212116339792,0.20403165559093225,-0.02156518534329781,0.20403165559093225,-0.02156518534329781,0.45879563476719765,-0.00857409088909975
2.75,0.5314203304830859,-0.057813428344488514,0.2016223276355924,-0.022011212733169992,0.2016223276355924,-0.022011212733169992,0.4559966354865829,-0.008717363113900036
2.76,0.5289654753753358,-0.05884766224365744,0.1998338635735442,-0.022400088713286602,0.1998338635735442,-0.022400088713286602,0.4534737480045299,-0.008849345600192146
2.77,0.5275000683465546,-0.05883392877393214,0.19849856167203322,-0.02239985783641828,0.19849856167203322,-0.02239985783641828,0.4511636305602057,-0.008832760827293682
2.78,0.5261839302784392,-0.05744052501657011,0.19728684634353486,-0.021849865748162837,0.19728684634353486,-0.021849865748162837,0.4489352097298042,-0.008597418414157454
2.79,0.5241573777459131,-0.054908243743014146,0.19584462869612526,-0.02082002554372447,0.19584462869612526,-0.02082002554372447,0.446644422027725,-0.00816565359686865
2.8,0.5208874445701279,-0.05193959660273888,0.19393590839272104,-0.019575371516855188,0.19393590839272104,-0.019575371516855188,0.44419190243564205,-0.0076396894370285
2.81,0.5163735972944049,-0.04940543807793521,0.19153318988788537,-0.018463610409693788,0.19153318988788537,-0.018463610409693788,0.4415604323255043,-0.007157663931114475
2.82,0.5111347514865243,-0.04799207291200662,0.18882151868779762,-0.017773514283096665,0.18882151868779762,-0.017773514283096665,0.43881815127964263,-0.006837248851438655
2.83,0.505989421196662,-0.04793143179349809,0.18611778735221912,-0.017621624245827375,0.18611778735221912,-0.017621624245827375,0.4360878223445675,-0.006729780984169905
2.84,0.5017225113549488,-0.048919002061397786,0.1837404531948755,-0.017911123380759113,0.1837404531948755,-0.017911123380759113,0.4334958264867479,-0.0068025404646539335
2.85,0.49877390285978457,-0.05024660798694628,0.18188293246188575,-0.01837652539585218,0.18188293246188575,-0.01837652539585218,0.43112186071663045,-0.006954902123762972
2.86,0.4970712492246844,-0.051091759643630656,0.18054046780561722,-0.01869359137398002,0.18054046780561722,-0.01869359137398002,0.42896906970335763,-0.007060559504048479
2.87,0.4960692710918299,-0.050845351638131454,0.17951751140025565,-0.018609002285934657,0.17951751140025565,-0.018609002285934657,0.4269654859422872,-0.007018160585028009
2.88,0.4949749237742337,-0.04934744725912097,0.17851011223545843,-0.01803806127125861,0.17851011223545843,-0.01803806127125861,0.42499493700739394,-0.0067901331572289446
2.89,0.49306501499847444,-0.046940399795570256,0.1772284363836003,-0.017092976350371356,0.1772284363836003,-0.017092976350371356,0.42294408874240047,-0.0064149379727755085
2.9,0.48996876415148877,-0.04432301152020787,0.17550989663567398,-0.016032885621857024,0.17550989663567398,-0.016032885621857024,0.42074650793489743,-0.0059890391905402475
2.91,0.48580514410061265,-0.04226832369163689,0.17337881273387917,-0.015157899396941057,0.17337881273387917,-0.015157899396941057,0.418406625707301,-0.005626924868968148
2.92,0.48112517328788196,-0.041319332377430074,0.17103113828650895,-0.014690549803228469,0.17103113828650895,-0.014690549803228469,0.4159951183724884,-0.005415714154713139
2.93,0.4766870895321058,-0.04158197624458998,0.16875284294517956,-0.01469126315633764,0.16875284294517956,-0.01469126315633764,0.4136187346153898,-0.00538221952878059
2.94,0.47315638329310883,-0.04269321497324983,0.16680592484906265,-0.015039469892756313,0.16680592484906265,-0.015039469892756313,0.41137733589677183,-0.005484681167077661
2.95,0.4708489819053938,-0.04397197080793427,0.16532725305613083,-0.015485454439343774,0.16532725305613083,-0.015485454439343774,0.4093252600662259,-0.00563134290505781
2.96,0.46961597405720584,-0.044689897935155994,0.16427892430464996,-0.01575062139508016,0.16427892430464996,-0.01575062139508016,0.40745172795811313,-0.0057176399650710075
2.97,0.46891112076735836,-0.04435421700951086,0.16346771133240304,-0.015635911712324053,0.16346771133240304,-0.015635911712324053,0.40568710801893365,-0.005666947943925616
2.98,0.46801061570158364,-0.042892714330353375,0.16262393776410747,-0.015096195370648529,0.16262393776410747,-0.015096195370648529,0.40393163624123835,-0.005459048536852923
2.99,0.466296147241515,-0.040671638149177285,0.16150739379914567,-0.014252962646257668,0.16150739379914567,-0.014252962646257668,0.4020946524415656,-0.005135816609934237
3.0,0.46349002861597943,-0.038344006535819423,0.15999850174555022,-0.013342477142544933,0.15999850174555022,-0.013342477142544933,0.40012883199193844,-0.00478285295353837
3.01,0.4597530513904085,-0.03659171795853368,0.15814017138880795,-0.012621620904792089,0.15814017138880795,-0.012621620904792089,0.3980464903143856,-0.004495112686612749
3.02,0.4556116704721632,-0.03586375010327268,0.1561161318708105,-0.012269056663463507,0.1561161318708105,-0.012269056663463507,0.39591250731840943,-0.004340344160941333
3.03,0.4517477209427148,-0.03621058328837616,0.15417638490433774,-0.0123195442050403,0.15417638490433774,-0.0123195442050403,0.3938175808442484,-0.004334322141648492
3.04,0.44873493009493,-0.037274754010885196,0.15254001879402201,-0.012655084742275918,0.15254001879402201,-0.012655084742275918,0.39184277078653157,-0.004436728819070947
3.05,0.4468236336173222,-0.03843634128688137,0.15131292930517934,-0.01305419355962746,0.15131292930517934,-0.01305419355962746,0.39002905788354875,-0.004568369829957332
3.06,0.4458536474899214,-0.03905386701001756,0.1504509815528661,-0.013278705760218426,0.1504509815528661,-0.013278705760218426,0.38836316764417156,-0.00464239006334164
3.07,0.4453245822685467,-0.038706921383009726,0.14978100164691152,-0.013164114367263963,0.14978100164691152,-0.013164114367263963,0.38678435885023255,-0.004597199898826629
3.08,0.4445926077155082,-0.037348823660315236,0.1490697661595271,-0.01267922254377028,0.1490697661595271,-0.01267922254377028,0.3852088106002088,-0.004418650577751529
3.09,0.4431157067174471,-0.03531431956003393,0.14811332403224645,-0.011933635617339941,0.14811332403224645,-0.011933635617339941,0.38356173094080487,-0.004143535301140639
3.1,0.4406535446098683,-0.03318392466064526,0.14681227185458692,-0.011132133556640566,0.14681227185458692,-0.011132133556640566,0.3818047976575362,-0.0038438727029273976
3.11,0.4373485137932609,-0.031560562470276485,0.14520526102461415,-0.010495061227872221,0.14520526102461415,-0.010495061227872221,0.3799488554633331,-0.0035986977201875286
3.12,0.43366190970804935,-0.030844837219197868,0.14344988203918096,-0.01017579953462833,0.14344988203918096,-0.01017579953462833,0.37804780737452115,-0.003464439684653628
3.13,0.4301940445233815,-0.031092207688908323,0.1417601348727523,-0.010206054550034531,0.1417601348727523,-0.010206054550034531,0.3761768324832894,-0.003454927042497842
3.14,0.4274585673642739,-0.03200177736268774,0.1403252744402586,-0.010488053428048857,0.1403252744402586,-0.010488053428048857,0.3744036735693872,-0.0035379472120553005
3.15,0.42569523821457167,-0.033036476708487576,0.1392405710178844,-0.010834748244646726,0.1392405710178844,-0.010834748244646726,0.37276384367748244,-0.0036488950455456615
3.16,0.4247885236010095,-0.0336266428300046,0.13847498999837643,-0.011041563843055161,0.13847498999837643,-0.011041563843055161,0.37124868100825015,-0.003715786518415216
3.17,0.42431883372992485,-0.03338005547947395,0.13788643101349657,-0.010962261637084865,0.13788643101349657,-0.010962261637084865,0.369810120292352,-0.0036859976393717494
3.18,0.423723956810368,-0.03222118262010787,0.13727735365424812,-0.010560853073337203,0.13727735365424812,-0.010560853073337203,0.3683797640109437,-0.003544826265385826
3.19,0.4225082939444828,-0.0304104766147995,0.13646892924127765,-0.0099212323127557,0.13646892924127765,-0.0099212323127557,0.3668946530867384,-0.0033193712285619252
3.2,0.4204216675708251,-0.02844023976453708,0.1353657465662193,-0.009212484155865324,0.1353657465662193,-0.009212484155865324,0.3653199673748652,-0.0030669224591775065
3.21,0.4175432870013484,-0.02684915646993518,0.1339876717591312,-0.008624293397918434,0.1339876717591312,-0.008624293397918434,0.36366046133898017,-0.002852818277112825
3.22,0.4142435999039111,-0.026025762644244256,0.13245854485140246,-0.008297251232811805,0.13245854485140246,-0.008297251232811805,0.36195698817455363,-0.0027263529001662554
3.23,0.4110421257552597,-0.02607226676370133,0.13095759397017664,-0.008273568878667216,0.13095759397017664,-0.008273568878667216,0.3602700926232238,-0.0027035747152386914
3.24,0.4084159342728804,-0.026775569408090286,0.12965262079334933,-0.008485159637045546,0.12965262079334933,-0.008485159637045546,0.3586572140118189,-0.0027628556430116177
3.25,0.4066289221722883,-0.027692398858170937,0.12863969450586177,-0.008781925332307735,0.12863969450586177,-0.008781925332307735,0.3571519931256843,-0.0028542353682324325
3.26,0.4056423530281237,-0.028314744007974225,0.12791078643686812,-0.008988620345989911,0.12791078643686812,-0.008988620345989911,0.3557530238527905,-0.0029185794194494753
3.27,0.4051365196649112,-0.028254102688080106,0.1273600314593236,-0.008968847356646785,0.1273600314593236,-0.008968847356646785,0.3544256992227642,-0.002909249355197577
3.28,0.4046328120356728,-0.02737780072027713,0.12682505507447223,-0.008672853890320596,0.12682505507447223,-0.008672853890320596,0.3531159472394476,-0.002808368617978109
3.29,0.4036694468877388,-0.02584956607730822,0.1261472064620102,-0.00815241163679855,0.1261472064620102,-0.00815241163679855,0.3517703942800974,-0.002632034999768824
3.3,0.4019659213374864,-0.024062612223352823,0.1252282185973526,-0.007538626075414239,0.1252282185973526,-0.007538626075414239,0.3503553861772609,-0.0024230873796984654
3.31,0.39951749812856713,-0.02249285493031734,0.12406301989792312,-0.006992175500611376,0.12406301989792312,-0.006992175500611376,0.3488680686685411,-0.0022346240509901103
3.32,0.39658853558943385,-0.021527563446822655,0.12273797649363648,-0.006645007942203627,0.12273797649363648,-0.006645007942203627,0.34733595757521635,-0.002110644187351219
3.33,0.3936108547726356,-0.021331076479680713,0.12139675053246483,-0.006554620312621842,0.12139675053246483,-0.006554620312621842,0.3458057520797696,-0.0020708492840441945
3.34,0.391026440262992,-0.021793423283470365,0.1201872907385365,-0.006686501791685452,0.1201872907385365,-0.006686501791685452,0.3443259042529039,-0.0021047562674975286
3.35,0.38913148463184555,-0.022576917059431056,0.11920939855401048,-0.006929695074671801,0.11920939855401048,-0.006929695074671801,0.3429293857375673,-0.0021767202866028895
3.36,0.38797624303614003,-0.0232413041316721,0.11848123936423385,-0.007138679224929159,0.11848123936423385,-0.007138679224929159,0.34162268510564286,-0.002239583328231239
3.37,0.38735414660661965,-0.02340135470617025,0.11793584553887522,-0.00718586792894164,0.11793584553887522,-0.00718586792894164,0.34038461522926516,-0.002251766937336972
3.38,0.38688152601187625,-0.02286059563701449,0.1174477479815139,-0.007005836489737262,0.1174477479815139,-0.007005836489737262,0.33917491901474206,-0.0021916404686160252
3.39,0.3861372405117214,-0.021674694198478436,0.1168792020347456,-0.006615953708721433,0.1168792020347456,-0.006615953708721433,0.3379491989839343,-0.002064213014902534
3.4,0.38481104382376496,-0.020124314296197602,0.1161288746607335,-0.006107058982900225,0.1161288746607335,-0.006107058982900225,0.336674597227539,-0.0018981436116046022
3.41,0.3828081408472738,-0.018610178527963348,0.11516570355274293,-0.005608778525204094,0.11516570355274293,-0.005608778525204094,0.33534065729147405,-0.0017346128826714608
3.42,0.3802750462694142,-0.017510067641782173,0.11403674890001131,-0.005242847252719316,0.11403674890001131,-0.005242847252719316,0.3339618187334883,-0.0016124004553127
3.43,0.37754099608714753,-0.017048930512364505,0.11284759884167518,-0.00508127568038428,0.11284759884167518,-0.00508127568038428,0.33257115128588527,-0.0015545765045698605
3.44,0.3749985250609163,-0.017226247272897944,0.1117234662590431,-0.005123549707589464,0.1117234662590431,-0.005123549707589464,0.33120799392825623,-0.001561305947754537
3.45,0.37296638546053834,-0.01782325556453171,0.1107652422631207,-0.005299751125003066,0.1107652422631207,-0.005299751125003066,0.3299040747656933,-0.0016108872849187807
3.46,0.3715821685453683,-0.018484778353200497,0.11001574108964697,-0.005497358994205072,0.11001574108964697,-0.005497358994205072,0.3286729286718095,-0.001668234417124408
3.47,0.37076038338696193,-0.018845369038123946,0.10944724537740855,-0.005601583718377835,0.10944724537740855,-0.005601583718377835,0.32750606051106385,-0.0016975369582197856
3.48,0.37022849527699825,-0.01865519763744198,0.10897378499662011,-0.005534865445460077,0.10897378499662011,-0.005534865445460077,0.32637684920353566,-0.0016745665477903805
3.49,0.36962624612228656,-0.017862249660771178,0.10848295010245389,-0.005281958102127773,0.10848295010245389,-0.005281958102127773,0.3252504877205818,-0.0015944131874923108
3.5,0.3686319058576926,-0.016623748516738573,0.10787543652707875,-0.00489252411425429,0.10787543652707875,-0.00489252411425429,0.32409623595684317,-0.0014722053467737847
3.51,0.3670708333563039,-0.015245350798400007,0.10709831307835786,-0.004461360289424257,0.10709831307835786,-0.004461360289424257,0.322897639362026,-0.0013369337425351805
3.52,0.3649696874365305,-0.01407192452610923,0.1061608855317292,-0.004094166418503665,0.1061608855317292,-0.004094166418503665,0.3216573207567961,-0.001220892416512884
3.53,0.36254014659943223,-0.013369294252723957,0.10512867941152798,-0.003871301502116491,0.10512867941152798,-0.003871301502116491,0.32039504363294213,-0.001148599751084809
3.54,0.36010080305673714,-0.013237330235639813,0.10409878136417222,-0.003821872428190237,0.10409878136417222,-0.003821872428190237,0.3191401225757174,-0.0011289670856145363
3.55,0.35796610855793354,-0.013582142624746062,0.10316579972658597,-0.003916258276629806,0.10316579972658597,-0.003916258276629806,0.3179210668496361,-0.0011531274565395972
3.56,0.3563407422480751,-0.014154274835864832,0.10239024123189656,-0.004078610181724329,0.10239024123189656,-0.004078610181724329,0.31675605640853216,-0.0011983086245565442
3.57,0.3552544426436729,-0.0146377796282622,0.1017796909981799,-0.0042142375224188565,0.1017796909981799,-0.0042142375224188565,0.315647357303983,-0.0012361349212476269
3.58,0.3545578229007872,-0.01475868090640394,0.10128851334418873,-0.004242112927934403,0.10128851334418873,-0.004242112927934403,0.31458132855607773,-0.001242375174258385
3.59,0.35397867762777413,-0.01437564507319725,0.10083540687472305,-0.004121389820640157,0.10083540687472305,-0.004121389820640157,0.3135337433208823,-0.0012048115566274098
3.6,0.3532177076610548,-0.01352270589587371,0.10033213973590432,-0.0038632500621396623,0.10033213973590432,-0.0038632500621396623,0.31247837319225114,-0.0011266816615230438
3.61,0.3520496897737055,-0.012391302740276776,0.09971324229177082,-0.003524756696758266,0.09971324229177082,-0.003524756696758266,0.3113957725807516,-0.001024771080276225
3.62,0.35039559717092617,-0.011260297659031169,0.09895660270558139,-0.0031877094171909814,0.09895660270558139,-0.0031877094171909814,0.31027930092649364,-0.0009231095973969021
3.63,0.3483428315357019,-0.010399981127353184,0.09808859459195259,-0.002930426593945035,0.09808859459195259,-0.002930426593945035,0.3091365504526898,-0.0008446535815175622
3.64,0.3461095246322658,-0.009983301632504665,0.09717297887480451,-0.0028022140065987224,0.09717297887480451,-0.0028022140065987224,0.30798601949681254,-0.0008038341033517591
3.65,0.3439675618609605,-0.010033077631257006,0.09628820447854902,-0.0028086928075336517,0.09628820447854902,-0.0028086928075336517,0.3068504423892884,-0.000802337991673196
3.66,0.3421514217946358,-0.010420544395134894,0.09550113386026683,-0.002912082570894421,0.09550113386026683,-0.002912082570894421,0.30574914827161354,-0.0008292644477251277
3.67,0.3407829710072952,-0.010913363935723574,0.09484583331791654,-0.0030455287836819176,0.09484583331791654,-0.0030455287836819176,0.3046919554090113,-0.0008653342781514182
3.68,0.33983593105111265,-0.01125554826454249,0.09431399891845856,-0.003136175750453551,0.09431399891845856,-0.003136175750453551,0.3036764683628928,-0.0008895746300121705
3.69,0.3391501491549359,-0.011252084211577033,0.09385959263030219,-0.0031291298659088525,0.09385959263030219,-0.0031291298659088525,0.3026894709179435,-0.0008861989972590319
3.7,0.3384892157746396,-0.010830298273658091,0.09341556153870252,-0.0030044613301666184,0.09341556153870252,-0.0030044613301666184,0.30171175772709324,-0.0008494404097790864
3.71,0.3376207451455779,-0.010058570071639471,0.09291660567347701,-0.002781979245859096,0.09291660567347701,-0.002781979245859096,0.3007246484051876,-0.0007848643050684479
3.72,0.3363917806725425,-0.009118048923753886,0.09232020275366788,-0.0025128235457835663,0.09232020275366788,-0.0025128235457835663,0.2997159552980331,-0.0007069291499952094
3.73,0.33477474435821936,-0.008239026702638154,0.09161910249906687,-0.002261374689959616,0.09161910249906687,-0.002261374689959616,0.29868349089686336,-0.0006338261516894412
3.74,0.3328706076007983,-0.007624663459879639,0.09084177471087325,-0.0020839532253366655,0.09084177471087325,-0.0020839532253366655,0.29763514993116275,-0.0005814533672417707
3.75,0.3308708036868021,-0.007387303123603441,0.09004146815528156,-0.0020113296100460827,0.09004146815528156,-0.0020113296100460827,0.29658578864703394,-0.0005585079283541997
3.76,0.32899237113760904,-0.007516776049636618,0.08927808142452584,-0.0020402958505737773,0.08927808142452584,-0.0020402958505737773,0.2955521144582793,-0.00056415543850718
3.77,0.32740808695454143,-0.007888833384156049,0.08859893404642609,-0.0021363523438125824,0.08859893404642609,-0.0021363523438125824,0.29454730809587837,-0.000588820517010065
3.78,0.3261935801117704,-0.00830914051346378,0.08802444783177649,-0.0022460577348012633,0.08802444783177649,-0.0022460577348012633,0.29357705237269843,-0.0006176595181071269
3.79,0.3253072408154895,-0.008577622950927632,0.08754294329614477,-0.002314743328849976,0.08754294329614477,-0.002314743328849976,0.29263811692941494,-0.0006354953717812595
3.8,0.32460807806892095,-0.008552149302006467,0.08711579198870255,-0.0023038164909198826,0.08711579198870255,-0.0023038164909198826,0.2917198149265978,-0.0006316048585217775
3.81,0.323904522847141,-0.008191274303612247,0.08669087096776526,-0.002202188249377085,0.08669087096776526,-0.002202188249377085,0.29080773824109996,-0.0006028554191553185
3.82,0.32301732996437293,-0.007563082857288982,0.08621965897217755,-0.0020284250368009407,0.08621965897217755,-0.0020284250368009407,0.2898884703916751,-0.0005542730343136895
3.83,0.3218356908666037,-0.006818763701758906,0.0856723107577233,-0.0018233909378265842,0.0856723107577233,-0.0018233909378265842,0.28895371677018333,-0.0004969998327613033
3.84,0.32034891423635115,-0.006141197606450951,0.08504601031019413,-0.001636271764526457,0.08504601031019413,-0.001636271764526457,0.2880025724364935,-0.00044445456178910547
3.85,0.31864506328466363,-0.005686299885050945,0.08436439613331553,-0.0015088158163514079,0.08436439613331553,-0.0015088158163514079,0.28704134185125696,-0.0004080304546205577
3.86,0.31687902751186187,-0.005535835944417978,0.08366884490497363,-0.001462804761897215,0.08366884490497363,-0.001462804761897215,0.28608114659825273,-0.0003936986122704097
3.87,0.3152216824687104,-0.0056754453074138,0.08300482365884002,-0.0014943570901654742,0.08300482365884002,-0.0014943570901654742,0.2851342127041394,-0.00040048555331900445
3.88,0.31380656106077975,-0.006003094760934654,0.08240772607414676,-0.0015763499739770647,0.08240772607414676,-0.0015763499739770647,0.28421004436253205,-0.00042115432124824765
3.89,0.3126901944795368,-0.006363967814980176,0.0818924608709197,-0.0016677954799762945,0.0818924608709197,-0.0016677954799762945,0.28331263550264724,-0.00044475353796657124
3.9,0.31183759059799865,-0.006600223404322173,0.08144975721610286,-0.0017270395779762937,0.08144975721610286,-0.0017270395779762937,0.28243950576516474,-0.00046017439982881967
3.91,0.3111365017100109,-0.00659990974306326,0.08105006085837188,-0.001724617879744956,0.08105006085837188,-0.001724617879744956,0.2815827776119775,-0.00045958883457581875
3.92,0.3104351904881854,-0.0063298453635326326,0.08065354857361119,-0.0016518007513344247,0.08065354857361119,-0.0016518007513344247,0.2807318812513298,-0.0004407076797212606
3.93,0.3095910360317093,-0.005842645855443211,0.08022288955888741,-0.0015223128132161852,0.08022288955888741,-0.0015223128132161852,0.2798769702995221,-0.00040719685746814046
3.94,0.3085141778653544,-0.005256714173010115,0.07973460821232047,-0.0013669925404975931,0.07973460821232047,-0.0013669925404975931,0.27901193233635574,-0.0003672062510467584
3.95,0.30719270835308304,-0.004716826635113071,0.07918555658713655,-0.0012234514726481096,0.07918555658713655,-0.0012234514726481096,0.27813606392457435,-0.0003305816140046402
3.96,0.30569265365085285,-0.004348676821844511,0.07859279627418253,-0.001124253056349213,0.07859279627418253,-0.001124253056349213,0.2772539701074662,-0.0003057171628344415
3.97,0.3041343291314751,-0.004221611028268001,0.07798737376885416,-0.0010873095715381326,0.07798737376885416,-0.0010873095715381326,0.2763738420842371,-0.0002970442514536306
3.98,0.3026536091173004,-0.00433017656787998,0.07740426225982101,-0.001111209927415103,0.07740426225982101,-0.001111209927415103,0.2755047481432691,-0.0003038716538774227
3.99,0.3013603607552634,-0.004598845059627957,0.07687166249165356,-0.001176539778552077,0.07687166249165356,-0.001176539778552077,0.2746538102929838,-0.00032083351552272685
4.0,0.30030633710232374,-0.0049074454963608655,0.0764028160956007,-0.0012524908944522189,0.0764028160956007,-0.0012524908944522189,0.27382410759136194,-0.00033971886859783003
