omega_lin,omega_log,U1.0_lor,U1.0_gau,U1.0_log,U2.0_lor,U2.0_gau,U2.0_log,U2.4_lor,U2.4_gau,U2.4_log,U4.0_lor,U4.0_gau,U4.0_log
-4.0,-4.0,0.001022002692468889,9.363435195115792e-5,0.0116693588882592,0.007908224249803647,0.004287642690368956,0.034982895848003286,0.01134370581490072,0.006868283737957814,0.04361493093225601,0.014881965681746765,0.0023639008677765563,0.1196924520558259
-3.99,-3.895166320089746,0.0010346215603031842,0.0001002618360126761,0.013100228303373372,0.00752160065003615,0.0040241312811341,0.03880481778707007,0.011479819758556184,0.0070323987670262095,0.04831537578717757,0.014780952983701455,0.002257248638768708,0.13062963074303896
-3.98,-3.793080165290373,0.0010524020113102947,0.00011030578102607515,0.014671676472347173,0.007228341303443037,0.003776101533757874,0.0429667523982384,0.011990624024051308,0.007658697794390791,0.05342304493750438,0.014595445173022583,0.0020555643974744845,0.14215973584622554
-3.97,-3.693669527309877,0.0010748681826193048,0.00012188939298028251,0.01639278348759254,0.007103885509531289,0.003650439010680049,0.047489378340783234,0.012886408642393897,0.008627546453979956,0.05895948495769515,0.014428701372742443,0.0018042502589268477,0.15426746941675404
-3.96,-3.596864285079811,0.0010995283278389628,0.0001324794640441043,0.018272613034817312,0.007168743999743136,0.003720262034173846,0.05239357467783403,0.014125555867848805,0.009716733509969258,0.0649456431179531,0.014326374255403906,0.0015528608154986691,0.1669316392725406
-3.95,-3.5025961552941407,0.0011206901137329214,0.00013978793379060495,0.020320123630918528,0.00743015226043959,0.004000733140770538,0.05770031806698727,0.015492852479667486,0.010661552707766617,0.07140163722190417,0.014296234206587387,0.001341341862599962,0.18012499313415264
-3.94,-3.4107986442443923,0.001132176467397951,0.00014265596925123558,0.02254407082727701,0.00789111570947971,0.00444196120508226,0.06343057817324921,0.01650302000117388,0.011230690746401787,0.07834652212142805,0.014333155036492072,0.0011905732773912388,0.1938141234454229
-3.93,-3.321407000917131,0.001133832778432847,0.00014158196548573671,0.02495290072486843,0.008525212371781183,0.004941934260693586,0.06960521356822459,0.016642908853893894,0.011296214950151562,0.08579805780701182,0.014427772755895999,0.0010998084132294507,0.2079594474946876
-3.92,-3.2343581713206753,0.0011319442568302732,0.00013866226940073803,0.027554635335016012,0.009216039931959229,0.005376575705826546,0.07624487050604171,0.015912892605700963,0.010875601771487492,0.0937724845427783,0.01456206635790204,0.0010509415669479178,0.2225152661979971
-3.91,-3.1495907540088384,0.0011328425182766774,0.00013692100257864322,0.030356750520158415,0.009717460746633563,0.005638456149003788,0.08336988700504985,0.014832790787617593,0.010131238900911789,0.10228431102136075,0.014699114369089808,0.0010172765938774508,0.23742990355969798
-3.9,-3.067044956770324,0.001139770223392319,0.0001392376180111256,0.03336604746006296,0.009788310833406153,0.005672162872135122,0.09100020459877309,0.013902630808799958,0.009326147463204471,0.11134612193617041,0.014788527335412093,0.0009733475228809636,0.2526459274245788
-3.89,-2.986662554453219,0.0011539231345005236,0.00014724861240049072,0.03658851880723391,0.009450834554985117,0.005494480662596716,0.09915528993591188,0.01335561504906328,0.008748683819318865,0.1209684116886854,0.0148063119235441,0.0009025447753684628,0.2681004507166902
-3.88,-2.908386847894846,0.0011757371907556685,0.0001606367885986766,0.04002921091695824,0.008968548324926615,0.005191919521806188,0.1078540680962187,0.013253791538621012,0.008628376651451185,0.13115945114796668,0.014779483044824203,0.0008005541357592929,0.2837255109604112
-3.87,-2.832162623927996,0.0012048474706040822,0.0001771073032566893,0.04369208375800352,0.008583333543921217,0.004895469956732735,0.11711486903972432,0.013610640570981618,0.009067175383156843,0.14192519444120336,0.014751054773306089,0.0006743493149529451,0.2994485245352544
-3.86,-2.7579361164353324,0.0012384626603324468,0.0001931153124824639,0.04757987032434704,0.0084077100670296,0.0047400828649355325,0.12695538801882658,0.014439495975744962,0.010005786825563894,0.15326923266113784,0.014745149015425086,0.0005380202533656694,0.31519281086024886
-3.85,-2.685654968424505,0.001269208952044443,0.00020512984832851512,0.05169393757087983,0.00847503161722789,0.004821482768112594,0.13739266005985448,0.015729611545485345,0.01123558631106309,0.16519280111320542,0.014766920709773442,0.0004075239306034573,0.33087818056532836
-3.84,-2.6152681950972054,0.0012873279104139623,0.00021099284178452047,0.05603415108075623,0.008795979698215682,0.005163952769566235,0.1484430477731625,0.017338454054211253,0.012454802055947584,0.1776948462778747,0.014813442221028105,0.00029631138717728324,0.34642158070948625
-3.83,-2.546726147886133,0.0012899615802299598,0.00021085553011079527,0.06059874583261372,0.0093734170468466,0.0057096414670196344,0.1601222407961226,0.018828846015398835,0.013355141633027033,0.1907721580190191,0.014880260972390421,0.00021293401598615933,0.3617377892660417
-3.82,-2.4799804794344906,0.0012849471428582901,0.0002072949573850922,0.06538420556575565,0.01017196808708951,0.006333744499984468,0.1724452641367039,0.019520942273382056,0.013714620182368114,0.2044195717158078,0.01496369737578089,0.00016066945010517704,0.3767401504251378
-3.81,-2.414984109493312,0.0012823534777175172,0.0002045019399900685,0.07038515333405995,0.011043805154710845,0.006882124562163631,0.18542649159943553,0.01906275337275469,0.013468085750896723,0.2186302439239644,0.015061341395230056,0.00013844316070337574,0.39134134176690794
-3.8,-2.351691191712569,0.0012880014493519838,0.00020678567812176037,0.07559425588855533,0.011681736650453177,0.007220501876996063,0.1990796593806355,0.0178561349326549,0.012731987878233257,0.23339600387486148,0.015172000131076231,0.00014212045981902715,0.40545416403346474
-3.79,-2.2900570813026295,0.0013041410410336862,0.00021692272936267308,0.08100214452839155,0.011783232169830776,0.007279637554934381,0.21341787386270672,0.016589930996678014,0.011773842195421385,0.24870778159311926,0.0152954832624552,0.00016554147338804643,0.4189923440660438
-3.78,-2.2300383035432567,0.0013315650133281188,0.00023497603350023223,0.08659735500509867,0.011369272733629282,0.007081086375961034,0.22845360667060385,0.01569564927842518,0.010934728860796711,0.2645561116538576,0.015432138076973443,0.00020117927744326477,0.4318713414622338
-3.77,-2.171592523117942,0.0013699466593064804,0.0002580758576352888,0.09236628895122469,0.010768862273007754,0.006733794276789868,0.2441986692338883,0.01532227421594978,0.010528120506748048,0.28093170961267205,0.015581603598915196,0.0002406938090108504,0.44400914963038485
-3.76,-2.11467851425193,0.0014157922827353127,0.00028132318270401315,0.09829319912845501,0.010292589432750965,0.006401418090440546,0.26066415848393976,0.015500959759313936,0.010745236049129837,0.2978261159334304,0.015739990139552233,0.0002757363972117623,0.45532708215438855
-3.75,-2.059256131632885,0.001459158555865416,0.0002995543266636307,0.10436020055028951,0.010088902946440152,0.006250259062055089,0.2778603649666396,0.0162449847676748,0.011594763572989008,0.31523239982670237,0.015896451697797832,0.000299139002558884,0.46575053571133057
-3.74,-2.0052862820936777,0.0014856138431913388,0.00030934567144270166,0.11054730923000736,0.01020365027826362,0.006394447048588658,0.295796634622144,0.017556372376399756,0.012895117931553719,0.33314591281907296,0.016035838553712694,0.0003062743110460234,0.47520972118634247
-3.73,-1.9527308970373196,0.0014890967399033923,0.00031048826081750533,0.11683250993743906,0.010650155969917781,0.006856277211353406,0.31448117582556573,0.01933599958820189,0.014323258160183091,0.3515650791348427,0.01615209508127997,0.00029612977940151827,0.48364035508417447
-3.72,-1.9015529055846012,0.0014796493908127491,0.00030630760987265186,0.12319185392136002,0.011423720915501964,0.007555214574231923,0.33392080403707364,0.021197685390388944,0.01550823176106909,0.37049220713237063,0.0162555104036453,0.00027165344850307367,0.490984303829089
-3.71,-1.8517162084254837,0.0014723535047002146,0.00030261401176172906,0.1295995870734116,0.012456913671927746,0.00833043879199122,0.35412061760704555,0.022388898931316813,0.016143386448497943,0.38993430315645944,0.016361177591096707,0.00023918881734187968,0.49719017406075716
-3.7,-1.803185652355807,0.001476564160712823,0.0003055969060465647,0.13602830848169206,0.01353176146666351,0.008991210107574227,0.3750835999365315,0.022272245778751084,0.016083163306158357,0.40990386631872106,0.016477930867141576,0.00020715766524588162,0.5022138425653706
-3.69,-1.7559270054813492,0.0014960221451360074,0.0003194176408228484,0.1424491587567813,0.014253128877265559,0.009379734818056434,0.3968101453032898,0.021041189536780164,0.015392851955447673,0.4304196399879702,0.016608441241859707,0.00018437451787148103,0.5060189200241909
-3.68,-1.7099069330717485,0.001531998194308075,0.0003444281059077023,0.14883203692106592,0.014283324414973262,0.009425843034619194,0.41929750820719097,0.019491303213557607,0.014333562552506434,0.45150729326524774,0.016752906398570678,0.00017838478986073646,0.5085771433169408
-3.67,-1.6650929740472564,0.0015840133737850992,0.0003767651186974008,0.15514584404656848,0.013710323710632319,0.009174210130962578,0.4425391790229628,0.01826095808850333,0.013285621814919968,0.4732000035503966,0.016911379475204564,0.00019407106081951477,0.5098686916896747
-3.66,-1.6214535180817358,0.0016470125703599036,0.0004095865736489236,0.16135875122112409,0.012966940233627057,0.008773396796144198,0.4665241920081186,0.017615634304721687,0.01263368890782466,0.4955389096086451,0.017084654362883853,0.00023263014164307973,0.5098824226945278
-3.65,-1.5789577833057515,0.0017066515483715851,0.00043558646392180333,0.16743848883284732,0.012425966384392334,0.00842897766740203,0.49123637521281005,0.01762000567305262,0.01264878773665521,0.5185734034552939,0.017274361716645977,0.0002910146626532756,0.5086160244429856
-3.64,-1.5375757945940318,0.001742054795233246,0.00044988450561500224,0.1733526536041247,0.012256802556459773,0.008335675171353675,0.51665355546874,0.018290155787401154,0.013402952360725773,0.5423612290384667,0.01748229153028434,0.0003620399643243012,0.5060760813973958
-3.63,-1.4972783624219754,0.0017443432820677595,0.0004521590168692711,0.1790690292947763,0.012507810312279268,0.008611005815189638,0.5427467352703972,0.01963201147400896,0.014742473315608167,0.5669683562576443,0.017708209146560933,0.0004354229614884854,0.5022780516695702
-3.62,-1.4580370622763017,0.0017279512842917114,0.00044710516386785407,0.18455591654515066,0.013180835398889625,0.009252910807827499,0.5694792618627255,0.021565522081391297,0.016329242766481213,0.5924686004462234,0.017945146235110888,0.0004998691933079379,0.4972461546113341
-3.61,-1.4198242146053115,0.001714733041311222,0.0004429082623832114,0.1897824669584907,0.01423409758234047,0.010136403807746167,0.596806012063397,0.0237274897768858,0.017740252369420183,0.618942960191734,0.018174045838679004,0.0005459198046226104,0.49101316837766085
-3.6,-1.382612865294621,0.0017183133214012962,0.0004482034150482875,0.194719016241302,0.015529540134516094,0.011051818747458503,0.624672619118474,0.025315897626136223,0.018597175696234872,0.6464786503665253,0.018369610907415693,0.0005687819413619891,0.48362013812232035
-3.59,-1.3463767666545972,0.001744158723348363,0.0004686386077298196,0.19933741104218872,0.016750585881841973,0.0117734277112999,0.6530147700617882,0.025490159002192647,0.01868650556863408,0.675167812561487,0.01852484476096389,0.0005700917384263957,0.47511599654741027
-3.58,-1.3110903589060794,0.0017940295342281198,0.0005043981680967563,0.2036113240628453,0.01740781121545226,0.012136254129796182,0.6817576034733986,0.024255108151485877,0.018031122386290784,0.7051058917812075,0.01866125950609288,0.0005577362963892744,0.46555709966422365
-3.57,-1.2767287521513344,0.0018667976810967544,0.0005497562872116736,0.2075165520660129,0.017194202034008163,0.012094808213818737,0.7108152380786783,0.022463767168562316,0.016888302069678087,0.7363896762466765,0.018806160089244996,0.0005434995502683858,0.4550066818199644
-3.56,-1.2432677088175217,0.0019540365107240626,0.0005949931622102249,0.21103129157756495,0.01637488241563904,0.011742471001588359,0.7400904621871975,0.02093453286122186,0.015673016993677347,0.7691150063798315,0.01897512315863449,0.0005391488940922186,0.4435342352825945
-3.55,-1.2106836265602887,0.002033589169950645,0.0006300751212387109,0.21413638737345433,0.015513745278300113,0.01128333206229768,0.7694746124591237,0.020050271049749876,0.014830112729282877,0.8033741693683922,0.019173755944387947,0.0005522656571583262,0.4312148209284508
-3.54,-1.178953521615437,0.0020758614072427304,0.0006487315679179314,0.21681554925358135,0.015003517055781415,0.010964918139785477,0.7988476678615776,0.019915158315604857,0.01469537705306875,0.8392530069184454,0.01940326674158455,0.0005833264998337344,0.41812831781274806
-3.53,-1.1480550125869122,0.00207169893699613,0.0006512874009606004,0.21905553312677126,0.014988010556423901,0.010994189114737382,0.8280785809338287,0.020550995100053482,0.015388606156429207,0.8768277756179244,0.019661222591558735,0.0006251556990617532,0.40435862058619304
-3.52,-1.1179663046596873,0.0020444869667238155,0.0006449930752102577,0.22084628305364168,0.015474982779221401,0.011465313526820781,0.8570258636583857,0.02196326796820324,0.016771866592265403,0.9161618114131109,0.019936675399321292,0.0006650252544235344,0.3899927948135768
-3.51,-1.0886661742264014,0.0020249087830865207,0.0006415337910441387,0.22218103160373026,0.016420375000890493,0.012324148223960931,0.8855384394208095,0.024071403694282838,0.0184870724956831,0.9573020616414235,0.020204607374669364,0.0006886996109426631,0.3751202012132682
-3.5,-1.0601339539169086,0.002030970594858855,0.0006525424779351843,0.22305635666349605,0.017755857740150392,0.013382504261129781,0.9134567658664332,0.02649695491746331,0.020063709378757507,1.0002755594167636,0.02043410040636685,0.0006849892759612724,0.35983160063195574
-3.49,-1.0323495180201794,0.0020696750660471608,0.0006848237840733507,0.22347219366405574,0.019296934194953506,0.014378957873246103,0.9406142261026161,0.02836730792026457,0.021065557952919194,1.045085925444404,0.020614563776998,0.0006491976727479047,0.3442182521613943
-3.48,-1.0052932682882711,0.002142963241245927,0.0007372364631824127,0.2234318030612567,0.020563562317895086,0.01506706582326381,0.9668387778657366,0.028697683842623587,0.021230988330466456,1.0917099910491932,0.0207673009608956,0.0005843060533483551,0.32837101716267947
-3.47,-0.9789461201123547,0.002247695477728412,0.0008006396344635474,0.2229416937741601,0.020937100592303436,0.015301485846707015,0.9919548422204152,0.02739362245798216,0.020560817708945606,1.1400946428357264,0.020922747079579848,0.0004996485031931473,0.3123794820643514
-3.46,-0.9532894890610437,0.0023681837841648505,0.000861148992962611,0.2220115041489876,0.020305382173404513,0.015091757502445062,1.015785405356489,0.02537671453920486,0.019323141735724976,1.190153993490251,0.021098554499019852,0.00040777946666041565,0.2963311126268462
-3.45,-0.9283052777715349,0.002468714606871646,0.0009055953549263665,0.2206538428418995,0.01923819474397127,0.014603579892982523,1.0381542993833135,0.023605359316225094,0.017971693546275223,1.2417669843601387,0.021299270796233918,0.0003208146116602811,0.2803104519097658
-3.44,-0.9039758631843098,0.0025099050399291995,0.0009270719218452514,0.21888409278435927,0.01837237928268544,0.01410538069467474,1.058888620980177,0.02255069582450392,0.017003239273684266,1.2947755232613192,0.02152359650387542,0.0002475213749039241,0.2643983734419386
-3.43,-0.8802840841123949,0.0024897461937721777,0.0009282537210636131,0.2167201820895261,0.01801114602477357,0.01387735890261481,1.077821240626058,0.022347292546659913,0.01679951112842174,1.348983255218996,0.02176885036204399,0.00019193641182217505,0.24867140008897898
-3.42,-0.8572132291364124,0.002447605567624024,0.0009209337768705405,0.21418232635949916,0.018202125916911952,0.014113799090041795,1.0947933501603493,0.023022140792191875,0.017503778137032033,1.4041550544134291,0.022032123532528237,0.00015359656731406032,0.23320109786029933
-3.41,-0.8347470248168819,0.0024241471514793024,0.0009217021375939598,0.21129274734639403,0.01893649765359916,0.014852468880920986,1.1096569928439928,0.0245769358929527,0.01897117537169973,1.4600173124881939,0.02230982465538586,0.00012891345286923154,0.21805355242756058
-3.4,-0.8128696242154594,0.002440676619818042,0.0009453162238477516,0.20807537329342984,0.020233271648526088,0.015956460673252123,1.1222775180792268,0.0269117146765944,0.02080965335091681,1.5162590817395052,0.022597698726914056,0.00011298222450761604,0.2032889344775773
-3.39,-0.7915655957170163,0.0025049593300505196,0.0009983929917160154,0.20455552652722273,0.02200175159744529,0.01715669147090971,1.1325359026340571,0.029588341975049576,0.022501025490607566,1.5725341118531286,0.02289286478132197,0.00010118736375944355,0.1889611582394574
-3.38,-0.7708199121446745,0.002618060336144508,0.001076103312139108,0.200759603984851,0.023792220087780674,0.018142645296923766,1.140330881672426,0.03162121221763591,0.023566033017391807,1.6284637962550783,0.023195340953853016,9.022393922884386e-5,0.17511763565775948
-3.37,-0.7506179401601183,0.00277123571834333,0.0011634763757765731,0.196714756338367,0.024803424546599364,0.0186713428612671,1.1455808361154791,0.031927138923755954,0.02372122692297847,1.683641019404316,0.02350698254778577,7.844220061928362e-5,0.16179912678312194
-3.36,-0.7309454299417082,0.002933392902556614,0.001241092160521872,0.1924485712285087,0.024535698103084976,0.018656336016660738,1.1482253877892379,0.030439187319093848,0.022975464459652338,1.7376348702200848,0.02383044114489071,6.564342218659899e-5,0.14903968507239163
-3.35,-0.7117885051331152,0.003047453452468441,0.0012930595102654432,0.18798876584527655,0.023392566574836224,0.01820373940076333,1.1482266603190412,0.028200660322393396,0.02163207505000727,1.7899961601492134,0.02416822903240961,5.256526025592136e-5,0.1368666944838219
-3.34,-0.6931336530553844,0.003069715726624571,0.001314040351056406,0.18336289370606412,0.022188851524883604,0.017580156968663104,1.1455701716198787,0.02626730159185655,0.020194020608707394,1.8402636580618879,0.024521903541671435,4.0301711565017336e-5,0.12530099356831606
-3.33,-0.674967715175526,0.0030208288190593387,0.0013122435510099849,0.17859806999543937,0.0214310206156588,0.01712172893087509,1.1402653328572792,0.025151144203300863,0.019202259511412495,1.8879709291802844,0.024892246078747356,2.9837507467745084e-5,0.11435708023890047
-3.32,-0.6572778778249094,0.0029631395223992754,0.0013068182201344176,0.173720719260209,0.021272193297225243,0.017115272390396355,1.1323455386243004,0.024998118219539667,0.01905982653181589,1.9326536425560052,0.02527979844808201,2.1780558985458017e-5,0.1040433895851008
-3.31,-0.6400516631609124,0.0029454015549701448,0.0013203774780778958,0.16875634861681704,0.02177954475087639,0.017693447939505676,1.1218678434705487,0.025837146957181107,0.019898583054510224,1.973857192141636,0.025685196892411836,1.6287876380824215e-5,0.09436263601641116
-3.3,-0.6232769203654532,0.0029897021451801725,0.00136953521283104,0.16372934894446703,0.023031036849846684,0.018782093978421517,1.108912230483309,0.027659922061460132,0.02153195703545673,2.0111444610871474,0.0261093096338442,1.3126563691741062e-5,0.08531221019081874
-3.29,-0.606941817074193,0.0031030919907189375,0.0014573965351860313,0.15866282582639665,0.024973506457700793,0.020120543020471622,1.0935804880062292,0.03031746447908671,0.023510362636375258,2.0441035482490806,0.02655325561860339,1.1798916344111241e-5,0.07688462062252957
-3.28,-0.591034831030367,0.003282507453600346,0.0015713775992175912,0.15357846128328545,0.027179210014117598,0.021350401174123804,1.0759947204433116,0.033243201794599796,0.02526396076944261,2.0723552705850996,0.027018346603081583,1.1677935753319668e-5,0.06906796957073909
-3.27,-0.5755447419573548,0.003504130215252451,0.0016876702043196736,0.14849640663610406,0.02874981063362718,0.02214322254333214,1.0562955281125859,0.0352741099367869,0.02628869312568913,2.0955602554857773,0.02750598128636497,1.2126367592524373e-5,0.06184645278275897
-3.26,-0.5604606236442581,0.003706175300028358,0.0017808819862055088,0.14343520615891608,0.02888229900403595,0.02232172919810613,1.0346398989972123,0.03529893467228731,0.0263151392149509,2.11342544332473,0.02801750763066837,1.2591544617089313e-5,0.05520087288617787
-3.25,-0.5457718362389021,0.0038067168828215332,0.001835018533929795,0.13841175055164956,0.027751177428677817,0.02192943302572663,1.0111988617500103,0.03346137183702499,0.02540276251371482,2.125709832519309,0.028554258562987784,1.2673971203376361e-5,0.049109156674904154
-3.24,-0.531468018742827,0.003780969228070327,0.0018510991383358447,0.13344125869299134,0.026262272921094214,0.021220912319976786,0.9861549542535466,0.03099800974189233,0.02392561832857948,2.1322293168917748,0.029118073646789307,1.2164919735911413e-5,0.043546867185784814
-3.23,-0.5175390817029714,0.003694251046589706,0.0018478288400538628,0.128537285636128,0.025122875781188703,0.02057378334935198,0.9596995652963577,0.029003824222434423,0.022452272765979237,2.1328604875912363,0.02971179711617484,1.104682620120632e-5,0.038487702284220625
-3.22,-0.5039752000948974,0.0036318884232132073,0.0018545505572168997,0.12371175439420275,0.024626279770854964,0.02035272275510153,0.9320302084354581,0.02797000642101086,0.021559040898261658,2.127543298565035,0.030338958999534444,9.455798772312019e-6,0.03390397243377547
-3.21,-0.4907668063925336,0.0036441037785731258,0.001899053762289739,0.11897500873426822,0.02492603852952285,0.020774487914622438,0.9033477868804443,0.02802911598253817,0.021638305050942316,2.116282524666941,0.031003290326349752,7.616465429106392e-6,0.029767051379445582
-3.2,-0.47790458381955053,0.0037501960449680713,0.0019952684057461885,0.1143358839615066,0.026140030444291557,0.021823769123365786,0.8738539063224738,0.029205767817591512,0.022765308628389016,2.099147973933813,0.03170873211831591,5.768917109734089e-6,0.026047794589952718
-3.19,-0.46537945977760503,0.003953082234799918,0.002136274680022464,0.10980179252997618,0.028229084850460596,0.023252467282613584,0.8437482891678154,0.031467723355208546,0.024668060964791426,2.0762734492334887,0.032459678538590005,4.1095358823870624e-6,0.02271692144514213
-3.18,-0.45318259944682193,0.004235094116780607,0.0022960890545253147,0.1053788212598489,0.030766587483413026,0.024665396118593582,0.8132263387966128,0.034566329450668044,0.026812317974339205,2.0478544882182277,0.033261200616610205,2.761299332162781e-6,0.01974535828654249
-3.17,-0.44130539955399567,0.004534556834817085,0.0024400391677501417,0.10107183696923878,0.03278088218610499,0.025663499836709867,0.782476896470953,0.0377060118319425,0.02857647561521371,2.0141449431463014,0.0341192360596394,1.780157326981121e-6,0.01710454054186631
-3.16,-0.42973948230411807,0.004740365852507632,0.002539698507974525,0.09688459743437816,0.03325437049900745,0.025992945994941487,0.7516802266114517,0.039492748449399054,0.02946037410190834,1.9754524925457702,0.03504078914411535,1.20149466301927e-6,0.014766673161231971
-3.15,-0.41847668947095096,0.00477026059584533,0.0025860148104754257,0.09281986476631499,0.032165369704244676,0.025644098761086333,0.7210062586167755,0.03894112073861795,0.029257918546602788,1.932133203873689,0.03603417503396715,1.1451666545084347e-6,0.012704949542304906
-3.14,-0.4075090766424759,0.004667459374980484,0.0025946132037918228,0.08887951852535966,0.030444475093401684,0.02486131670208522,0.6906131054928766,0.03662040048079468,0.02813286500154109,1.8845852893928225,0.03710933506029336,2.041397157309753e-6,0.010893729956447894
-3.13,-0.3968289076171607,0.004553283708199617,0.002600351791138252,0.08506466617509673,0.028951527796378516,0.024057229037347787,0.6606458715616828,0.03398525569801396,0.026568926174668724,1.8332422157420076,0.03827825153487393,5.1282920901153206e-6,0.009308681206424864
-3.12,-0.3864286489470924,0.00452120626275574,0.0026428602346363047,0.08137574879425731,0.02813676273989219,0.0236613138189131,0.631235753692374,0.03208861235710965,0.02520889133855103,1.7785653406082675,0.03955550006508552,1.3519706513224707e-5,0.00792687984122948
-3.11,-0.37630096462412455,0.004613192819671989,0.002748995048385003,0.07781264030536032,0.028261692382222123,0.02395824813858818,0.6024994330791913,0.03134678970859216,0.024636539342896783,1.721036257226742,0.04095899356073145,3.434645307106969e-5,0.006726881722846855
-3.1,-0.36643871090529323,0.0048409790040612076,0.0029199524364769977,0.0743747388323002,0.029478296733103614,0.02497676525537127,0.5745387477841016,0.03186301955117535,0.025175389548463524,1.6611490290662438,0.04251099711756405,8.267623144428532e-5,0.0056887610850460376
-3.09,-0.3568349312738503,0.005191403829069263,0.003129200199014075,0.0710610491541242,0.03174086122896425,0.026472449471588964,0.5474406302405537,0.033647306653932195,0.02677321711418324,1.5994024931475845,0.04423953077274141,0.00018796256969384447,0.004794122451129766
-3.08,-0.3474828515323602,0.005601059559464078,0.0033328963019589857,0.06787025556917932,0.03459188320073128,0.028013874596064813,0.5212772888055937,0.03659592507194677,0.02901325281459458,1.5362928013359547,0.04618033390624127,0.0004034053509360283,0.004026088894448788
-3.07,-0.33837587502439875,0.005932142200509068,0.0034888769610751107,0.06480078481386083,0.036965146926730474,0.02914260445207032,0.4961066083393561,0.040220456901773304,0.03125121321747181,1.47230635517313,0.04837964858549148,0.0008175822263391611,0.00336927014329026
-3.06,-0.3295075779814838,0.006041863725548445,0.003576089390349338,0.061850858985941636,0.03766331294621092,0.02954812092788553,0.471972741729009,0.04329836401302499,0.03283444149608126,1.407913272048092,0.050898195215342085,0.0015660654270344466,0.00280971396302408
-3.05,-0.3208717049919553,0.005934708189100142,0.0036055633442153728,0.05901853869795908,0.03652627466858605,0.029190663228928205,0.4489068622640999,0.044248063437071744,0.03332922596487642,1.3435614995379772,0.05381685207696942,0.002839092304108704,0.0023348441067156636
-3.04,-0.31246216458860926,0.005763223110660533,0.003617299671260066,0.05630175692692207,0.034527339420779304,0.028322785214500854,0.42692804578061877,0.04263075321097329,0.03267632931637573,1.2796716714558263,0.05724464055182387,0.004880941604093312,0.0019333879247881488
-3.03,-0.3042730249519724,0.005676673243205858,0.003663589962955748,0.05369834422972055,0.032696303946260524,0.027398403069797087,0.40604425145848994,0.03970382418558286,0.031217398048046387,1.216632774425157,0.06132941809168808,0.007978669563454345,0.0015952964786186317
-3.02,-0.29629850972618743,0.005751386922807641,0.0037856149076757424,0.05120604615752978,0.03165590073752858,0.026901737508751092,0.38625337099140494,0.03703078801374515,0.029579832751632684,1.1547986685707898,0.06627048198709834,0.012442103995722039,0.0013116597254755372
-3.01,-0.2885329939445573,0.00601236632865446,0.003993754654712879,0.04882253382696224,0.031747776169968205,0.027160593638332363,0.36754431743802984,0.03546759300669068,0.028458626564696464,1.0944854810393185,0.07232774538814872,0.01858086415152721,0.0010746190452820944
-3.0,-0.28097100006187453,0.006449410965640831,0.004261015242449441,0.04654540869165688,0.03311827796877846,0.028216080864814277,0.34989812728421843,0.03528981646015767,0.02837125481060715,1.0359698673391309,0.07980684061808263,0.026683407859658736,0.0008772790744163293
-2.99,-0.2736071940907369,0.00699081174385541,0.004533484465553611,0.04437220260729531,0.035675907969812265,0.029800810374743726,0.3332890519633921,0.03654859732539094,0.02947205062440911,0.9794881136191602,0.08896459667589418,0.036995362702069656,0.000713620507784785
-2.98,-0.26643638183912416,0.007464151441647768,0.004754020177899711,0.04230037429837795,0.038866511196035604,0.03143689336129016,0.3176856181604751,0.03919233577307846,0.031492437402861194,0.9252360335686914,0.09976527187338528,0.049683796602576095,0.0005784152358416575
-2.97,-0.2594535052465819,0.007662004110066686,0.00488889593400388,0.04032730331974349,0.04145831830762218,0.03261862270622545,0.30305163953046593,0.04289123572091945,0.03383021311710376,0.8733695970654591,0.11162686168911679,0.0647720225705437,0.00046714490458980043
-2.96,-0.2526536388164285,0.0075482381130534135,0.004945036132227086,0.03845028256342579,0.04211671049187201,0.03301031889225424,0.2893471658697219,0.046628933396815876,0.035759109344050174,0.8240062143336017,0.12382709097973951,0.08204754743104871,0.0003759237288656876
-2.95,-0.24603198614146787,0.00731010926257306,0.0049690966899893696,0.03666651029589529,0.040726117715865075,0.03258165131418366,0.27652935917133675,0.048668866504726536,0.03668628107694405,0.7772265893628901,0.13674416049919888,0.10098244144892109,0.0003014261558790492
-2.94,-0.2395838765207582,0.007163078009470881,0.005027688275599287,0.034973082625950475,0.03843653158366025,0.03162536358476838,0.2645532892741428,0.0478431144191441,0.03636590318984545,0.7330770497173731,0.1520467303542759,0.12073781758078503,0.00024081976920923922
-2.93,-0.23330476166504943,0.007226710018751835,0.005176968679830809,0.03336698720338248,0.03642317108456182,0.030647779468126354,0.25337264489215156,0.04491445034505056,0.034990440095830556,0.6915722565316067,0.17084073632746996,0.14031655317117656,0.00019170364422684195
-2.92,-0.22719021248856647,0.0075424403118772325,0.005435431806641577,0.03184509883671952,0.03537175164630294,0.030172886961880137,0.24294035861842048,0.04167487240829485,0.033124402727369134,0.6526981982536414,0.19140794511683557,0.15885986607032224,0.0001520522141687611
-2.91,-0.22123591598487422,0.008099651206684582,0.005773080210136987,0.03040417759831891,0.035632754177725615,0.03053588457979999,0.23320914698210513,0.039387929481771805,0.03150303131626532,0.6164153742531384,0.20870298390292194,0.17597644108441396,0.00012016458097293675
-2.9,-0.21543767218462168,0.008805660105686751,0.006123165685516156,0.029040869859979786,0.03733201807617776,0.03174765108555637,0.22413196876386152,0.03854023008554726,0.0307682134173562,0.5826620794075134,0.21826405221212566,0.19191588021759456,9.4619104946525e-5
-2.89,-0.20979139119301846,0.009433504482837831,0.006412237963985296,0.02775171257496517,0.0403076679127305,0.03348517602669135,0.2156624065223156,0.03923720266605511,0.031237029719691736,0.5513577077979468,0.22174477190375658,0.2074267109702086,7.423303038881647e-5
-2.88,-0.2042930903049545,0.0097029462635352,0.006595142651847242,0.026533140995421953,0.04383481450766788,0.03521437574344842,0.20775497764659853,0.04144834022573589,0.03278657476295048,0.5224060022517617,0.22584458190567,0.2232943285390865,5.802684808389654e-5
-2.87,-0.19893889119572794,0.009554636135909405,0.006678358678205211,0.02538149988997648,0.046458879142567425,0.03639932525631334,0.20036538223277495,0.04492900896241336,0.03489713246755415,0.49569818621255035,0.23669857879199976,0.23976594628383213,4.519305760142723e-5
-2.86,-0.19372501718539947,0.009232684946438235,0.006719667773061671,0.024293058206827898,0.0468265998086807,0.03671625687873449,0.1934506957019754,0.04883841677545908,0.03683927080636473,0.4711159248693205,0.2566556053264343,0.2562022392450552,3.5068970017733316e-5
-2.85,-0.18864779057484382,0.009028090274532413,0.006802913293968922,0.023264027014834977,0.04508117020429232,0.03618663749145667,0.1869695143600873,0.051499655681791476,0.037938384747732305,0.4485340732216943,0.2830150133911159,0.2712330408868242,2.711318245107991e-5
-2.84,-0.18370363005161885,0.009105015630654984,0.00699868206662183,0.022290580450600336,0.042576721954938404,0.035174129823676556,0.1808820620749784,0.05136573265001307,0.03782105383423463,0.4278231794292354,0.30722195562870624,0.2834321340045508,2.0885357267254352e-5
-2.83,-0.17888904816382306,0.009519709548599379,0.007329288939308354,0.021368879304979226,0.04053433241697875,0.03424396057079567,0.17515026595418753,0.04870072740301254,0.036552812041956234,0.408851722065826,0.31872024262567383,0.2921972168574109,1.602894870049497e-5
-2.82,-0.17420064886015899,0.01025287209565712,0.007755452314924451,0.0204950967992384,0.03965312489267369,0.03393873314930468,0.16973780838410163,0.04526400188581539,0.034616021404002044,0.3914880695051475,0.31481711422551323,0.2983297896404362,1.2256535910248532e-5
-2.81,-0.16963512509446788,0.011167532638281625,0.008192447134743232,0.019665446030620905,0.0402865853374159,0.03455944113685249,0.16461016208307083,0.04257124791543183,0.0327354800600113,0.37560215838736194,0.30414964846130993,0.3039033779535483,9.33744235356131e-6
-2.8,-0.16518925649304553,0.011948014619089157,0.008549471222082728,0.01887620851056517,0.04252397390768407,0.03604006874020318,0.159734613968494,0.04128815362194018,0.03161560629146804,0.3610668958034684,0.29832613416326464,0.3113718881647088,7.0873452411349535e-6
-2.79,-0.16085990708309433,0.012235427509928455,0.00877410970807503,0.018123763177369655,0.04607002100266879,0.037968337686332794,0.1550802826841805,0.04158031630738492,0.03168510436685972,0.3477592963806275,0.3045539000916291,0.3223152196162203,5.359604453721942e-6
-2.78,-0.15664402308070874,0.011993235747033437,0.008880165099934072,0.017404615239585648,0.04991293095240359,0.0397473830812585,0.1506181336203301,0.043442146708336425,0.032941672646711426,0.3355613708074547,0.32481377760016716,0.33648660048249485,4.038066552605309e-6
-2.77,-0.15253863073683438,0.011565651538692238,0.008944100870845819,0.01671542419752468,0.05232632446391127,0.04083581595265903,0.14632099422336742,0.04670844271647953,0.03495290219584286,0.32436078649669225,0.35595760774832685,0.35173661405557,3.031125571408816e-6
-2.76,-0.14854083423968095,0.01132479866148619,0.009070137086246245,0.016053030398355872,0.05210813864305231,0.040969901984810056,0.1421635713728671,0.05072804013770309,0.037013518793673865,0.3140513240762426,0.38807576990432446,0.3649588762324193,2.266847473508222e-6
-2.75,-0.14464781367210974,0.011470130201094955,0.009339717768026489,0.015414479505367635,0.04985271525301213,0.04027626078610881,0.13812247163095348,0.053991684248207585,0.03840284972559843,0.304533155292714,0.4063334972756523,0.3736478356620779,1.6889890225475128e-6
-2.74,-0.14085682302255473,0.012062180755156497,0.009769805689156625,0.014797044303706883,0.047134868481807465,0.03922622097702524,0.13417622427502934,0.05472135982010121,0.03864932299653266,0.2957129687938225,0.40220347197786455,0.3772838551871858,1.2537640167174779e-6
-2.73,-0.13716518824807428,0.013052087386714583,0.010301413468970079,0.014198243322478375,0.04520370293620635,0.03844725983158221,0.13030530623256747,0.052632306949691225,0.03770485349752319,0.28750397023498336,0.3831807361791097,0.377787820100639,9.272301808727092e-7
-2.72,-0.13357030538816717,0.014214051639540483,0.010825754954923291,0.013615855825218437,0.04475685399896861,0.0384664963444794,0.12649216736752508,0.0492908281863408,0.03596400928783399,0.2798257823509967,0.3651579010580239,0.37872973155667006,6.831883979146686e-7
-2.71,-0.13006963872802269,0.015096356771847173,0.011236806735865712,0.013047932805716313,0.046101829573415416,0.03949101381687947,0.12272125403744368,0.046421937511288314,0.03411996125376443,0.2726042691723192,0.35977221516942065,0.3836179944250258,5.015023776078805e-7
-2.7,-0.1266607190099087,0.01528598473910016,0.011485054397204692,0.012492803721760601,0.049206054190243265,0.04131687632341807,0.1189790284592874,0.044905668035524524,0.032909871477642454,0.2657713065752908,0.37163787801659026,0.39410363784132313,3.6676135502270866e-7
-2.69,-0.12334114169143684,0.014864871300639213,0.011605191221532148,0.011949078803051804,0.05348087800472097,0.04340746272124642,0.1152539811961496,0.04500127817725809,0.03284332287168599,0.25926451896291514,0.40001447985804084,0.4090286702989056,2.6722107555273396e-7
-2.68,-0.1201085652494755,0.014328670405925432,0.011702320842034562,0.011415646878318924,0.05742852655425507,0.045112279805293976,0.11153663400665438,0.04673982201451434,0.03401356564189753,0.25302699919848065,0.43802049504163687,0.4248597039289254,1.9396928352436414e-7
-2.67,-0.11696070952851464,0.014116404581037903,0.01190159712045624,0.010891668777431942,0.059098234459362665,0.04593791806248081,0.10781953037962787,0.050011020820561136,0.0360612739026712,0.24700702607170977,0.4707957566743524,0.4373580170421406,1.402713305996888e-7
-2.66,-0.11389535413231751,0.014437098779479681,0.012285246772197002,0.010376566473693982,0.05784728270588913,0.04575852899934963,0.1040972112989846,0.0542814362420521,0.03830544274230063,0.24115779067045431,0.4810957903450573,0.44369175681320894,1.0105951185788162e-7
-2.65,-0.11091033685772442,0.015331272378968076,0.012848676992876935,0.009870008236180682,0.05499570150850496,0.044875745472239575,0.10036617413387676,0.05815688555892714,0.03999524701499282,0.23543714015388634,0.46512109587252515,0.4439320076496321,7.253647708928421e-8
-2.64,-0.10800355216950412,0.01667540622527761,0.013499204710377069,0.00937189015873136,0.05229634149726349,0.04389940877979103,0.09662481300899879,0.059711277270915755,0.040591354046773484,0.22980734465815117,0.43779170297901504,0.44114409773773877,5.1868704338629e-8
-2.63,-0.10517294971517707,0.01807838623569177,0.01410015357486401,0.008882314517977403,0.050889110131483443,0.043495723068650856,0.09287333955821685,0.05822677870744317,0.039972247676077814,0.22423489048354447,0.4175275090000717,0.4399704738171774,3.695070635782826e-8
-2.62,-0.10241653287876254,0.018916814826423278,0.014539698816360856,0.00840156548496667,0.05135498248353126,0.04410671864066619,0.08911368357737698,0.05507598110426667,0.03848689771838233,0.21869030037266374,0.4147392936803191,0.4443650609883571,2.6224502316411975e-8
-2.61,-0.09973235737242998,0.01883213641483383,0.014789909963581262,0.007930082771322112,0.05388236804654889,0.04575941969066635,0.08534937374343915,0.05217221263973826,0.03683139059016991,0.21314797963905954,0.4322913986018962,0.4555932277948883,1.8542048872945565e-8
-2.6,-0.09711852986506088,0.018166274874192544,0.014924778464865231,0.007468433829828992,0.058191794614562815,0.04804782363201052,0.08158539923032251,0.05062418957842207,0.03579305972143181,0.20758608518165705,0.46735547800262456,0.47151479368794713,1.3060895850177535e-8
-2.59,-0.09457320664675382,0.01758273783464568,0.015085878731751911,0.007017285249875731,0.0631554973554577,0.05029937720837009,0.07782805370048666,0.050809968860780694,0.035955984783171316,0.20198641304573497,0.5096562782570146,0.4875520007722619,9.165408819524896e-9
-2.58,-0.0920945923283308,0.017539199875596802,0.01541120027259197,0.006577373989938995,0.06667076396327391,0.05185917235821207,0.07408476375984142,0.052816146974131804,0.037477474594563,0.19633429917994538,0.5402238645630864,0.4989063530887468,6.407568040894492e-9
-2.57,-0.0896809385749274,0.018213758584379614,0.015962822012792973,0.006149479072642959,0.06700844035596604,0.05237268214304107,0.07036390450869771,0.05658128248512579,0.04002069606064787,0.1906185273927782,0.5415001780844285,0.5029455095845644,4.462682916707267e-9
-2.56,-0.08733054287277363,0.0195793953031266,0.01669146161455475,0.005734394333826754,0.06462747998025506,0.051945011272454863,0.06667460528263831,0.06163028958555758,0.04287266052941192,0.18483123822293288,0.5158939871788193,0.5005654466235179,3.0964151784678803e-9
-2.55,-0.08504174732829535,0.021344937845357587,0.017458294842902043,0.005332902767121732,0.06149010499159701,0.051104554201888606,0.06302654903761042,0.06656606500782153,0.04520857864733885,0.17896783248822462,0.4838957693294826,0.4958180728547028,2.1403345380676128e-9
-2.54,-0.08281293749868955,0.02284922024791167,0.01810507017486399,0.004945752941897623,0.05928884286103408,0.050581871841774595,0.05942976908065353,0.06920995961770211,0.0464070656339651,0.17302686363974615,0.46433128004725216,0.493951264359565,1.4738810421053992e-9
-2.53,-0.08064254125314817,0.023358587386136262,0.018537433878840447,0.004573637897641481,0.05899688346855226,0.05099538726926919,0.05589444697364624,0.06839902626020733,0.04629732585863924,0.16700991368675794,0.46596175972543163,0.49881210766734596,1.0111149179349809e-9
-2.52,-0.07852902766392768,0.022818032713633613,0.01877765591443327,0.0042171768347591355,0.06105118693947191,0.05257875754983659,0.052430715439293195,0.06539786468987933,0.04524045212092442,0.16092144833086175,0.48992332221359575,0.5109060641092822,6.910268943984736e-10
-2.51,-0.07647090592648174,0.021944902778672372,0.018957236736664433,0.0038768998334962183,0.06539312787182557,0.05507045855847686,0.0490484699782286,0.06245513200517093,0.04400710798821114,0.1547686480074479,0.5309604689475818,0.5271006517270062,4.704839226536639e-10
-2.5,-0.07446672430789576,0.021498243194701783,0.0192507452313033,0.003553235742286608,0.07115854429437257,0.057818603260180075,0.045757192670203305,0.06103469347463387,0.04349152252016229,0.14856121272614103,0.5747377000217991,0.5421514912882396,3.191163894952649e-10
-2.49,-0.072515069122881,0.021875018787427668,0.01978392516493209,0.0032465032873997533,0.07627251278569666,0.060060888271077355,0.042565791291742955,0.0617024657224432,0.04436696551053418,0.14231113987551994,0.5986446621355314,0.5513107994597172,2.1562892579665039e-10
-2.48,-0.07061456373660648,0.023164086601489952,0.020564515394849135,0.002956905370137281,0.07826595456253915,0.061260710191943124,0.039482456452027026,0.06462391665290912,0.04681480074665782,0.136032475455754,0.5883072256235777,0.5527171758687018,1.4515020032439718e-10
-2.47,-0.06876386759366507,0.02516809322407101,0.021474151128616198,0.0026845264385897474,0.0766166568865559,0.06135146715823269,0.036514538945609895,0.06975350451125181,0.050436319591250084,0.129741040472226,0.5546415784305986,0.5483544354048759,9.733748345611186e-11
-2.46,-0.06696167527248872,0.027261834129566117,0.022328302192483693,0.0024293327502906345,0.07323185772902586,0.060777088928442816,0.033668448964707796,0.07651233265130006,0.05439061124724035,0.12345413541321344,0.5218060459356793,0.5430752635009505,6.502698315796573e-11
-2.45,-0.0652067155645461,0.02847579993588805,0.02297447393066365,0.002191175281734456,0.07037192056591428,0.06030458249063201,0.03094957822607019,0.08315252451533713,0.057715356794049405,0.11719022679958264,0.5068928805072331,0.5421635277541044,4.327701505857342e-11
-2.44,-0.06349775057767296,0.028288977822060763,0.023376656795266373,0.001969794991905856,0.06948362447779668,0.06068630698676913,0.028362245469236595,0.08693837465890068,0.059712248492124795,0.11096862069507672,0.5161634951399146,0.5486611442673781,2.8692632336894224e-11
-2.43,-0.061833574862902724,0.02726671197809372,0.023639220110816206,0.0017648301104385338,0.0712828178244123,0.06232014818417724,0.025909665194983944,0.08642376336525168,0.06024517826798806,0.10480912877081527,0.5483922198653568,0.5618210637792971,1.895099906401601e-11
-2.42,-0.06021301456418165,0.026436266238273054,0.023954658021878066,0.0015758250970264382,0.07587726548902884,0.06506161292951507,0.0235939389543631,0.08324282742275481,0.05982476448735417,0.09873173300444453,0.59456240435712,0.5774865849134116,1.2469288877922901e-11
-2.41,-0.05863492659036843,0.026487811664370642,0.02450090260810202,0.0014022409070119693,0.08250916985513684,0.06827800841720982,0.021416067987140918,0.08028546367367181,0.059432042855612974,0.09275625534987475,0.6347173501195266,0.590216186218035,8.173317632040763e-12
-2.4,-0.057098197808934444,0.02766777021879776,0.025342940483213523,0.0012434661980174515,0.08903205746683915,0.07112754324020942,0.019375985558290933,0.07945821400877486,0.060138662742067174,0.0869020387341693,0.6449359648087791,0.5960720027272309,5.337052227502676e-12
-2.39,-0.05560174426079589,0.029863666970578445,0.026393454230755134,0.0010988291230414672,0.09243734152317908,0.07294248007904643,0.01747260696383322,0.08153554932258918,0.062668931828748,0.08118764552986851,0.6203796975960688,0.5946371349458652,3.47176405049461e-12
-2.38,-0.05414451039572387,0.032485975298388925,0.027456712489310225,0.000967609375292972,0.09145714910396043,0.07354312643997903,0.01570389488085561,0.08675808894489014,0.06708281533207014,0.07563057922865354,0.5818842993900869,0.589214820427762,2.249800077084447e-12
-2.37,-0.052725468327793186,0.03440964960572111,0.02833448067018636,0.0008490501776510608,0.08791277384742,0.07333504554803041,0.014066937525481634,0.09496505303689165,0.07272082076236591,0.07024703442857695,0.553788913121791,0.5851006111195745,1.452385645674314e-12
-2.36,-0.05134361711034466,0.034692682537685204,0.02893706684988293,0.0007423699433514445,0.08458086568791028,0.07313712753523013,0.012558036957974148,0.10499571532240448,0.07845189585328625,0.06505167947150751,0.5489809902864343,0.5868238902979436,9.340359616137428e-13
-2.35,-0.049997982029949525,0.03363863901118342,0.029337316135281812,0.0006467733725927597,0.08340384457094095,0.07381173206603413,0.011172804833909481,0.11390205005626848,0.08314011672705572,0.06005747516462112,0.5701273846121832,0.5957996674454129,5.983953688711154e-13
-2.34,-0.04868761391887794,0.032474694348470765,0.029734930632360487,0.0005614617905273036,0.08539576491164402,0.07586334136340153,0.009906262939358325,0.11798963837623337,0.08614525530795247,0.05527553202777957,0.6120762479071107,0.6096221918063512,3.819048634956139e-13
-2.33,-0.04741158848558651,0.03222358958448466,0.030347887981582593,0.00048564257393712303,0.09079104859240307,0.07919315056626623,0.008752945958708359,0.11646933188477009,0.08764199692695379,0.05071500746736346,0.6591009241482061,0.6233700297788983,2.428084906538808e-13
-2.32,-0.046169005662752845,0.03332965495746296,0.031289831912895395,0.00041853755532324596,0.09877391280902738,0.08313070990545528,0.007707004096636263,0.1125965075826467,0.08860347332963105,0.046383043226342964,0.6853707546126555,0.6322279422616512,1.5378488551060142e-13
-2.31,-0.04495898897239691,0.03575780548484361,0.03250272562326242,0.00035939033286139823,0.10686256863153817,0.08673745676178894,0.006762303399834011,0.11026489352416442,0.09042967721638709,0.04228474243824045,0.6739939626298123,0.6340294288008319,9.702953371299047e-14
-2.3,-0.043780684907641684,0.03891317063370819,0.03378529101871315,0.0003074724516225765,0.11143769800801728,0.0892476381386718,0.005912521887603632,0.11169355356767986,0.09435759938480119,0.038423184654072365,0.6368963914000612,0.6303650265120144,6.098656264723581e-14
-2.29,-0.04263326233067683,0.041508674911377635,0.034904440761522965,0.00026208845477236327,0.11079567531059771,0.09044108181066719,0.00515123989124277,0.11776250288708995,0.10089956268439454,0.0347994763468145,0.6012145289770561,0.6256711997340046,3.818596025466474e-14
-2.28,-0.04151591188650082,0.042241248765526256,0.03572860339714272,0.00022257983253488314,0.10697512146494825,0.0907664784017208,0.004472023308321937,0.12862368917042935,0.10956525798923168,0.031412833652387104,0.5860716615016781,0.6248038782766818,2.3818371433598333e-14
-2.27,-0.04042784543202788,0.0411773825947175,0.036306740895466316,0.00018832792115207206,0.10334031989200078,0.09114649482795965,0.0038684987882396226,0.14328895402529432,0.11901714813959201,0.028260693498411878,0.598065004616706,0.6304201712981993,1.479989549981606e-14
-2.26,-0.03936829548015727,0.039726774395143924,0.036845328715681615,0.00015875582371776116,0.10233183816119676,0.0925471088421378,0.0033344201695892327,0.15835675838825605,0.12762415765820204,0.0253388488143162,0.6345851513736381,0.6415916210489047,9.161001079527829e-15
-2.25,-0.03833651465841249,0.039252142126130485,0.037593090224488,0.0001333294396437122,0.10525056745410125,0.09551155465137112,0.0028637257789603686,0.16808944523870956,0.13419110216233235,0.022641603214440646,0.6825655918831333,0.6543925204110422,5.648906583885476e-15
-2.24,-0.0373317751817688,0.04040694033756223,0.03869756039095452,0.00011155769981205595,0.11236409484453005,0.09988503325424176,0.002450586467432827,0.16892845691776728,0.1385383361040767,0.020161940398973795,0.7167390485345251,0.6641171754029528,3.4699443387951244e-15
-2.23,-0.03635336833929702,0.04320879709336167,0.040116557721603774,9.299211051184804e-5,0.12250803441575737,0.10487260513883852,0.0020894444994478704,0.163903656090943,0.14164638097166954,0.017891703519336156,0.7145635887567822,0.6678821636497673,2.123326476224858e-15
-2.22,-0.03540060399426166,0.04697811677246151,0.04163851531222011,7.722571147640926e-5,0.13238499452735122,0.10941485417117774,0.0017750436148777594,0.15936612204042608,0.1452611758481218,0.01582177989348848,0.6809414444273113,0.6661650373902017,1.2943350076067743e-15
-2.21,-0.03447281009732064,0.050180343174736144,0.04300335893112255,6.389155223406577e-5,0.13758163699426834,0.112707878813533,0.0015024507565091312,0.15986246897278092,0.15110508994304103,0.013942286716814169,0.6427581679459944,0.6624375090975428,7.859805341640408e-16
-2.2,-0.03356933221248327,0.051193692098121475,0.0440556668438448,5.2660787100540195e-5,0.13651109640774628,0.11461441358601243,0.001267070090880577,0.1673831785915793,0.16004225091186175,0.01224275377680593,0.6228767673331044,0.6611301773941707,4.754573629826933e-16
-2.19,-0.03268953305549215,0.05000656368447922,0.044840055049111587,4.324048303328797e-5,0.13206758188603784,0.11575577972727866,0.0010646500509059538,0.18228856269549903,0.17159909276467095,0.010712299623750645,0.6306306789769158,0.6651067636936303,2.865138313454188e-16
-2.18,-0.031832792044303365,0.048298952120484344,0.04557990234285104,3.537122678356276e-5,0.1284158422961099,0.11722539016902309,0.0008912841955776077,0.20291189632863585,0.18410104736247027,0.009339798152880758,0.6644906469846691,0.6740914319232941,1.7199403204096719e-16
-2.17,-0.03099850486134782,0.04776075288560995,0.04654835343034041,2.8824608838625e-5,0.12850951051958245,0.12005339626599902,0.0007434067178331982,0.22382365997504855,0.19540439234033183,0.008114033093917826,0.7115329877435604,0.6849296375725165,1.0285241314072494e-16
-2.16,-0.03018608302726507,0.04921249479827448,0.0479057608097479,2.3400652017551248e-5,0.13381203504348238,0.12468470837142387,0.0006177834396620786,0.2363531599565962,0.2039054889238596,0.007023838460305143,0.745998964392672,0.6934956553647017,6.127008409034343e-17
-2.15,-0.029394953485808905,0.05265327767249864,0.049600725850909445,1.8925242687471928e-5,0.14426496792408627,0.1307379161816108,0.0005114991174914045,0.23570855946221214,0.20934613759254203,0.006058223563058987,0.7444173339307574,0.6971082797600254,3.635925022793306e-17
-2.14,-0.028624558199631882,0.057177319321918364,0.05139680040751086,1.5247612758702e-5,0.1576122810051248,0.1371805313823629,0.0004219418448752636,0.22694078751713512,0.21299928493479367,0.005206481725662418,0.7111287221765106,0.6960360785672441,2.1493809267026294e-17
-2.13,-0.02787435375666372,0.06084896903317928,0.05301254894602959,1.2237911188126823e-5,0.16888111083840668,0.1428468242971064,0.0003467852876415805,0.21940501098946882,0.2171014420582106,0.004458282332066032,0.6733877702364239,0.6932289175144402,1.2657370041397833e-17
-2.12,-0.027143810986805902,0.061799675359062174,0.05429287484207309,9.784894896687779e-6,0.17306468931815241,0.1470426474786601,0.00028396942297276425,0.21949019788477425,0.223770916233476,0.0038037462879173993,0.6546748188435061,0.6924735427136547,7.425142129889638e-18
-2.11,-0.026432414588672088,0.060253358214476214,0.05530742337833553,7.793760953472102e-6,0.17016406727645356,0.14992397880386088,0.0002316803822216384,0.22979560182973552,0.23392931905811987,0.0032335053669702352,0.6643958278814224,0.6961054861926883,4.3390721774216e-18
-2.1,-0.02573966276611109,0.058339705841691646,0.05631322056976324,6.18413470358051e-6,0.16493908145221117,0.1524403941820622,0.00018832992107242825,0.25018217240860374,0.24677588989524743,0.0027387462446541817,0.6999336902035144,0.7036584473384995,2.5259188568574014e-18
-2.09,-0.025065066874255998,0.05802611807663922,0.05760060037318448,4.888222277103762e-6,0.1623999695264181,0.15585557307834963,0.00015253496301273595,0.27677942755857826,0.26011438032101963,0.0023112402863418196,0.7456821399775606,0.7122475994149355,1.464778474618188e-18
-2.08,-0.024408151074849782,0.06018452858922533,0.05931465712456911,3.849130626626742e-6,0.16569340043316866,0.1610831480370644,0.00012309758559106014,0.3001305296876616,0.2714100684938087,0.0019433603588980112,0.7738946754509256,0.7184212253367348,8.461632511000521e-19
-2.07,-0.0237684520006043,0.06463982576393788,0.06136280226453172,3.0193538797862036e-6,0.17590537956761357,0.16818642586226878,9.898574571896977e-5,0.3089420500998047,0.2790686647925276,0.001628086072897011,0.7644764024842828,0.7203232551547657,4.86929018851425e-19
-2.06,-0.023145518428355903,0.07001453067184572,0.06346867589417371,2.359421312949797e-6,0.19160513029133547,0.1763183011500132,7.931497198247823e-5,0.3012985055487657,0.2832848774165028,0.0013589989435980395,0.7279436986665884,0.7188324156892139,2.791297190007424e-19
-2.05,-0.022538910960787115,0.07379610492385615,0.06534252635252592,1.836699583095875e-6,0.2078515267285639,0.1841515887825815,6.333118974208812e-5,0.28732211112842976,0.2859985191539871,0.0011302689870043806,0.6930533498602038,0.7169881518300055,1.5939513672214354e-19
-2.04,-0.021948201716489896,0.07412991400195454,0.06686364351370695,1.4243399147995938e-6,0.2175033885779542,0.19058462261849565,5.0394789494503036e-5,0.2785920774023497,0.28994090896423275,0.0009366342497614328,0.6809266284318236,0.7180787114110714,9.06718072552408e-20
-2.03,-0.02137297402815185,0.07198177794667474,0.06815953755572335,1.1003596374093904e-6,0.21728989758323833,0.195345996042207,3.996600093794219e-5,0.28151767853504,0.2972327728444529,0.0007733747155726377,0.6983281438805365,0.7235910760592822,5.1380384675861805e-20
-2.02,-0.020812822148652484,0.07008750070917658,0.06952882957869976,8.468467107649997e-7,0.2112434202019138,0.19916096656515198,3.1591594506063454e-5,0.29791653326041934,0.3082534274806678,0.0006362819437821914,0.7393105578775773,0.7322941552455983,2.9003470459695706e-20
-2.01,-0.020267350964862266,0.07053313273635158,0.0712532542708379,6.492755741593957e-7,0.20623053698986624,0.20337036640001585,2.4892898629939712e-5,0.3254745684155629,0.3213891799249407,0.0005216256852654996,0.7833823017777425,0.7410055535486041,1.6309092215689365e-20
-2.0,-0.019736175718942477,0.07401572067069401,0.0734167897984309,4.95922715098045e-7,0.2074819452044014,0.20919380744021862,1.9555094265910776e-5,0.35568344933315194,0.333826964388465,0.00042611859390566446,0.8013391807095697,0.7465363704523338,9.135587663649969e-21
-1.99,-0.019218921736949442,0.07987085560540857,0.07584873675511374,3.773707008897684e-7,0.2173944587555073,0.217037090925278,1.5317727751459517e-5,0.37424545970296835,0.3430081039068626,0.0003468800152685741,0.7810881642789406,0.7475857960135622,5.097646912689297e-21
-1.98,-0.018715224164551545,0.08585150958600865,0.07823050029554052,2.860899745830445e-7,0.23504928816367576,0.2262359931862275,1.1966368182456427e-5,0.3718308599475067,0.34798864774263194,0.0002813996934420318,0.7422067449502203,0.7454206773691343,2.8335394202993633e-21
-1.97,-0.018224727709672733,0.08886683879034771,0.08030030866024655,2.1608842370201227e-7,0.255139169388523,0.23539760129542178,9.325325546932825e-6,0.35496654916575443,0.3499750616143253,0.00022750209736550927,0.7136103658135404,0.7429725731094159,1.5689702372594813e-21
-1.96,-0.01774708639188089,0.08782774311632963,0.08202423983446501,1.6261953148709183e-7,0.2688154935838349,0.24316627879022273,7.2513400866931434e-6,0.33859000448594795,0.35172283147423583,0.00018331193345343672,0.7118460779003053,0.7429928598480903,8.654177270331371e-22
-1.95,-0.01728196329834437,0.08506062269959544,0.08362055805187786,1.2194077099401932e-7,0.2703794741920058,0.24899086120914887,5.62815108269659e-6,0.33360940766585145,0.3560899281719011,0.00014722128512735405,0.7384317683928734,0.7464718633665883,4.75512793910174e-22
-1.94,-0.016829030346184524,0.08379511260862023,0.08541822828966378,9.111476629092445e-8,0.26312155914048074,0.2534520227402501,4.36185380137103e-6,0.34442245840494595,0.36450460264680434,0.00011785870438738731,0.7800606100489383,0.7522953198268243,2.6026973565359363e-22
-1.93,-0.016387968051056558,0.08586498247056064,0.08763990521748861,6.78465939814066e-8,0.25553686257486186,0.2579461316147885,3.376956076311536e-6,0.37021186330487904,0.37617621940922646,9.406047734765247e-5,0.8098637019340481,0.7582557559583377,1.4190898489081721e-22
-1.92,-0.015958465301795576,0.09137797922959498,0.09025221137917872,5.035141139043232e-8,0.25498923498099235,0.2638884753722972,2.6130503753897594e-6,0.4036804298039185,0.38849585076411897,7.484419560322556e-5,0.8057479803306876,0.7626423882276026,7.707625258306939e-23
-1.91,-0.015540219140968741,0.09861023943181316,0.0929845778285694,3.7247360198229776e-8,0.2650552890662623,0.2718856701786794,2.0220227286689855e-6,0.42968819271048336,0.39843416755304994,5.938468864947061e-5,0.7749900047270849,0.7652990367272651,4.1701865842616563e-23
-1.9,-0.01513293455117886,0.10408837879849799,0.09550711824031675,2.7469396547598115e-8,0.28480883515955363,0.28136136786341753,1.5657261507709718e-6,0.43363176498362455,0.40419165260943285,4.699230909580631e-5,0.7454630975179334,0.76747167296201,2.2475755918024864e-23
-1.89,-0.014736324246968583,0.10492966044398153,0.09765056924063849,2.020033542875526e-8,0.30782056357991355,0.29086894679191794,1.2140528360734028e-6,0.4169065078049672,0.40619912841631334,3.70935114650452e-5,0.7388831633291069,0.7706438578408009,1.2066929735273838e-23
-1.88,-0.014350108472178477,0.10211881404333206,0.09952030374425379,1.4815966627348012e-8,0.3233920939441596,0.29892576243345137,9.433461568318544e-7,0.39538906761128595,0.406905020974411,2.9213626009611275e-5,0.7608634708774373,0.7752586555968947,6.453609055795223e-24
-1.87,-0.013974014802616033,0.0994584576783005,0.10142535531908434,1.0841602495555417e-8,0.3245176683956954,0.3048876313699973,7.351001349833896e-7,0.383956070114037,0.40944640746751104,2.2961700067468733e-5,0.800317480551185,0.7802663256666327,3.4382041178449865e-24
-1.86,-0.013607777953896382,0.10002202252754272,0.10366812052311913,7.91785699412232e-9,0.31493195810040137,0.30934269752768917,5.749004248487127e-7,0.3898012170074628,0.41592388487784243,1.801725976409023e-5,0.8308679668766578,0.783810174395864,1.8246666617757818e-24
-1.85,-0.013251139594319235,0.1047899175252836,0.10633680561554826,5.773834913569037e-9,0.3050321072292439,0.31377609685332364,4.5156682073961976e-7,0.41347361112145004,0.4262352014841658,1.4118833034254686e-5,0.8282543262155371,0.7845340589931235,9.646239615491942e-25
-1.84,-0.012903848162649995,0.11256658566675905,0.10924336692113806,4.206234820993503e-9,0.3039036156672415,0.3196888144941166,3.5646281547600514e-7,0.4484717375386362,0.43812682798755764,1.1054069690777391e-5,0.7968140642642955,0.7825629079103522,5.079897332765841e-25
-1.83,-0.012565658690676553,0.11986231293318413,0.11205153970926153,3.063144450530144e-9,0.31557457373592873,0.32768964894809954,2.8294274109479237e-7,0.47932108689287933,0.44844937096808674,8.651294364016026e-6,0.7640670417998231,0.779470448042905,2.664857328105838e-25
-1.82,-0.01223633263041658,0.12260240089523215,0.11450829014952754,2.2315384579931177e-9,0.3381952632601667,0.3371099857656845,2.259115061710973e-7,0.48822564215884434,0.45492363500279637,6.772332423232096e-6,0.7530934255742049,0.7772933248764742,1.3925631211336872e-25
-1.81,-0.011915637685853457,0.12026589715195,0.11661862700562485,1.6276811008513498e-9,0.36322230184234205,0.3463871855327116,1.8147591019095616e-7,0.47252729339291066,0.4574248100097392,5.306456428092199e-6,0.7704043356107356,0.7773207011977334,7.248989681675695e-26
-1.8,-0.011603347649082127,0.11666157602367089,0.11864116384553987,1.1897956352071077e-9,0.378030658609022,0.3539987857293184,1.4666998444267914e-7,0.4479870863669504,0.45805220511940564,4.165310331023618e-6,0.8051159519267989,0.779499546172175,3.7589063631868287e-26
-1.79,-0.011299242240749309,0.11594140531338391,0.12090631933228381,8.724928275727042e-10,0.3759517647173269,0.3593868632885394,1.192398115998895e-7,0.43238179270929233,0.4599349892072373,3.278679775188209e-6,0.8317376672241672,0.782794029423867,1.9416311891406544e-26
-1.78,-0.011003106954675525,0.11997194045626175,0.12358432151947767,6.425573147070355e-10,0.36301969437475967,0.3633057478239598,9.747584996500244e-8,0.4352722814807532,0.4654473033425053,2.5909887549505695e-6,0.8286051312698999,0.7861251953382637,9.9906318323794e-27
-1.77,-0.010714732906549338,0.1279993937319274,0.12656708670610411,4.757765004597663e-10,0.3518387161895422,0.36737076113071415,8.008297430988278e-8,0.45814201946779615,0.4748529181760939,2.0584150963467005e-6,0.8020737344843836,0.7891355017092098,5.120824986742475e-27
-1.76,-0.010433916686587073,0.1365270428295728,0.1295483733818208,3.545656780019858e-10,0.35221860149468837,0.3730760657058792,6.608028573963887e-8,0.4944186241085596,0.48616225949129865,1.6465292590997218e-6,0.7785798985752951,0.7922363514340584,2.61461325259596e-27
-1.75,-0.010160460216054091,0.1407054129633249,0.13224530418206085,2.661980798272797e-10,0.3673649164605571,0.3808832541844758,5.47242798178445e-8,0.5276257678499352,0.4962900075424419,1.328372546626059e-6,0.778217947981687,0.7960022233332296,1.3298275206027934e-27
-1.74,-0.009894170607546418,0.13888335872232177,0.13460220326233294,2.0149213233244155e-10,0.39317364743750327,0.38994588912326694,4.545023527709712e-8,0.5380805039087,0.5028463029832889,1.0829017131046139e-6,0.8031884201555294,0.8004786822840565,6.737570123261041e-28
-1.73,-0.009634860028934178,0.13473695929541096,0.1368294442080507,1.5384248332250583e-10,0.41805089725518785,0.39864349636081553,3.782773221716352e-8,0.5217558701952341,0.5055197739172843,8.937370298354906e-7,0.8368197985486432,0.8049877748542072,3.400409316313673e-28
-1.72,-0.00938234557087083,0.13324128661728232,0.1392490262350105,1.185081870751559e-10,0.4284941021109296,0.4055919869103708,3.1527062719447036e-8,0.4951431853991574,0.5062426676728723,7.481600322865912e-7,0.852001875521887,0.808564746074314,1.7095382032017617e-28
-1.71,-0.009136449117774816,0.13698641713076593,0.1420595722124504,9.209227270072275e-11,0.42100570063019493,0.4104956267880206,2.629398871167047e-8,0.47788263814034787,0.5080399633892952,6.36315380169981e-7,0.8367853106846761,0.8106364610452728,8.561422652994759e-29
-1.7,-0.008896997222192532,0.1454539023652735,0.14519311860938686,7.216302061856202e-11,0.40561859082842006,0.41430433935895833,2.1930858552185673e-8,0.4807341923862435,0.5132410082800287,5.505785303107998e-7,0.8087927385415135,0.81138201137279,4.271027634254868e-29
-1.69,-0.008663820982454095,0.1549136293053962,0.14836919658681286,5.697963382541305e-11,0.3964059715716434,0.4185819350496132,1.828253853891837e-8,0.5051234604627618,0.5221128250348678,4.850572796347509e-7,0.794188666753657,0.8115133108671329,2.1224523470381615e-29
-1.68,-0.00843675592353551,0.15988389921761834,0.15130609995192346,4.529442703944236e-11,0.4020425833141386,0.42449581716262863,1.5225968471905596e-8,0.5430892180614243,0.5327262539530905,4.352007373527948e-7,0.8048910295885908,0.8117012335196492,1.0506606019903612e-29
-1.67,-0.008215641881043295,0.1581768117795838,0.1539323035999393,3.621081831220177e-11,0.42290166183440664,0.4320808650593535,1.2662428583609582e-8,0.5759725553576023,0.542130647218649,3.9749399862790896e-7,0.8325099450884043,0.8121352822252562,5.1809057305484425e-30
-1.66,-0.008000322888239653,0.15367256276236246,0.1564405598105567,2.9081811591538217e-11,0.4505774888284296,0.44024958339457865,1.051182295679695e-8,0.5834487499277886,0.5481274714955335,3.692207913355592e-7,0.852825084793208,0.8125429382204149,2.5448810729361138e-30
-1.65,-0.007790647066028553,0.1520081981767232,0.1591449077533554,2.3437713222354275e-11,0.47025666453387177,0.4475318020505912,8.708453935259401e-9,0.5637806408430363,0.5505725472795884,3.482797304729443e-7,0.8465679509324641,0.8125804513879801,1.2452245366788824e-30
-1.64,-0.007586466515825104,0.15618486754407093,0.16224906099656058,1.8934850319932505e-11,0.4711729810222184,0.45304923908494493,7.197892868172301e-9,0.5359636265423607,0.551423947342928,3.3304261818905224e-7,0.821979873718919,0.8122113674115197,6.069403968734615e-31
-1.63,-0.007387637215232636,0.16555721244641974,0.16570127671499132,1.531930315129152e-11,0.45700814283488833,0.45707896367330675,5.934652890025989e-9,0.5203393772429807,0.5535178710632077,3.222455450018811e-7,0.8041615509264336,0.811751100726393,2.9468799141002726e-31
-1.62,-0.007194018916453941,0.17577991420871375,0.16924442070186252,1.2401319346326713e-11,0.4422499307525043,0.46083749040826616,4.880445877884309e-9,0.5270579571287531,0.558832171944532,3.1490544837945547e-7,0.8089723871241344,0.8115849792054978,1.4252684719001843e-31
-1.61,-0.00700547504736498,0.18079846640726283,0.17262040042609142,1.0037292461744379e-11,0.4400343194837674,0.46564052178633814,4.002863521921122e-9,0.555771372697223,0.5673074901799299,3.1025633140283723e-7,0.8319563540860653,0.8118497124795752,6.866708185535771e-32
-1.6,-0.006821872615181297,0.178675169245641,0.17577000604104875,8.117073620493249e-12,0.45501208487675043,0.4720119374867987,3.2743658087798427e-9,0.5950870184273281,0.5769443580875786,3.077005931543555e-7,0.8514079750731302,0.8123625306499295,3.2954749081630584e-32
-1.59,-0.006643082112649186,0.17411338343799704,0.17887403228622328,6.5550278626443735e-12,0.4819498114124194,0.4793464695235469,2.671492492932701e-9,0.6231348106294237,0.5850971382684849,3.067719236276404e-7,0.8478108691580198,0.8128268772578375,1.5754505081848075e-32
-1.58,-0.006468977426695436,0.17326314697227088,0.18220616379773824,5.2837106231961984e-12,0.5068217473380532,0.48635102389775203,2.17423695043238e-9,0.621965961290605,0.5901397376665778,3.07107012722193e-7,0.8269758782023252,0.8130958981387558,7.502546458442723e-33
-1.57,-0.006299435749471224,0.17902221841980376,0.18591552487907004,4.24937239675118e-12,0.514873959066478,0.49195680701392047,1.765539229022386e-9,0.5970066850750695,0.5924531551525073,3.084239525374667e-7,0.812133344578179,0.8132562191637971,3.559013486590365e-33
-1.56,-0.006134337491727404,0.18996423543589042,0.18991118203152743,3.4087368524655347e-12,0.5037885892093559,0.4960725439637046,1.4308677244309185e-9,0.5708002483101512,0.5941243469796399,3.105057063609799e-7,0.8179189461341908,0.8134914092492631,1.6817731945272538e-33
-1.55,-0.005973566198460099,0.20052113230232232,0.19393895973330694,2.726665809281942e-12,0.4863164762726424,0.4996602839799953,1.1578679540545391e-9,0.5621745963869426,0.5975709504275959,3.1318740301332517e-7,0.8382768013791071,0.8138878039754753,7.916293968317954e-34
-1.54,-0.005817008466767078,0.20432759290329852,0.1977874490549223,2.1744429573106577e-12,0.47849563205280765,0.5040842130407686,9.360633057991184e-10,0.578083006674774,0.6039895754464548,3.163465136331211e-7,0.8517367781922556,0.8143674787947718,3.71187156003421e-34
-1.53,-0.005664553865857004,0.20097586503537737,0.20145752081364393,1.7284911756792679e-12,0.48862435823498435,0.5101854551063115,7.565971242049835e-10,0.6136508660052596,0.612627228390626,3.198951976998758e-7,0.8439190027523482,0.8147816941650255,1.7337255689784891e-34
-1.52,-0.005516094859155093,0.19672938688493902,0.20516040751575537,1.3693960302812955e-12,0.5141932495879379,0.5177225273657791,6.120085940504884e-10,0.6513316454900405,0.6213304421534407,3.2377428087792996e-7,0.8256704485895006,0.8150430298794386,8.066478950123207e-35
-1.51,-0.005371526728450276,0.19786512526960479,0.2091487088863142,1.0811479552285637e-12,0.542410319945794,0.5255575835545381,4.960369927765896e-10,0.6672165935981946,0.6279900725760973,3.2794846104059495e-7,0.8183016162776473,0.8151628471393212,3.7385547367495176e-35
-1.5,-0.0052307475000303435,0.20633777138751264,0.21351945802982966,8.505430503024437e-13,0.5564999798070932,0.5324454532022906,4.03450301965581e-10,0.6524274026243364,0.6319191803095245,3.324024401294072e-7,0.8293375807336711,0.8151780307563604,1.725994566526805e-35
-1.49,-0.005093657872752958,0.21898224350802487,0.21814882218122078,6.667011556000738e-13,0.5495423854943948,0.5378648368877518,3.298951097269096e-10,0.623565827843286,0.6342583482680015,3.3713775586773604e-7,0.8457885317368905,0.8150598793876473,7.937630938008696e-36
-1.48,-0.0049601611480018255,0.2285961120865348,0.2228077704093272,5.206725791596223e-13,0.5318966788626709,0.5423135206794397,2.7176535505629313e-10,0.6045646876171452,0.6371581870461325,3.421701447070241e-7,0.8478318405893476,0.8146942497882423,3.636286017728139e-36
-1.47,-0.0048301631614786,0.22972630931940616,0.22735858199673303,4.051134420814793e-13,0.5212525964839495,0.5468815392361236,2.2608787195030527e-10,0.6092526371643986,0.6423054418470094,3.475273103485847e-7,0.83355706109805,0.8139334247195216,1.6593602591005868e-36
-1.46,-0.004703572216782413,0.22516171007226882,0.23186744978796278,3.1401538704959473e-13,0.5285258750710907,0.5524338439897282,1.9042296190994065e-10,0.6381790583706631,0.649790798647682,3.5324700430952755e-7,0.8210602544390384,0.8126550754400099,7.542906256645505e-37
-1.45,-0.00458029902073018,0.22275744759792604,0.23654183844350396,2.4247928365934446e-13,0.552590105975497,0.5590036989534398,1.6277841073823386e-10,0.6782576915838558,0.6580744700599692,3.593753490048105e-7,0.8242983460831417,0.8107839896116635,3.4154818077122137e-37
-1.44,-0.00446025662037206,0.2278405942112443,0.24154993429670005,1.865251851172486e-13,0.580813898955521,0.5658276026074425,1.41535503935718e-10,0.705113960114835,0.6650557415209573,3.659653517562352e-7,0.8374295860059967,0.8082955598631603,1.54056614102658e-37
-1.43,-0.0043433603416576415,0.24004593106289546,0.24687736892439124,1.4293257285064716e-13,0.595706140577853,0.5719718547037407,1.2538570674263129e-10,0.7007259065444043,0.6695055296542796,3.730755715578926e-7,0.8418356611826658,0.8052433097723891,6.921874074141037e-38
-1.42,-0.004229527729709584,0.25324559299140115,0.2523410308365828,1.0910615615105778e-13,0.5892285521684011,0.5770666099135332,1.1327677348859828e-10,0.6733872573904224,0.6718854446231358,3.807689104759556e-7,0.8300077335798846,0.8018107532921861,3.0980033447622843e-38
-1.41,-0.004118678490662604,0.2592971207030959,0.25774308963020093,8.296336487575187e-14,0.5714415852896108,0.5815953495956967,1.0436714399912121e-10,0.6481799833862933,0.674010662676186,3.8911150908836003e-7,0.8157032294445753,0.7983341918635812,1.381194321128951e-38
-1.4,-0.004010734435026761,0.25655724091754295,0.26302908614461185,6.28403105093648e-14,0.5608246825277658,0.5865317061858375,9.798757609819749e-11,0.6442963231123449,0.6778136973660962,3.981717310011106e-7,0.8138852126599996,0.7952415379874049,6.133978820385054e-39
-1.39,-0.003905619422535104,0.25218217228759127,0.268314753209448,4.741347624735961e-14,0.5688989718266375,0.5926090069030615,9.360905402344853e-11,0.6667100583697967,0.6840762381737122,4.0801922567020547e-7,0.8220671448175277,0.7929073542233195,2.7135899423889613e-39
-1.38,-0.0038032593084367746,0.2541212380418332,0.2737642903283604,3.563478231211529e-14,0.5941175884263303,0.599778189043691,9.081610269323571e-11,0.7057172127663391,0.6919954081158568,4.1872406184780586e-7,0.8250556315449374,0.7914851510890502,1.1958053900107843e-39
-1.37,-0.003703581891197686,0.26469266543756154,0.27943269403837234,2.6677991093647002e-14,0.6227322356774058,0.6072560735783583,8.928472635630256e-11,0.738163915315934,0.6998475970406457,4.3035592620792445e-7,0.8169226678475131,0.7907976818621804,5.249174459933136e-40
-1.36,-0.003606516861571878,0.2792200748745282,0.28521199989068147,1.9894687991794268e-14,0.6366253992104982,0.6141112544334564,8.876427605192556e-11,0.7418328682984718,0.7062396268154438,4.429833832797891e-7,0.809566472920684,0.7903412373247779,2.2952796259783004e-40
-1.35,-0.003511995753007638,0.28857201520819703,0.2909241327326361,1.477831015178745e-14,0.6287026975464362,0.6199302656106759,8.906263234996175e-11,0.7187903295006586,0.711042423042842,4.566731938741351e-7,0.8137020618745222,0.7894159416443155,9.997563505851848e-41
-1.34,-0.003419951893353394,0.2878302611159379,0.29647102666366226,1.0934903873406214e-14,0.6110104204359962,0.6250607189834951,9.003416702451663e-11,0.6931688537151294,0.7153606918708474,4.714896898495565e-7,0.8228813023848269,0.7873495001066236,4.33777078228359e-41
-1.33,-0.0033303203578293247,0.2825364423992017,0.30190499535561166,8.059476682698877e-15,0.6028088545925501,0.6302686708425808,9.157001888169491e-11,0.6871360027845091,0.7206065075124365,4.874942034354394e-7,0.822023694287996,0.7837418997690251,1.8747906065121565e-41
-1.32,-0.003243037923231504,0.282142170658105,0.30735971505624804,5.916974596452792e-15,0.6142768898691764,0.636102623060873,9.359028441492443e-11,0.7080306381754617,0.7273912719445095,5.047445494958856e-7,0.8094851533707225,0.7786337177844497,8.071468686886234e-42
-1.31,-0.0031580430233362875,0.2910329497021123,0.3129108244637855,4.327060834668471e-15,0.6409913944275633,0.6424698249804787,9.603778305821583e-11,0.7467362202736539,0.7350604851168107,5.232945591683089e-7,0.7982293088393728,0.7725133345300376,3.461512295681958e-42
-1.3,-0.0030752757054734754,0.3055974287854988,0.31849609275893004,3.1520005911668813e-15,0.6665979676737512,0.6487418604545641,9.887310952876689e-11,0.7794542882484388,0.7421984850770673,5.431936633174177e-7,0.794802165039412,0.766140139703283,1.478742634892956e-42
-1.29,-0.0029946775882376286,0.31626916286221524,0.32396463424840405,2.2870687479493097e-15,0.6739032476642784,0.6542761073311686,1.0207073225804032e-10,0.7830289482602949,0.7477031594532859,5.644865242800488e-7,0.7923672849790314,0.7602484672239401,6.292635909128585e-43
-1.28,-0.0029161918203076996,0.31636760679225806,0.3292027840461822,1.6529948730457361e-15,0.661022480979772,0.6589159617529503,1.0561593750605874e-10,0.7594108760405825,0.7516166331049812,5.872127145015659e-7,0.7860698225051928,0.7552601991592943,2.6673855814120397e-43
-1.27,-0.00283976304034594,0.3104028422948231,0.3342163480303844,1.1900437458364486e-15,0.6443507124571519,0.6630705717059411,1.095024538353565e-10,0.7335675525155801,0.7550996629316676,6.114064409342493e-7,0.7820079859715083,0.7511323041475917,1.1262947830776353e-43
-1.26,-0.002765337337947791,0.3085936200837075,0.3390961852221802,8.534012969288438e-16,0.6420844221900466,0.6673319799200281,1.1373062164659472e-10,0.7283319077187523,0.7595918082404871,6.370963145258135e-7,0.7838154547921722,0.7473992109951242,4.737304691033067e-44
-1.25,-0.002692862215615218,0.31634695432436144,0.34390722120495565,6.095965203075221e-16,0.6596150672868377,0.6719645228017789,1.1830599793310066e-10,0.7505783717723756,0.7658047635533757,6.64305164802945e-7,0.7841417725535023,0.7433778386985421,1.98483053412204e-44
-1.24,-0.002622286551726662,0.3301864706394596,0.3486102872117592,4.337408772433909e-16,0.6869695389365373,0.6766906166344366,1.2323830778508476e-10,0.789418287066465,0.7732965516945476,6.930499004678329e-7,0.7774831608177998,0.738434704286105,8.283775333304391e-45
-1.23,-0.002553560564477493,0.34004310370035173,0.35308803576176895,3.074091775846133e-16,0.7052344471626959,0.6809356401137571,1.2854067193822866e-10,0.8195287750205733,0.7809068324302375,7.233414180771833e-7,0.769144175651851,0.7322000395943585,3.4438629066926466e-45
-1.22,-0.002486635776765522,0.33902857013967047,0.3572425717935584,2.170210360268991e-16,0.7019456345744891,0.6843103507118026,1.3422905425828107e-10,0.8196119108423012,0.7876718504189288,7.551845622498325e-7,0.7630474410565453,0.7246520923322439,1.426185316973073e-45
-1.21,-0.0024214649819968167,0.3321034140895757,0.36106639987188904,1.5261081260158941e-16,0.6845695931307012,0.6869247899295984,1.4032188488786808e-10,0.7959018568743645,0.7934959928317888,7.885781424221558e-7,0.7554611039203055,0.7160599133463763,5.8832666323720536e-46
-1.2,-0.002358002210787681,0.32985633313620916,0.3646213985931635,1.0689741412156258e-16,0.673068247809659,0.6892885505507788,1.46839824216716e-10,0.7750144928933628,0.799088383494323,8.235150128971854e-7,0.7457718019917382,0.7068314271878405,2.41753888276365e-46
-1.19,-0.002296202698539334,0.3372655275364737,0.36795456801214615,7.4584310650591e-17,0.6805044447399092,0.6919096526774293,1.538056401924214e-10,0.7777597904182608,0.8052753233543597,8.599822247585352e-7,0.7380594990210866,0.6973413343589074,9.895566781176065e-47
-1.18,-0.0022360228538624003,0.34967492460332134,0.3710384480670826,5.183535989018907e-17,0.7039476088831338,0.6949488301329202,1.6124417704643043e-10,0.8066433648331176,0.8122842253676638,8.97961260079186e-7,0.7315959023366382,0.6878050399999194,4.0347818114856683e-47
-1.17,-0.0021774202278289443,0.3564914009422773,0.37379255148995955,3.588418558584629e-17,0.7272071159212681,0.6982158224074798,1.6918239751415276e-10,0.8448803384573489,0.8195816329393951,9.374283606768238e-7,0.7236218292784927,0.6782322089176486,1.6387455096967408e-47
-1.16,-0.002120353484030361,0.3525191393180016,0.37615745153083463,2.4744483751852756e-17,0.7331600011146755,0.7014839526105773,1.7764948329463118e-10,0.8649425142375933,0.8263671500947674,9.783549653784137e-7,0.715488037952373,0.6684561780528658,6.630021883384947e-48
-1.15,-0.0020647823694200035,0.3447038400840484,0.37814346749374816,1.6996207745214942e-17,0.7207568887627179,0.7048267006320286,1.8667698001638925e-10,0.8537378814848853,0.8322835647027909,1.0207082712852617e-6,0.707395599389884,0.6582094945381584,2.6719621633367337e-48
-1.14,-0.002010667685919975,0.3432615467292949,0.3798082663486713,1.1628508581973981e-17,0.7071933685119796,0.7086786366805167,1.962989735283941e-10,0.8283047765143797,0.8377446653963522,1.064451935810154e-6,0.6976973001459275,0.6472080131162204,1.0726485504727595e-48
-1.13,-0.0019579712627720686,0.3509280140418535,0.38119305047129926,7.924911478148634e-18,0.7097563919722065,0.7135802545374395,2.065522840856223e-10,0.8162900707838494,0.8436219131915993,1.1095469372339836e-6,0.687202626489431,0.6352136997011261,4.289397663914612e-49
-1.12,-0.0019066559296133379,0.36069368541521596,0.3822855189315505,5.37976582344483e-18,0.7311740716807099,0.7198433592780036,2.174766641115785e-10,0.8317962023043797,0.8505698435281471,1.1559526121572028e-6,0.6760305044278476,0.6220618309180217,1.7086251613237892e-49
-1.11,-0.0018566854902573198,0.36242562772580866,0.383043467962166,3.6377357640972065e-18,0.7587253958809488,0.7274256012095832,2.2911498386155685e-10,0.8680545751573293,0.8585532256055333,1.2036278884729956e-6,0.6635541292786501,0.6076536105633731,6.779674173939982e-50
-1.1,-0.0018080246971624075,0.3549828092784077,0.38344743739606385,2.4501818112678913e-18,0.7738543663374147,0.7360960042778872,2.4151338765298625e-10,0.9004184292083982,0.8669414388377199,1.2525327323517787e-6,0.6505190136515197,0.5919251845328588,2.6796760791303097e-50
-1.09,-0.001760639226569368,0.34766743006696943,0.3835245231898062,1.6438643204657315e-18,0.7697052770520784,0.7457074373937956,2.547214015541443e-10,0.9048685399822485,0.8750444014660286,1.3026298272033865e-6,0.6365315245630307,0.574807306914288,1.0550356695637634e-50
-1.08,-0.0017144956542904652,0.34851444734278314,0.38332175769038446,1.0985917586387503e-18,0.7599863678015442,0.7563099215397676,2.687919717207131e-10,0.8845672238831264,0.8826076167314868,1.3538865016901552e-6,0.6214487385517301,0.556188174825248,4.137740674341546e-51
-1.07,-0.0016695614321331133,0.35613580944333884,0.38286219160865564,7.313307132074899e-19,0.7638850961551917,0.7680044347768633,2.837814111405006e-10,0.8662922590238993,0.889857036382749,1.4062769226263467e-6,0.6056878109509346,0.5358881859082162,1.6164809579489878e-51
-1.06,-0.0016258048649414262,0.36119384855855863,0.38213074468337027,4.84961355328905e-19,0.7873830349520712,0.780684656483837,2.9974923159521394e-10,0.8719867026743626,0.8971016130675555,1.4597845670458294e-6,0.5885485860620958,0.5136521603328479,6.29055601556179e-52
-1.05,-0.0015831950882394753,0.35681549260554285,0.3810998293813384,3.2035657370215796e-19,0.8192709409499376,0.7939111462755747,3.1675783738044653e-10,0.9025165111590208,0.9042841954966694,1.514404985876173e-6,0.5702280107714461,0.48916298295845223,2.43847613757164e-52
-1.04,-0.0015417020464604794,0.34757990028439056,0.37976176215026447,2.108277397345875e-19,0.8399234762747996,0.8070280040420545,3.3487205794158527e-10,0.9371454725856818,0.9108901842261427,1.5701488695371408e-6,0.5507027117648646,0.4620799363148609,9.415837196878588e-53
-1.03,-0.001501296471746574,0.3431195339064426,0.3781325704722305,1.3824764352691407e-19,0.839961016347217,0.8194055900359174,3.541584982714701e-10,0.9484294279800533,0.9162839995356478,1.6270454233786476e-6,0.529352983570096,0.43210322989526634,3.6216814343960885e-53
-1.02,-0.0014619498633042054,0.3466045631525949,0.37622758116402133,9.035638634085583e-20,0.8322288369427263,0.8305923132870273,3.74684688840685e-10,0.9312322223222753,0.9201664268280119,1.6851460581524028e-6,0.5065441164968846,0.39906138961153276,1.387625747382326e-53
-1.01,-0.0014236344673005871,0.35170795619678763,0.3740396694222702,5.88977268103375e-20,0.836882917902477,0.8402699444109726,3.965180211272847e-10,0.9092198964720011,0.9227659624715081,1.7445283976008483e-6,0.481949073177257,0.36300979119407134,5.295965795252267e-54
-1.0,-0.0013863232572870385,0.3496659469269965,0.37154380468503945,3.8335693693705446e-20,0.8598980924852372,0.8481095355448763,4.1972446057297487e-10,0.9075234841824108,0.9246430774509258,1.8053006016327705e-6,0.45540102620358675,0.32431889113883444,2.013393377923958e-54
-0.99,-0.0013499899151353959,0.3405764271892468,0.3687195451043906,2.4974765145626716e-20,0.8886100079754542,0.853718197721947,4.443670360614242e-10,0.930834801538426,0.926333063975497,1.8676059992775555e-6,0.4275463939225397,0.28372426472491313,7.624698354534594e-55
-0.98,-0.001314608812474052,0.33300200532202795,0.3655650293271455,1.6359423588709692e-20,0.9031642460159235,0.8567683562472167,4.705041137793131e-10,0.9607825008586796,0.9281620111857899,1.931628020465604e-6,0.3985376273714617,0.2423125332818154,2.8762536966481788e-55
-0.97,-0.001280154992610526,0.3325918820484049,0.3620897857794897,1.086622273382303e-20,0.8973783190050653,0.8572193907215286,4.98187473508108e-10,0.9707986806256387,0.9303637703287315,1.997595409427824e-6,0.3694452286387556,0.20143021936271405,1.0807920226735248e-55
-0.96,-0.0012466041529278146,0.33584165617083594,0.3582990989660257,7.42790368079286e-21,0.8872534093788094,0.8554583940332631,5.274602168665146e-10,0.9550910854816882,0.9333222908280098,2.0657876948708124e-6,0.3420179836431989,0.16252407675073258,4.04545538312878e-56
-0.95,-0.0012139326277421077,0.33430927850404074,0.35418925363643095,5.347674866738198e-21,0.8916500461588075,0.8522739237392661,5.583545495788715e-10,0.9360647178087562,0.937654368683813,2.136540882783549e-6,0.3172654740128248,0.12694409995026298,1.508352937034906e-56
-0.94,-0.0011821173716097752,0.32556092695011946,0.349756271440114,4.1747782321838725e-21,0.9127645928166847,0.8487336083227981,5.908894932229167e-10,0.9378185667591556,0.9440178692754518,2.210253326494447e-6,0.29595568702817204,0.0957548957394186,5.602072585412359e-57
-0.93,-0.0011511359430718526,0.3163778444286971,0.3450039958967708,3.621526077828122e-21,0.9363809703188859,0.8461038197722306,6.250685957998532e-10,0.9640207678192232,0.952794695735966,2.2873917151933836e-6,0.2786103881725111,0.06960075843931822,2.0725481091636497e-57
-0.92,-0.001120966488824557,0.31313753554736967,0.33994055338779405,3.508275118314271e-21,0.9469754794869933,0.8458726077264065,6.608777245192349e-10,0.9956427133775579,0.9638981614606482,2.3684971064051085e-6,0.2651139359328483,0.048654206864647484,7.637840282588065e-58
-0.91,-0.001091587728304668,0.31414527947174503,0.33456874298571926,3.7271375306204626e-21,0.9464531007125981,0.8498109389377645,6.982830380251786e-10,1.00766152709946,0.9768129808336046,2.4541909098043015e-6,0.2549446118227613,0.03265302187935098,2.8037968348694877e-58
-0.9,-0.0010629789386789048,0.3119739165177054,0.32888380812909335,4.218203090548476e-21,0.9531874894218847,0.8599663054697871,7.372292485259649e-10,0.9977588938137112,0.9907540348798053,2.5451807094080564e-6,0.24748655439960685,0.021006570246075884,1.0252567804874082e-58
-0.89,-0.0010351199402267033,0.30329742139480376,0.32288233924420073,4.9540778879032996e-21,0.9809179566832281,0.8785591063422161,7.776382965557737e-10,0.9892509708185724,1.0047497099608875,2.642265788872469e-6,0.24217466763654746,0.012936948496792198,3.734482845378138e-59
-0.88,-0.0010079910821060914,0.293411960280563,0.31657228727094416,5.9299256102364766e-21,1.0268418569054278,0.9078527538532901,8.194085720567948e-10,1.0020164817477513,1.0175781940677138,2.746342200891747e-6,0.23854834677206768,0.00761813356981497,1.3550455301589801e-59
-0.87,-0.0009815732284926162,0.28830454693171226,0.30997345561015544,7.157130814156598e-21,1.076218068720647,0.9500840520873061,8.624148248350629e-10,1.0316428720102362,1.0276676264515683,2.858407197350967e-6,0.23625579324188783,0.004285235434303087,4.89916234179659e-60
-0.86,-0.0009558477450815488,0.2870187015933293,0.3031099818899452,8.65933149633334e-21,1.1184801396825603,1.0074612561407423,9.065089149943758e-10,1.0531501794285945,1.0331284274444112,2.9795628130030175e-6,0.23503606812089137,0.002300640765127295,1.769076963165902e-60
-0.85,-0.0009307964859438445,0.2833435746469998,0.296005491069535,1.0469988405345482e-20,1.1626171480151914,1.0821521278770874,9.515215595496183e-10,1.0479780851814144,1.0319771228623087,3.111018373408588e-6,0.23469727572667864,0.001178076240283679,6.505951459065111e-61
-0.84,-0.0009064017807265879,0.2744945822317357,0.28868720477094867,1.2630938100071755e-20,1.227406630523602,1.176176173199929,9.97265235009907e-10,1.0272816663471058,1.022458692281572,3.254091679364976e-6,0.23509802700411134,0.0005750534788944017,2.8165871787060348e-61
-0.83,-0.000882646422188894,0.26490974891776725,0.28119380447608044,1.519156172035286e-20,1.319875844568654,1.2911764881645802,1.043538397334628e-9,1.0147522799999176,1.0033221164708528,3.4102086069856343e-6,0.2361335072663575,0.00026746253102419553,2.4964558525607144e-61
-0.82,-0.0008595136540644736,0.2592267602674713,0.27357712816563107,1.8208323076146164e-20,1.4282023420280796,1.4281039643322009,1.090131180408902e-9,1.0153812197805587,0.9739730134222824,3.5809008571184037e-6,0.23772550607668694,0.00011849187440241647,5.400567735101369e-61
-0.81,-0.0008369871592423016,0.25606200055158884,0.2658942447823603,2.1744509183132106e-20,1.5329030260816336,1.58685401325027,1.1368327322236024e-9,1.0107019993954547,0.9345224668462033,3.7678015921828854e-6,0.239815398463693,4.9988319673176795e-5,1.5500446986959088e-60
-0.8,-0.0008150510482570516,0.2505185962501566,0.2581957589025813,2.5870058084046213e-20,1.633075439360335,1.7658815947312494,1.1834403444720176e-9,0.9836036745601999,0.8857807103590041,3.9726387150786485e-6,0.24235920663558966,2.0077504710044873e-5,4.6212633361057354e-60
-0.79,-0.0007936898480811773,0.24165046847962607,0.2505187473131106,3.0661392317799363e-20,1.750307976722369,1.961837527173676,1.2297705264751508e-9,0.9421930156389687,0.8292111740777648,4.197225575791019e-6,0.2453241017144864,7.675985243149172e-6,1.3793571179341025e-59
-0.78,-0.0007728884912107372,0.23358442606984015,0.2428878673588639,3.620119818378007e-20,1.8970699441101264,2.1693201977045704,1.275672168351382e-9,0.9073084931144219,0.7668323596100034,4.443448938691963e-6,0.24868590119088368,2.7930046094466696e-6,4.103458731079423e-59
-0.77,-0.0007526323050372608,0.2288218588891909,0.23532216801201375,4.2578105311655644e-20,2.0546527276685,2.3808660048723898,1.3210419311792534e-9,0.8865847674729757,0.7010713751326302,4.713254108896498e-6,0.25242726005257593,9.670628680341054e-7,1.2160517352533893e-58
-0.76,-0.0007329070014981626,0.2247627283712264,0.22784269573290927,4.9886230868393494e-20,2.1883527254431705,2.5872626080151875,1.365841993430262e-9,0.8697368592134407,0.6346047577684145,5.008627200417844e-6,0.2565363508568737,3.185770610693217e-7,3.589680749772533e-58
-0.75,-0.000713698666998402,0.21793527381341438,0.22047679447081123,5.822455993353006e-20,2.2927868002927347,2.778180503135063,1.4101202728235486e-9,0.8453842313785537,0.5702221527161105,5.331574632548316e-6,0.26100589325245893,9.983412470188512e-8,1.0555000166990649e-57
-0.74,-0.0006949937525962805,0.2094998468206688,0.21325699751829144,6.769613942465432e-20,2.39500311658606,2.943043262879527,1.4540332303641089e-9,0.8177228482648268,0.5107160648596304,5.684100063242782e-6,0.2658324370513623,2.9755842527573728e-8,3.091426588107661e-57
-0.73,-0.0006767790644464543,0.20306682608409016,0.2062149610816573,7.840706829484117e-20,2.4990844296559347,3.0720315495496537,1.4978713477548138e-9,0.8004099197281048,0.45878115734952984,6.0681791075915e-6,0.27101583223394954,8.433622399552317e-9,9.018989111370234e-57
-0.72,-0.0006590417544934191,0.19903311753817374,0.19937373251254134,9.046527209014381e-20,2.56815810723373,3.1571185360097163,1.5420873493742689e-9,0.801562169622776,0.4169305461574449,6.4857323428389245e-6,0.2765588391260744,2.272587061862448e-9,2.6209275372668773e-56
-0.71,-0.0006417693114089053,0.19436044287809578,0.1927431053148841,1.0397905567562661e-19,2.577479882611556,3.193020511348047,1.5873272140060964e-9,0.8193092899749401,0.38748266074709464,6.938597264654524e-6,0.28246684561144314,5.821065330006324e-10,7.586655974638526e-56
-0.7,-0.0006249495517667889,0.18759869981176108,0.18632115061548724,1.1905543418702369e-19,2.553721585204439,3.1779071783500226,1.6344639875925847e-9,0.8466513787336404,0.3726931938485762,7.428500027000502e-6,0.2887476677133215,1.4169837027263564e-10,2.1874795105674752e-55
-0.69,-0.0006085706114492949,0.18103072573645826,0.18010105035487659,1.357982490997903e-19,2.522534903158649,3.113691926672184,1.6846343643003623e-9,0.8812047815786288,0.37508394650783555,7.957027963199627e-6,0.29541141655748765,3.277206888411387e-11,6.2825481023030906e-55
-0.68,-0.0005926209372784291,0.17650006519836708,0.17407919850346706,1.5430608369336492e-19,2.462381682463378,3.0057669199332064,1.7392779467742804e-9,0.9297655028793982,0.3979788947356024,8.525604040739413e-6,0.30247041950875525,7.1995231758216806e-12,1.797321944380898e-54
-0.67,-0.0005770892788667387,0.17252514111218256,0.16826045926168232,1.7467000001490187e-19,2.350713833933054,2.8621801335800026,1.800179025193416e-9,1.0016211337855085,0.4462268677453645,9.135464538017987e-6,0.30993918675288235,1.5018730447722992e-12,5.121700243475111e-54
-0.66,-0.0005619646806816499,0.16710081597779664,0.16265888505005538,1.9697112753851802e-19,2.2150626818969803,2.6924315727434016,1.869510626286275e-9,1.101143795058292,0.5270617570308072,9.787641337974338e-6,0.31783441717644134,2.9740088039579433e-13,1.45378660485936e-53
-0.65,-0.0005472364743177878,0.16118626915513878,0.15729482876812462,2.2127814184462238e-19,2.0965112835518642,2.5062067199533327,1.9498804757336356e-9,1.226032816402797,0.6509843825600503,1.0482950301296815e-5,0.32617503935370223,5.588039683516701e-14,4.110412377253067e-53
-0.64,-0.0005328942709718262,0.15675882816196968,0.1521906486850022,2.4764467953742607e-19,1.9933849168453075,2.312378671742059,2.0443783887913295e-9,1.3725183125763674,0.8324153830798217,1.1221987200648954e-5,0.33498228497209914,9.958438689242991e-15,1.1576262126335105e-52
-0.63,-0.0005189279541145589,0.15337225666121057,0.14736702221116524,2.7610674297365034e-19,1.8758045533575112,2.118469815599209,2.156624453626404e-9,1.5471990511926774,1.0896857260222268,1.2005132657588405e-5,0.3442797932505392,1.6823725030216555e-15,3.247502808859944e-52
-0.62,-0.0005053276723550268,0.14920495437325781,0.1428409040154515,3.066801548687143e-19,1.7391851495174053,1.9305399090097604,2.2908171998748576e-9,1.7695961628601984,1.4437785401861947,1.2832567417134109e-5,0.3540937459241612,2.6928821451555e-16,9.074630372125086e-52
-0.61,-0.0004920838324916616,0.1444102664703172,0.13862500857348373,3.393581281498558e-19,1.6087656435513074,1.7532935463981072,2.4517807526190067e-9,2.0574103801057073,1.9152373805121317,1.3704299114430405e-5,0.36445303325635164,4.0815608650891366e-17,2.5258443187242156e-51
-0.6,-0.0004791870927455511,0.14060112743282235,0.13472788762800086,3.7410902021986017e-19,1.4983837389050991,1.5901790490690424,2.6450097621325187e-9,2.4123708112653888,2.518955974842038,1.4620201429026845e-5,0.3753894523481761,5.854470381177246e-18,7.002972802752962e-51
-0.59,-0.000466628356171048,0.1377801006834273,0.13115358883954265,4.108743427872125e-19,1.3984715159669274,1.4433766364654936,2.8767106768086803e-9,2.8247317623556607,3.2572578318133996,1.558006618305049e-5,0.38693793979007196,7.942087411984836e-19,1.9340002505022356e-50
-0.58,-0.0004543987642390771,0.13455483970575915,0.12790047647659383,4.495670983570129e-19,1.302163427318612,1.3137390992464695,3.153837696960515e-9,3.3016074823119856,4.112682774547132,1.658366852135286e-5,0.3991368414768817,1.0183590073688578e-19,5.320210770675483e-50
-0.57,-0.0004424896905886135,0.13090046544915493,0.1249595523883332,4.900705121677906e-19,1.217056589882671,1.2008320957728442,3.484121518868046e-9,3.873892491762193,5.042866092548793,1.7630844819600014e-5,0.41202822321729415,1.2334602713385278e-20,1.4578048001581877e-49
-0.56,-0.00043089273494192497,0.12802041047080023,0.12231299069188906,5.322372236797381e-19,1.1477686788534633,1.1031776873261774,3.876088761678446e-9,4.538303729517847,5.980245845373208,1.872158240925816e-5,0.4256582266433021,1.4104445786108915e-21,3.9789468642112355e-49
-0.55,-0.000419599717179286,0.12585000876368926,0.11993345712659864,5.758889946307391e-19,1.0851322465306394,1.0186826316429543,4.339069776485174e-9,5.205053770522457,6.838547261642606,1.985611959967652e-5,0.44007747589543067,1.5217923898075383e-22,1.0817704872403258e-48
-0.54,-0.0004086026715689844,0.12330748939626685,0.11778437393907715,6.208169812311806e-19,1.020468787166103,0.9451244308152482,4.883192380660434e-9,5.751713684456678,7.526006559106539,2.1035053834306476e-5,0.45534154165859764,1.5484640520650303e-23,2.929546150403466e-48
-0.53,-0.00039789384114855,0.12052369342049243,0.11582092509584882,6.667826064179929e-19,0.9585163826999491,0.8805393920567387,5.519358956061276e-9,6.1143613828287044,7.9627233839456295,2.225945516180319e-5,0.47151147038892144,1.485212248527461e-24,7.902486906394795e-48
-0.52,-0.00038746567225324285,0.11835092948733322,0.11399143617205837,7.13519054482248e-19,0.9062810615019918,0.8234128553245103,6.259204312584303e-9,6.237169127477851,8.097486260813202,2.3530981558187723e-5,0.4886543880466957,1.3422432583084927e-25,2.1233688972890123e-47
-0.51,-0.0003773108091879409,0.11644367424077062,0.11223882430046325,7.607333951674296e-19,0.8605371805705697,0.7726673148549065,7.1150317643244435e-9,6.053430516165324,7.918967357751425,2.485199203121698e-5,0.5068441893863912,1.1425133671255652e-26,5.683100602882312e-47
-0.5,-0.00036742208903866897,0.11408156125517306,0.11050202800165514,8.081093279378174e-19,0.8157308169949196,0.7275225153028159,8.099725009277345e-9,5.62054485511571,7.457738123544309,2.6225652902579275e-5,0.5261623259126348,9.156598151850115e-28,1.5151075496358295e-46
-0.49,-0.0003577925366201098,0.11168578778567358,0.1087175746853981,8.553105200417925e-19,0.7741206134738401,0.6873284780814748,9.226633658583526e-9,5.080529179498269,6.778566761868631,2.765603222859784e-5,0.5466987080671389,6.933203193724481e-29,4.0234610946570556e-46
-0.48,-0.0003484153595555322,0.10964677023444398,0.10682159399682897,9.019844948020254e-19,0.7391486794360248,0.6514487567496998,1.0509430638783844e-8,4.510882079641831,5.965652843847532,2.914817701682514e-5,0.5685527401584772,1.0298214145656715e-29,1.0642762628834502e-45
-0.47,-0.000339283943485667,0.1073892244840009,0.10475255567509943,9.477670098460522e-19,0.707602262916482,0.619222729797919,1.1961940198067025e-8,3.951392209068287,5.105490167508415,3.0708167753905146e-5,0.5918345101001441,1.0535955246798575e-28,2.804188290378019e-45
-0.46,-0.0003303918474031507,0.10474387030466187,0.1024548019265605,9.922868493493814e-19,0.675843830104272,0.589991972273485,1.359793588829963e-8,3.452945276870145,4.272186814559061,3.234314480622146e-5,0.616666160326945,1.9208518477173783e-27,7.359667479748332e-45
-0.45,-0.0003217327991092458,0.10217464042325748,0.09988262992988756,1.0351709403857452e-18,0.6460017674682508,0.5631540112761367,1.543090866672708e-8,3.0327261114189623,3.5184938863338795,3.4061301511720374e-5,0.6431834714974408,3.2999917622160504e-26,1.9240105087351995e-44
-0.44,-0.00031330069078963364,0.09950871219014101,0.09700437425785007,1.0760496917107537e-18,0.6197503671065184,0.5382082529141354,1.7473806156567856e-8,2.6694172579644655,2.8734082074399874,3.587183926576378e-5,0.6715376969907815,5.325900573169355e-25,5.010198269043478e-44
-0.43,-0.00030508957470615813,0.09642242216182402,0.09380575930685729,1.1145624442244499e-18,0.5944256537764006,0.5147743673043269,1.9738745109613168e-8,2.3533172292282534,2.3451027562359528,3.778488062572782e-5,0.7018976940621813,8.074764482449138e-24,1.2995727944700047e-43
-0.42,-0.0002970936590014829,0.09321993207188957,0.09029181694239116,1.1503629163542781e-18,0.569145294604542,0.4925815223432351,2.223670020473525e-8,2.091632741465102,1.926820785549026,3.981133741984415e-5,0.7344524072059859,1.150067335144048e-22,3.357720448156849e-43
-0.41,-0.000289307303613701,0.08996056892122047,0.08648690012447886,1.1831245249534296e-18,0.5460926486383737,0.47143946412057103,2.4977173465239545e-8,1.8778741093096447,1.6033598137143183,4.196273203778908e-5,0.7694137712684013,1.5387684312196746e-21,8.641451276813916e-43
-0.4,-0.0002817250162980166,0.08641963395486024,0.08243269777545105,1.2125454631780534e-18,0.5249235726587306,0.4512065099596392,2.79678497499058e-8,1.6947746626109712,1.3565004987670595,4.425097148616643e-5,0.8070201167727264,1.9341041738322083e-20,2.215272016423885e-42
-0.39,-0.0002743414487526923,0.08279104470593412,0.07818455169011393,1.2383534212162492e-18,0.5038471952043313,0.43176624953874426,3.1214244925980034e-8,1.5364904812884772,1.1686712313787562,4.668807538353086e-5,0.8475401785723214,2.283721030460061e-19,5.6567327754357574e-42
-0.38,-0.0002671513928465285,0.07917893261814211,0.0738066762589081,1.2603098435830037e-18,0.4836755578624405,0.41301768670673905,3.471935442101652e-8,1.4035177396242602,1.024879592118803,4.92858608091087e-5,0.8912778323797943,2.533161245948792e-18,1.438806829266799e-41
-0.37,-0.0002601497769452156,0.07546809478246164,0.06936701241898263,1.2782136277279518e-18,0.4649570912513063,0.3948766247392585,3.8483310824598136e-8,1.2893040830511644,0.9133331133796007,5.2055588759540757e-5,0.9385777133130802,2.6396066520392553e-17,3.645335825036422e-41
-0.36,-0.0002533316623339659,0.07179517993306697,0.0649323981097259,1.2919041825648976e-18,0.4464286971620133,0.3772821033727046,4.250306001927268e-8,1.1882623954368075,0.8252617616124445,5.500757885298139e-5,0.9898319081702107,2.5838790928918527e-16,9.199639782939697e-41
-0.35,-0.00024669223973390305,0.06821793776598546,0.0605645560980756,1.301263781755054e-18,0.42832152656443373,0.3602015306310419,4.677206591177576e-8,1.1014819756696868,0.7543723899695938,5.8150800786957304e-5,1.0454879611144874,2.3760838176825206e-15,2.3126096170753768e-40
-0.34,-0.0002402268259097511,0.06468479045157897,0.05631716543926924,1.3062191646055538e-18,0.41136120814179317,0.34363083778098,5.128005416297824e-8,1.0274364536965679,0.6962254733769105,6.149245283772241e-5,1.1060584940578928,2.0526169935100325e-14,5.790713225361939e-40
-0.33,-0.00023393086036643132,0.06129227447961162,0.052234070990767406,1.3067423566649792e-18,0.3949026876611499,0.32758946867803407,5.6012805335675253e-8,0.9616032282257627,0.6476913580146477,6.503753931396075e-5,1.1721328226347172,1.665753285333737e-13,1.444308655981371e-39
-0.32,-0.00022779990213223512,0.0580446405043668,0.04834854175027123,1.3028507018577946e-18,0.37897827549924396,0.3121123614363538,6.095200755902503e-8,0.9030282444903002,0.6065419065392921,6.878846027606408e-5,1.244391052177455,1.2699014871327503e-12,3.588278938956122e-39
-0.31,-0.00022182962662630563,0.05492943894118613,0.04468341945787582,1.2946061176426065e-18,0.3639235570307856,0.2972414480512297,6.607517812327844e-8,0.8511760886638053,0.5711697487375028,7.274462793614882e-5,1.3236212736322654,9.09464978403625e-12,8.879951705571299e-39
-0.3,-0.00021601582260821729,0.051997718794678106,0.041251981445950714,1.2821136035698087e-18,0.3494104660140728,0.28301806651363537,7.135566235712419e-8,0.8041698070303304,0.5403996333667452,7.69021249015447e-5,1.4107406580243433,6.118691021869445e-11,2.188936874485081e-38
-0.29,-0.00021035438920750227,0.049225809101859336,0.0380593465768291,1.265519051165491e-18,0.3354987533332254,0.2694762984788091,7.676271670557258e-8,0.7621289547858511,0.5133566674922756,8.125341976244192e-5,1.506821485377329,3.867120107940061e-10,5.374698372137375e-38
-0.28,-0.0002048413330310282,0.04661563358437332,0.03510426204608997,1.2450064187658777e-18,0.3223369849586222,0.25663673464983994,8.226168113741863e-8,0.7250339243951859,0.4893707805884663,8.578715541086737e-5,1.6131234615723875,2.296007983062838e-9,1.3145381112869207e-37
-0.27,-0.00019947276534618705,0.04418057489658141,0.03238111983247708,1.2207943483477066e-18,0.309831769679711,0.2445008668211788,8.781424390270799e-8,0.691463541469462,0.4679107581150805,9.04880248850988e-5,1.7311341051082945,1.2806065577439325e-8,3.2025099857757142e-37
-0.26,-0.0001942448993379082,0.04189902068154462,0.029882068103959013,1.1931323122306496e-18,0.2979198682967564,0.2330476596773435,9.337879928297868e-8,0.6607953669053409,0.4485456639161744,9.53367484485963e-5,1.8626195687240183,6.70987831168673e-8,7.771521077307034e-37
-0.25,-0.00018915404743756074,0.03977047357964922,0.02759909471298553,1.162296385572335e-18,0.2867371628995787,0.22223480582254987,9.891089639607643e-8,0.6328175705142073,0.4309268297954087,0.00010031016404005353,2.0096890611537055,3.302707871074013e-7,1.878537165027795e-36
-0.24,-0.00018419661872186118,0.03780085724974665,0.025525929716727926,1.1285847457632742e-18,0.2761168894273994,0.21200671847329378,1.0436377441198384e-7,0.6067578169457088,0.41477716200768383,0.00010538144119324928,2.174877143136336,1.5271520300049276e-6,4.523054072599743e-36
-0.23,-0.0001793691163799515,0.035969391362313134,0.02365948747261743,1.0923130022113458e-18,0.2659514975251563,0.20230905752096695,1.0968897679602138e-7,0.5824377265570437,0.3998740479030462,0.00011052042606125139,2.361249723121222,6.633625975777094e-6,1.0847808094886752e-35
-0.22,-0.00017466813524686127,0.03428145686674837,0.022000323198798185,1.0538094597582386e-18,0.25631766803873807,0.19310599960640668,1.1483703451808724e-7,0.5601197063714121,0.3860200973323203,0.00011569412234458183,2.5725417705227946,2.7069253742898327e-5,2.591495346370051e-35
-0.21,-0.00017009035940161366,0.03273874377753414,0.020551300301799868,1.013410416382771e-18,0.24691600376559805,0.1843929202063977,1.1975820565207755e-7,0.5394032904683626,0.373008113239631,0.00012086730978683127,2.8133378955894446,0.00010376674172238347,6.166760738395669e-35
-0.2,-0.00016563255982828145,0.03132664725276976,0.019313606765356005,9.714555913131608e-19,0.23776395749024387,0.17619552264414062,1.2440325653847555e-7,0.5203979778006396,0.36059534347599165,0.00012600329854512923,3.0893114659003205,0.00037367726184115937,1.4617125977793964e-34
-0.19,-0.00016129159213834293,0.030053420016901755,0.01827978623263733,9.282837736823835e-19,0.22899638775564576,0.1685483882129942,1.2872426779049286e-7,0.5028038119504644,0.3485011301446617,0.0001310648142562952,3.407544530347013,0.0012641300602017724,3.4511601012480724e-34
-0.18,-0.00015706439435273135,0.028917644285663208,0.01742479733588456,8.842287749938247e-19,0.22059546684788084,0.16145209960215506,1.3267544697579894e-7,0.48569101873867737,0.3364309605870749,0.00013601500509631762,3.7769605688850914,0.004017384876396537,8.116456205889137e-34
-0.17,-0.0001529479847420133,0.02791094703885194,0.01669802983011125,8.396157615724745e-19,0.21284812760090116,0.1548175673316894,1.362139288737891e-7,0.4690250342705291,0.3241142535699748,0.00014081855866525739,4.208916643399079,0.011993659548728226,1.9013672894716795e-33
-0.16,-0.00014893945972317265,0.02703889078535007,0.016020738150187855,7.94758036587264e-19,0.2057035873171027,0.14841617927382234,1.3930054384706388e-7,0.4523721999229547,0.31133215968719474,0.00014544291321212375,4.718023501672621,0.03363694833889688,4.4367382972984076e-33
-0.15,-0.0001450359918115163,0.026291455664612082,0.015293143547032699,7.49954335943203e-19,0.19888640570539873,0.1418605533723881,1.4190053510930352e-7,0.4352993961560804,0.2979132496000783,0.00014985954462728312,5.323295690312639,0.08862128734700823,1.0312401954001963e-32
-0.14,-0.00014123482762625763,0.025618671450648733,0.014412605527069935,7.054866992366723e-19,0.19239087549991993,0.1346382487621281,1.439842065312154e-7,0.4183132021917727,0.2836913905254862,0.00015404530784474566,6.049785202174254,0.2193391295413073,2.3875588123628852e-32
-0.13,-0.00013753328594836987,0.024844503153986126,0.013299320226370101,6.616189770125687e-19,0.18576529222673147,0.12620689608964397,1.4552748408887415e-7,0.40161581217410486,0.26844520019931317,0.00015798380887031352,6.93093154058864,0.5099772135026711,5.506131128091845e-32
-0.12,-0.00013392875582934067,0.0236827450736083,0.011921224856247817,6.185960398357986e-19,0.17838417346573873,0.11613572798721773,1.4651237608757987e-7,0.38553638852979816,0.25185917051149415,0.0001616667816250867,8.011982948266107,1.113889275409145,1.2648448220771503e-31
-0.11,-0.00013041869474949276,0.02207395296164275,0.010308109029759156,5.766437644040331e-19,0.16969711910265245,0.10425369374527885,1.4692731982920676e-7,0.37009714447804093,0.23354879998730405,0.0001650954421914556,9.355027155974511,2.2855454832577546,2.8941842135824046e-31
-0.1,-0.0001270006268245724,0.020310971009887036,0.008548056944216568,5.3596988846267445e-19,0.15883558751015123,0.09075078255349582,1.4676740535075295e-7,0.354327476751258,0.2131690568559408,0.00016828179187828562,11.046432577418148,4.405490905222464,6.596496239522291e-31
-0.09,-0.00012367214105934017,0.018712150064759684,0.006766277092273012,4.967658512210158e-19,0.14603263571363673,0.07618729977862158,1.4603447014743165e-7,0.33762832168341217,0.19058401112926512,0.00017124983977666837,13.207826725963315,7.977289343040228,1.4976098707407132e-30
-0.08,-0.0001204308896469325,0.017410913317919156,0.005093696363455628,4.592097711436964e-19,0.1331951897064083,0.06139642043308384,1.4473706229232973e-7,0.3192071517189474,0.16603542491161088,0.00017403671513865115,16.011966826435952,13.569785257974685,3.386743408653319e-30
-0.07,-0.00011727458631279408,0.01640396454905419,0.0036365763492362986,4.234707605317588e-19,0.12208183796310065,0.04730644022996507,1.4289027295447827e-7,0.2982279401252345,0.14023317853727524,0.00017669363995212407,19.7043116097758,21.68438953675343,7.628938614822834e-30
-0.06,-0.00011420100470201334,0.015640887304336302,0.0024570180652671893,3.897148386821987e-19,0.11329347816209115,0.034741237304406196,1.4051544287230473e-7,0.2762940809637963,0.11431392205816829,0.0001792867324756658,24.62745268335392,32.55202575876156,1.7117651187704446e-29
-0.05,-0.00011120797680892328,0.015069037123687167,0.0015687486530887426,3.5811278547745486e-19,0.1066697860195412,0.024264591449805896,1.3763975073551614e-7,0.25650139849723086,0.0896687649660278,0.00018189761320974767,31.231677718786273,45.905575420032754,3.8258016494916e-29
-0.04,-0.00010829339144785987,0.014646644114245704,0.000946247732486112,3.2885037827988643e-19,0.1018256918383916,0.01611349894363509,1.342956945479372e-7,0.240719217323001,0.06769943717440109,0.00018462378579467195,40.01229587472126,60.81482278479573,8.517241343721587e-29
-0.03,-0.00010545519276399967,0.014343738396803071,0.0005411741439310596,3.0214158070501996e-19,0.0984013572499871,0.010229312862881434,1.3052047978089833e-7,0.2292132596177672,0.049593665736040404,0.00018757876663264846,51.212433390853214,75.68504097377482,1.888746544460101e-28
-0.02,-0.00010269137878322585,0.0141399955569511,0.00029948559769821774,2.782454063777187e-19,0.09612845517284697,0.006361796644039875,1.263553303917592e-7,0.2215350621724838,0.036196986440614774,0.0001908919386395779,64.01249400917293,88.4845099704735,4.172022460195977e-28
-0.01,-0.0001,0.0140224904188629,0.00017482143269329894,2.574873687091135e-19,0.09483032120714191,0.004203667781428756,1.2184474050511013e-7,0.2171628892279093,0.028007110988907555,0.00019470810646888311,75.30645503257165,97.18092862348978,9.17947447547943e-28
0.0,0.0,0.013984081379069473,0.00013676394441671435,0.0,0.09440817203284953,0.0035143024093695937,0.0,0.21574541247148532,0.02525611471782076,0.0,80.01192349460366,100.2654792913512,100.0
0.01,0.0001,0.014022486634503485,0.00017480454393286387,2.0099009640814518e-19,0.09483032530204852,0.004203695888437015,2.2379097309670276e-7,0.21716262648635998,0.02800734624195831,0.0002829605254022372,75.30559800551745,97.18034097715304,2.20784270817396e-104
0.02,0.00010269137878322585,0.01413998738933045,0.0002994478969268247,2.0886655533741892e-19,0.09612846485486229,0.006361858145070228,2.088266906792567e-7,0.221534531687384,0.03619718105973279,0.0002757647144304856,64.01125561098604,88.48343985431661,8.541957133250811e-104
0.03,0.00010545519276399967,0.014343724551767245,0.0005411086902038977,2.1862051298283636e-19,0.09840137570565832,0.010229417652379173,1.9410491541788486e-7,0.22921244847447655,0.04959324513614085,0.00026792320354694876,51.211244540098804,75.68366799549312,3.2919426206809313e-103
0.04,0.00010829339144785987,0.014646622402610143,0.0009461466331715701,2.302360437070955e-19,0.1018257243468396,0.016113660161806053,1.7972016024255765e-7,0.24071808953574828,0.06769755234332644,0.00025945787956648247,40.01132840212843,60.81335182607234,1.2637255518678927e-102
0.05,0.00011120797680892328,0.015069004161927246,0.0015686065089538835,2.4367769253119607e-19,0.10666984045088783,0.024264823540422628,1.6575637517311967e-7,0.2564998487598965,0.08966448551710131,0.00025041038424177225,31.230941056201893,45.9041874976611,4.832356290801906e-102
0.06,0.00011420100470201334,0.01564083819767694,0.002456836522788933,2.588898823770996e-19,0.11329356516552681,0.03474155382575169,1.5228647599842187e-7,0.27629182506438615,0.1143067200149237,0.00024083799758366464,24.626903153030415,32.550844737560176,1.8406483617767037e-101
0.07,0.00011727458631279408,0.016403892930475367,0.0036363686380127534,2.757964603903638e-19,0.12208196961140677,0.047306852018766145,1.39372116028676e-7,0.29822432922123726,0.14022372623642135,0.00023080994870604325,19.703901320882007,21.68347168540476,6.983746079739452e-101
0.08,0.0001204308896469325,0.01741081299806886,0.005093489899751626,2.9430042028692117e-19,0.13319537403812928,0.061396934860520676,1.270636870208814e-7,0.31920100278717933,0.16602650167031485,0.00022040410973714713,16.01165730743482,13.569128827463594,2.6394401197843255e-100
0.09,0.00012367214105934017,0.01871202161457449,0.006766112094434692,3.1428383951029107e-19,0.14603286616449862,0.0761879217187183,1.1540053044897976e-7,0.33761792290605597,0.19058099261457007,0.0002097040395691453,13.207589905507982,7.976855210501487,9.936672558139485e-100
0.1,0.0001270006268245724,0.020310838762894107,0.008547979986093251,3.3560807001698044e-19,0.1588358385659899,0.09075151728013792,1.044113363250046e-7,0.3543111677576952,0.21317920448306982,0.000198796353113045,11.046248615890994,4.405224515491106,3.7262841291385175e-99
0.11,0.00013041869474949276,0.022073888939032924,0.010308162441303472,3.5811421957038524e-19,0.1696973677058831,0.10425455135394823,9.411470382906856e-8,0.3700757546062503,0.23357863882065294,0.00018776839838190464,9.354882114337675,2.285393461968518,1.3919281208101757e-98
0.12,0.00013392875582934067,0.02368285652769761,0.011921435031681433,3.8162395644363237e-19,0.17838441882776904,0.11613672820494121,8.451983608640888e-8,0.3855172261369455,0.2519098950113548,0.0001767062283165148,8.011866976906449,1.1138084507627357,5.179210191341525e-98
0.13,0.00013753328594836987,0.0248448387015964,0.013299689012751848,4.059406644279666e-19,0.18576553741546262,0.12620807162509834,7.562734051158499e-8,0.4016141090987578,0.26850729452991473,0.0001656928570276663,6.930837602420321,0.509937125598125,1.9196240477237105e-97
0.14,0.00014123482762625763,0.02561915592545341,0.014413108100235161,4.308509671293157e-19,0.19239112269558953,0.1346396449490465,6.743010616143305e-8,0.41834540645722795,0.2837410580917174,0.00015480679133111347,6.049708202440701,0.21932056167202996,7.087201433748546e-97
0.15,0.0001450359918115163,0.02629195903237441,0.015293733707139457,4.561266309198545e-19,0.19888663794313338,0.14186222234259455,5.991423040886421e-8,0.43537065671849157,0.29791391962698255,0.0001441208283906638,5.323231888691179,0.08861324938555644,2.606389714204272e-96
0.16,0.00014893945972317265,0.027039329763879075,0.016021358984769616,4.815268448912531e-19,0.20570379661565572,0.14841816882635772,5.305996885599147e-8,0.45246533855314713,0.31124330469238265,0.00013370110926321614,4.717970113939547,0.03363369408177955,9.547945779565264e-96
0.17,0.0001529479847420133,0.027911323026770116,0.016698625730292453,5.068008641088949e-19,0.2128483286323307,0.15481990761295852,4.684268461874066e-8,0.469086832023504,0.3239066842149633,0.00012360641645151456,4.208871569212833,0.011992426686299752,3.484067677165906e-95
0.18,0.00015706439435273135,0.028917968978512575,0.017425323328447154,5.316909898347169e-19,0.2205956170196969,0.16145479199564816,4.123377579857694e-8,0.4856242050068851,0.3361036415019108,0.00011388770149181432,3.776922203647746,0.004016947627611086,1.2663953332523534e-94
0.19,0.00016129159213834293,0.03005367833197025,0.018280212292601638,5.559358476618603e-19,0.22899659550199625,0.16855139558767862,3.6201562970408505e-8,0.5025010516270848,0.348091638723567,0.00010458782638292016,3.4075116335462203,0.0012639848300761624,4.585198424401162e-94
0.2,0.00016563255982828145,0.03132685096797751,0.019313917104413138,5.792739122068011e-19,0.23776398697047527,0.17619874468024102,3.1712121722728144e-8,0.519851759322402,0.36017682714575205,9.57415005142911e-5,3.0892830677902237,0.0003736320724273357,1.653686250186237e-93
0.21,0.00017009035940161366,0.03273889932064224,0.020551489370212197,6.014472156594844e-19,0.2469158432483325,0.18439611624376503,2.7730048558701572e-8,0.5388006671461256,0.372670870065843,8.737539284974568e-5,2.813313230203321,0.00010375356564301991,5.940927852545481e-93
0.22,0.00017466813524686127,0.03428154883111288,0.022000390644131725,6.222051676070178e-19,0.2563167063465764,0.19310861222827747,2.4219151689851474e-8,0.5597718191135963,0.3858437190208626,7.950839760467702e-5,2.572520226992811,2.7065652881724164e-5,2.1259921543348602e-92
0.23,0.0001793691163799515,0.03596943379373713,0.023659433694239975,6.413084055882241e-19,0.2659490815754517,0.20230992020881836,2.1143061327460326e-8,0.5825470762016985,0.39990200690882083,7.215203061276891e-5,2.3612308098829544,6.632703436387724e-6,7.578360972604522e-92
0.24,0.00018419661872186118,0.03780084282712551,0.025525752588144497,6.585325902077447e-19,0.2761122875805009,0.21200371749720034,1.8465756918641748e-8,0.6072643850011887,0.4150054568284563,6.531093306795455e-5,2.174860461310889,1.5269304154379847e-6,2.690885410826023e-91
0.25,0.00018915404743756074,0.03977041182318329,0.02759878728603653,6.736720556587656e-19,0.2867305206958502,0.22222469005356643,1.6152011320635116e-8,0.633468188101536,0.4313108297333274,5.898345936768623e-5,2.009674284542998,3.3022086261646804e-7,9.517468361773879e-91
0.26,0.0001942448993379082,0.04189886769226297,0.02988161725699672,6.865432263917622e-19,0.2979131096603951,0.2330262824249329,1.4167754113326154e-8,0.6612968287687454,0.44901861807248666,5.3162326361568335e-5,1.8626064286244493,6.708823463030481e-8,3.353158145041166e-90
0.27,0.00019947276534618705,0.044180475804197775,0.032380507083046885,6.969877135292052e-19,0.30982603013422744,0.24446410831778106,1.2480358089297863e-8,0.6916295253998821,0.468400749860153,4.783530238543599e-5,1.7311223786725145,1.2803974932244718e-8,1.1767738913834695e-89
0.28,0.0002048413330310282,0.04661524918368148,0.035103469640227127,7.048750104490622e-19,0.32232792202890254,0.25658214109912575,1.1058854422429262e-8,0.7248209132575528,0.48980577047935364,4.29859159742964e-5,1.6131129628100553,2.295619268366093e-9,4.11375517246286e-89
0.29,0.00021035438920750227,0.049225813200391856,0.03805837305103129,7.101047156073295e-19,0.335475387609172,0.2694051338706632,9.87408310442192e-9,0.7618226935416279,0.5136587818158894,3.859416602217967e-5,1.506812058137594,3.866442023339312e-10,1.4324857959893708e-88
0.3,0.00021601582260821729,0.05199713280449171,0.041250868935403064,7.126082218877191e-19,0.34935959572413594,0.2829371555308692,8.898785970344154e-9,0.8043530864602181,0.540481941554853,3.4637217307251106e-5,1.4107321704799252,6.117581140177503e-11,4.968767896336011e-88
0.31,0.00022182962662630563,0.054929346859716,0.04468228840021845,7.1234982519228365e-19,0.3638507376912934,0.29716405458294015,8.107650036095419e-9,0.8520095241539548,0.5709512521564315,3.1090067636694004e-5,1.3236136139111638,9.092945102447703e-12,1.7167760115982802e-87
0.32,0.00022779990213223512,0.05804472080841319,0.048347618289347694,7.093272201634038e-19,0.3789073905857743,0.3120574627688653,7.477308976971944e-9,0.9039589612110256,0.6059851580832022,2.7926175298670196e-5,1.2443841248788394,1.2696557819632743e-12,5.90860748353734e-87
0.33,0.00023393086036643132,0.06129098759563794,0.05223368358902026,7.035713673235756e-19,0.3948610614876149,0.3275790826963203,6.986310426838952e-9,0.9615772510411247,0.6468486310182595,2.5118037953639068e-5,1.1721265460313366,1.6654209185694548e-13,2.0256446434241785e-86
0.34,0.0002402268259097511,0.06468579133030851,0.05631768831268678,6.951457329511764e-19,0.4113674417422067,0.3436854232950443,6.615056414363412e-9,1.025790331935841,0.6952673992358451,2.2637716478074474e-5,1.106052797835396,2.0521950265036157e-14,6.917481937210476e-86
0.35,0.00024669223973390305,0.06821698797917969,0.06056629446491469,6.841449200675046e-19,0.42836547537332714,0.36033387513182613,6.345723719920387e-9,1.0992509518324827,0.7535777000527597,2.045729952435097e-5,1.0454827845335348,2.3755809888811196e-15,2.3530952140991997e-85
0.36,0.0002533316623339659,0.07179429756709522,0.06493544163533486,6.706927253823583e-19,0.4465033764042703,0.37749061743124224,6.1621702770411535e-9,1.1872556564021226,0.8249657050852427,1.854930662765307e-5,0.9898271985637279,2.583316669053089e-16,7.973292550259034e-85
0.37,0.0002601497769452156,0.07547401999766719,0.06937111481680248,6.549396723479248e-19,0.4650831897060005,0.3951396315091158,6.049832996402607e-9,1.290060082459773,0.9138510560292616,1.6887029533623576e-5,0.9385734248508046,2.6390161401353603e-17,2.6911795205143543e-84
0.38,0.0002671513928465285,0.07918190961133646,0.0738112306516296,6.370600840707257e-19,0.48386342185262865,0.4132909523164009,5.995621595948707e-9,1.4052745146258667,1.0264272352677979,1.5444813011651738e-5,0.8912739250472433,2.532579232744869e-18,9.048038718450272e-84
0.39,0.0002743414487526923,0.08279515143623964,0.07818870894229447,6.172487712692081e-19,0.5040785580479263,0.43198618537043737,5.987812211376928e-9,1.5383006345600836,1.171293216132208,1.419827774335327e-5,0.8475366173227421,2.2831825217268304e-19,3.0302124820519634e-83
0.4,0.0002817250162980166,0.08643078262645912,0.08243562190366582,5.95717419372836e-19,0.5251465718393924,0.4513006677667216,6.015943765998908e-9,1.6960166445268967,1.3600093139091387,1.3124488930587365e-5,0.8070168708193012,1.9336364132375037e-20,1.0108776790774385e-82
0.41,0.000289307303613701,0.08995870852926419,0.08648809298983068,5.726907649757228e-19,0.5462073279237543,0.47134394036894983,6.070719322197653e-9,1.8787401030120958,1.6072928808886673,1.2202075059057495e-5,0.7694108134907436,1.5383869794877279e-21,3.3591628927514203e-82
0.42,0.0002970936590014829,0.0932131643264055,0.0902914026085571,5.484026550372649e-19,0.569055275751783,0.4922620907604077,6.143913937811377e-9,2.093437575341932,1.9304449394865928,1.1411301797317334e-5,0.7344497136501865,1.149775287496444e-22,1.1119121999852129e-81
0.43,0.00030508957470615813,0.0964296776788307,0.09380461574218096,5.230920824351208e-19,0.5941145165068547,0.5142455247766431,6.2282899245000584e-9,2.3570173137560735,2.347510177558314,1.0734106328564554e-5,0.7018952435177261,8.072665164781297e-24,3.6662066629168764e-81
0.44,0.00031330069078963364,0.09950420856723152,0.09700403597583802,4.969992888090919e-19,0.6192601962271088,0.5375430537751881,6.317519861721366e-9,2.6738053435539815,2.8737287968517324,1.0154097530360537e-5,0.6715354706309097,5.324483721259923e-25,1.204121877995212e-80
0.45,0.0003217327991092458,0.10215938839844164,0.09988494372981031,4.703620202828615e-19,0.6453821229974116,0.5624784922987742,6.406117265430949e-9,3.034910097073638,3.5161897345164053,9.656527364668269e-6,0.643181452571962,3.299093796987283e-26,3.939408817262298e-80
0.46,0.0003303918474031507,0.10475450717653177,0.10246138087839306,4.434120139047972e-19,0.6752026621007947,0.5894614498374365,6.4893744473544726e-9,3.450466265954747,4.267323855273108,9.228238647914949e-6,0.6166643338986102,1.9202978004716474e-27,1.2838042271177315e-79
0.47,0.000339283943485667,0.10740261223663648,0.10476413404001306,4.1637178287931435e-19,0.7071452959826915,0.6189828007061964,6.5633068276885136e-9,3.943458943051781,5.098850692309284,8.857594068532179e-6,0.5918328628171775,1.050161527246384e-28,4.1674820385528775e-79
0.48,0.0003484153595555322,0.1096355157696902,0.10683743586418916,3.8945175729725495e-19,0.7390540831122788,0.6515901128259483,6.6246027775882085e-9,4.4995433054577845,5.958596062535322,8.534390936602883e-6,0.5685512600571744,5.6371657580493065e-30,1.3475841758728396e-78
0.49,0.0003577925366201098,0.11169588363294874,0.10873512713006046,3.62847824587529e-19,0.7744437671848508,0.6878495555605719,6.670577961668603e-9,5.071856320746524,6.772652959659128,8.24976571352662e-6,0.5466973843994212,4.277898723095477e-30,4.340555794308142e-78
0.5,0.00036742208903866897,0.11412187357852363,0.11051701784452378,3.367393007906606e-19,0.8164713241956135,0.7283151263142787,6.699133116997044e-9,5.619620079387073,7.454249210008215,7.996091902703254e-6,0.5261611489942468,6.230264826535815e-29,1.3926503827002771e-77
0.51,0.0003773108091879409,0.1164513758160447,0.11224594577116442,3.1128735048216477e-19,0.8616218164998035,0.7735358923602508,6.70871423430016e-9,6.057101084328389,7.918514897760771,7.766874405425682e-6,0.506843150462047,9.074918070760875e-28,4.450883499261767e-77
0.52,0.00038746567225324285,0.1183323098556626,0.11398563851565183,2.8663386021043383e-19,0.9074040259167828,0.8241276597617306,6.6982741890025316e-9,6.2404551418847465,8.09986209913189,7.556642976176544e-6,0.4886534791689656,1.2423482963389708e-26,1.4169605552692225e-76
0.53,0.00039789384114855,0.12053871034757066,0.1157990898029955,2.629007580794547e-19,0.9592144479125017,0.8809105212038837,6.667234993364183e-9,6.119473124350722,7.96703744222279,7.360846961478795e-6,0.4715106843080184,1.5982679450193194e-25,4.493417271348457e-76
0.54,0.0004086026715689844,0.12332060598158993,0.11774693060711393,2.40189760964654e-19,1.0204749262182784,0.9450718980222432,6.615449995336863e-9,5.758807200315456,7.531031997928985,7.175753086089867e-6,0.45534087172048304,1.9323587396872125e-24,1.419394904910811e-75
0.55,0.000419599717179286,0.12579098119249899,0.11988533400951305,2.185825210969371e-19,1.0844807807451944,1.0182742722489238,6.543165523959691e-9,5.208074149656761,6.843118181909107,6.99834766628319e-6,0.4400769159458201,2.19578148382867e-23,4.466190902518022e-75
0.56,0.00043089273494192497,0.12793962720992433,0.12226334442443852,1.981411356076082e-19,1.1466324172448696,1.1026152950151848,6.450981664816715e-9,4.536505767690456,5.983557049646949,6.826244286135335e-6,0.4256577709352471,2.345256318611237e-22,1.3998416771096656e-74
0.57,0.0004424896905886135,0.1308772468818604,0.12492002244983116,1.7890897623969267e-19,1.2157377045651505,1.2003857545245897,6.339812032729405e-9,3.8722326401799565,5.044593138765447,6.657597670742124e-6,0.412027866319987,2.3546926286632553e-21,4.370470573779444e-74
0.58,0.0004543987642390771,0.13455091647586415,0.12788220446699258,1.609117918660967e-19,1.3012559268524302,1.3136523884473144,6.210842583930323e-9,3.3020807398850853,4.11292891956274,6.491024229890473e-6,0.39913657818323783,2.2226492642778795e-20,1.3592056583257977e-73
0.59,0.000466628356171048,0.13774071930424373,0.1311637669601162,1.4415903370535342e-19,1.3987525536927186,1.4437796276883572,6.0654896691520525e-9,2.825066293875754,3.256397209766836,6.325529525271999e-6,0.386937765020428,1.972689924948256e-19,4.210657222809071e-73
0.6,0.0004791870927455511,0.14059578229295513,0.13476694802112107,1.2864535211774284e-19,1.500063986501255,1.591042813515149,5.9053576664209195e-9,2.4109644736159335,2.5174577639763145,6.16044273119841e-6,0.3753893610471114,1.6465152126597628e-18,1.299338757211825e-72
0.61,0.0004920838324916616,0.14450768111111564,0.13868556784297387,1.1435221446699599e-19,1.6108345400567325,1.754439718710769,5.732196643371356e-9,2.0554476482355377,1.913531566334868,5.995358009687405e-6,0.36445302027914994,1.2926183532376803e-17,3.993951049172105e-72
0.62,0.0005053276723550268,0.1493236242918365,0.14290916964941378,1.012495955672688e-19,1.7402805550716731,1.9316932512714688,5.547860580588593e-9,1.7686092059687022,1.4421850971281411,5.830082602119328e-6,0.3540938059087582,9.546920278744197e-17,1.222900078406689e-71
0.63,0.0005189279541145589,0.15340462680206937,0.14742660887524664,8.92976954882384e-20,1.8756249600379165,2.119326682581875,5.354266738316571e-9,1.547294418633574,1.0883985842176847,5.664591347719564e-6,0.3442799204698867,6.635123426348502e-16,3.729813778648224e-71
0.64,0.0005328942709718262,0.15675672960990428,0.15222782366545462,7.844864372692537e-20,1.992757468603418,2.3126685329275647,5.153356768723042e-9,1.372705135523039,0.8315196460667293,5.498987270301195e-6,0.33498247316062824,4.34057002653804e-15,1.1331602132218491e-70
0.65,0.0005472364743177878,0.16123965650046676,0.15730340535611,6.864815372623422e-20,2.0961749580394007,2.5057411212785317,4.94706016599072e-9,1.2256508489855722,0.6504863714608827,5.333467825635777e-6,0.3261752814999159,2.6735743035361114e-14,3.429284606779974e-70
0.66,0.0005619646806816499,0.16713833609045214,0.16264269746080118,5.983709718073724e-20,2.2151421163582303,2.69114774832392,4.737260609157123e-9,1.1005896517405949,0.5269185482758828,5.168296369446342e-6,0.31783470527142926,1.5510961817501498e-13,1.0337697959126268e-69
0.67,0.0005770892788667387,0.17241545309824602,0.1682319326657758,5.1952973283833203e-20,2.3509265624773845,2.8601812225739556,4.525765691188257e-9,1.0015669532005873,0.4463692064527666,5.003778387619182e-6,0.3099395114815198,8.479259671669815e-13,3.1042186040304004e-69
0.68,0.0005926209372784291,0.17631242233325503,0.17405402806678194,4.4931253819832287e-20,2.461753499217112,3.003341238283932,4.314280446341664e-9,0.9303736970053422,0.3983263613233712,4.840242023444524e-6,0.30247076986626054,4.369589870189105e-12,9.28515073381437e-69
0.69,0.0006085706114492949,0.18096938998945716,0.18009093748710228,3.870659059812191e-20,2.5196305201178735,3.111280733491307,4.104384991095915e-9,0.8819866091757794,0.3755537662752515,4.678022439485089e-6,0.2954117793683747,2.1237175667722004e-11,2.7665203943830988e-68
0.7,0.0006249495517667889,0.18771419484382704,0.18632793104425968,3.321387700317452e-20,2.5488290442079644,3.1760040553503655,3.897516486751386e-9,0.8469042613669191,0.37320488687320247,4.517449562294343e-6,0.2887480270220399,9.7398947323396e-11,8.2108308431082e-68
0.71,0.0006417693114089053,0.19450189097573445,0.19275745406917244,2.838916026635852e-20,2.574106022219359,3.192024817432573,3.6949555192785328e-9,0.8189945173902309,0.38796107378374467,4.358838775173327e-6,0.28246718190318115,4.2175276610898717e-10,2.4274410963422004e-67
0.72,0.0006590417544934191,0.1990836382592315,0.19937965304123134,2.417040536132804e-20,2.569983220683423,3.1572039437943937,3.4978168790111014e-9,0.8014026879558561,0.4173101922668867,4.202484146181763e-6,0.276559128320946,1.7253082000739398e-9,7.148562480660481e-67
0.73,0.0006767790644464543,0.20307602993221396,0.20619826356948578,2.0498115128265194e-20,2.504505335208414,3.07309584714288,3.3070446139279948e-9,0.8009570527181964,0.45901410449653085,4.048653804584663e-6,0.2710160443761081,6.671908372072856e-9,2.0969941204089148e-66
0.74,0.0006949937525962805,0.2095131865612127,0.21321356034335917,1.7315814323423408e-20,2.39857536888819,2.9447668795916875,3.123411129619622e-9,0.8186718403495428,0.5107824916043221,3.897587107826657e-6,0.2658325345832819,2.4405293860926415e-8,6.127513027125967e-66
0.75,0.000713698666998402,0.21786393693685788,0.2204161151145517,1.4570407785108937e-20,2.2923798315420405,2.7801618258201675,2.9475200200410425e-9,0.8456573587769163,0.5701382402992295,3.7494932720884468e-6,0.2610058287190535,8.449792238649943e-8,1.7835277305746845e-65
0.76,0.0007329070014981626,0.22453314714612957,0.22778452369682095,1.2212424857914134e-20,2.18690392545539,2.589158357727479,2.779812238534734e-9,0.8686515827657844,0.6344208374346807,3.6045511716807487e-6,0.25653606381682303,2.770830444414279e-7,5.171114328836286e-65
0.77,0.0007526323050372608,0.22859351096531896,0.2352877674867589,1.0196163715677787e-20,2.05507992021622,2.38247059841612,2.620575160294392e-9,0.8851271985530619,0.700857383982993,3.462910045226311e-6,0.25242667287386444,8.610760986016897e-7,1.4934721299734554e-64
0.78,0.0007728884912107372,0.2336031752526739,0.24289048986825085,8.479750408507294e-21,1.89857949666892,2.17056168072316,2.4699540465628455e-9,0.9071353922518857,0.7666556625686889,3.324690879094485e-6,0.24868491325629122,2.537433697412419e-6,4.296540143921433e-64
0.79,0.0007936898480811773,0.24192774046899312,0.25055824257321224,7.025128527523597e-21,1.751034858191269,1.962717189332745,2.3279653977481244e-9,0.9435431451667933,0.8291171398100022,3.189988270275012e-6,0.24532258133324433,7.094300093980868e-6,1.231259101236618e-63
0.8,0.0008150510482570516,0.25078115736475887,0.25825960289226196,5.7979966115709145e-21,1.6329293848858226,1.7664088546200287,2.194511676897707e-9,0.9848110304119545,0.8857842547432705,3.058872601273393e-6,0.24235697960871516,1.882835969217142e-5,3.514705351623593e-63
0.81,0.0008369871592423016,0.25606977660808167,0.26596338512481704,4.7677122103889604e-21,1.5330467929783966,1.5870181083715915,2.069396895525586e-9,1.01011051493769,0.9346112774530699,2.9313923882231008e-6,0.23981223172606564,4.745901588780014e-5,9.993953902206405e-63
0.82,0.0008595136540644736,0.2590552657615993,0.2736326413723477,3.907184443867273e-21,1.4290515953763459,1.4278922486526733,1.952342579014269e-9,1.0138017972154747,0.9741173904445676,2.807576689870716e-6,0.23772108407651443,0.00011366776928770593,2.830706051541758e-62
0.83,0.000882646422188894,0.2647826002202956,0.28122101314740555,3.1927818020448116e-21,1.3204186363579202,1.2906176289773772,1.843003666643353e-9,1.0144512060277011,1.0034865003775035,2.687437489120297e-6,0.2361273977321622,0.0002588083842064351,7.986587968786119e-62
0.84,0.0009064017807265879,0.2745275936252335,0.2886767758110477,2.604290071455877e-21,1.226621605837548,1.1753723023118865,1.7409839493412058e-9,1.028934234663451,1.0226129814451541,2.5709719802379655e-6,0.23508963175300396,0.0005604818217379882,2.244589483844134e-61
0.85,0.0009307964859438445,0.28347938288188823,0.2959535415206643,2.1249685307018612e-21,1.1605954547455721,1.0812725068326146,1.6458507039403605e-9,1.0497022791738178,1.0321061286638313,2.4581647135227725e-6,0.23468576244497477,0.0011551175753774306,6.283791553297185e-61
0.86,0.0009558477450815488,0.2871067736911732,0.303019237576914,1.7417737570444186e-21,1.1165339430308205,1.0066947983176993,1.5571482434020178e-9,1.0526894049179714,1.0332349351301129,2.3489895652389925e-6,0.23502028497663274,0.002266945291639848,1.7523299470293484e-60
0.87,0.0009815732284926162,0.2882292460364505,0.309855227585288,1.4458537736347749e-21,1.0758809510317506,0.9495742273812344,1.4744101655752413e-9,1.0295008978809057,1.0277646054808351,2.2434115139491925e-6,0.23623419229671108,0.004239490952685532,4.867649825880527e-60
0.88,0.0010079910821060914,0.2931727257441455,0.3164467524025534,1.2334672188434139e-21,1.028176323769137,0.9076499401973667,1.3971701461424834e-9,1.0007942477594003,1.0176729520080838,2.141388215226752e-6,0.23851901080493923,0.0075613498387780064,1.3468901315838573e-59
0.89,0.0010351199402267033,0.3030243487716511,0.32277467270236776,1.107562276180083e-21,0.9825170368607132,0.8786148494562562,1.3249711822881885e-9,0.9904499959310284,1.0048319064731404,2.0428713752537944e-6,0.24213566387751026,0.012873834044212717,3.7123975621853136e-59
0.9,0.0010629789386789048,0.31185082610015025,0.32881639456676054,1.0803724907285665e-21,0.9536610737583466,0.860168387955623,1.2573732504319241e-9,1.0002693769253166,0.9907994693942684,1.947807930260369e-6,0.24743690328552398,0.020946460181384227,1.0192631404861522e-58
0.91,0.001091587728304668,0.31423658568240104,0.3345529275894501,1.177572432561892e-21,0.945574026992495,0.8500354296230319,1.19395939256758e-9,1.008703285617393,0.9768021773042422,1.8561410433922576e-6,0.2548859226241138,0.03260959663637109,2.7875826978491115e-58
0.92,0.001120966488824557,0.31333189615266915,0.3399725163700913,1.444816649161854e-21,0.9458354062909498,0.8460243702692529,1.1343402902006263e-9,0.99391312473926,0.9638336702160268,1.7678109336795277e-6,0.2650527273198449,0.04864318229662669,7.5941447559609e-58
0.93,0.0011511359430718526,0.31653797879041073,0.3450672785430475,1.9579063497610414e-21,0.936244212491268,0.8461310969018123,1.0781574218174961e-9,0.9614110556961564,0.95269982100906,1.6827555535861881e-6,0.2785606074832088,0.06963492009397172,2.06081839313855e-57
0.94,0.0011821173716097752,0.32562511619662177,0.34982961788257444,2.838456890602803e-21,0.9136365569945343,0.8486218467908621,1.0250849288699877e-9,0.9369772988993114,0.9439162002503827,1.6009111324108893e-6,0.29593619080555256,0.09583635389613733,5.570707848800254e-57
0.95,0.0012139326277421077,0.33428105772448763,0.3542554427734921,4.277873047384443e-21,0.8923948645567897,0.8520336112331249,9.748303363754984e-10,0.9377811936711764,0.9375490892735574,1.522212602818158e-6,0.3172881746019016,0.12705449686836395,1.4999988483537043e-56
0.96,0.0012466041529278146,0.3357706778012414,0.3583502720213364,6.573819676636084e-21,0.8869075752423012,0.8551170024065118,9.271342876917276e-10,0.9577094706697535,0.9331963878856301,1.446593927219255e-6,0.342076880321007,0.16261470970432873,4.0232907842974384e-56
0.97,0.001280154992610526,0.3325438857504024,0.3621273025984392,1.0185406347714412e-20,0.8961121277897003,0.8568170546843948,8.817694593521046e-10,0.9714796942447013,0.9302025917396889,1.3739883397729998e-6,0.369516937141803,0.20141559262791198,1.0749343628878106e-55
0.98,0.001314608812474052,0.33301727968670414,0.3655952037086143,1.581627765817652e-20,0.9021140261701466,0.8563520189144116,8.385388217826317e-10,0.9586081224030782,0.9279764183899887,1.304328518587226e-6,0.3985859719237213,0.24207238905490644,2.860833425461242e-55
0.99,0.0013499899151353959,0.34065155412160464,0.3687485346219315,2.4539132031727874e-20,0.8886476416465071,0.8533327287307406,7.972734061474931e-10,0.9280128464237974,0.9261585807613573,1.237546701388645e-6,0.4275194791369572,0.28311985909863646,7.58426278153007e-55
1.0,0.0013863232572870385,0.3497512539933724,0.3715745128585991,3.7981470180936655e-20,0.8606691630497917,0.8477902018470418,7.57829727469795e-10,0.906698575408091,0.9245128847918,1.173574756579581e-6,0.4552256588569201,0.3232278915462463,2.0028315511464127e-54
1.01,0.0014236344673005871,0.35174767214589564,0.37407149803592593,5.860143085723145e-20,0.8373389033540873,0.8400408327165714,7.200870005652442e-10,0.9110875192793413,0.9226824777302693,1.1123442202756087e-6,0.48152749729290445,0.36137937602369624,5.268485686121738e-54
1.02,0.0014619498633042054,0.3465905114288896,0.3762579196221351,9.009557064795232e-20,0.8317787176661914,0.8304695631431607,6.83944269223753e-10,0.9340931543351474,0.9201003430294855,1.0537863086571253e-6,0.5057649722606176,0.3969705908170634,1.3805037474401561e-53
1.03,0.001501296471746574,0.3430812628448635,0.37815832942707545,1.3799901004406412e-19,0.8390127963715545,0.8193994809078367,6.493175514415422e-10,0.9493781498099889,0.9162048466791572,9.978319137915102e-7,0.5281465532769142,0.42981503693958134,3.6032953307103685e-53
1.04,0.0015417020464604794,0.3475591611838736,0.37978010610962065,2.1056475057632819e-19,0.8394902040171657,0.8071399286776535,6.161370852276107e-10,0.9351035042450012,0.9108012696600625,9.444115899978504e-7,0.5491272791269282,0.4600555770360752,9.368556725590155e-53
1.05,0.0015831950882394753,0.3568480320386235,0.38110847978776996,3.2004626992886645e-19,0.8198759802131802,0.7941283894511438,5.84344741359595e-10,0.8995635943768778,0.9042277781439382,8.9345553683159e-7,0.5685363123450351,0.4880112617186075,2.426365183188408e-52
1.06,0.0016258048649414262,0.3612739663342069,0.3821286174160956,4.845599752339348e-19,0.7884875918452604,0.7809799960311452,5.538916520979821e-10,0.8708180176444701,0.8971261014740453,8.448935838540889e-7,0.5872433984018737,0.5140009797709261,6.259654516660559e-52
1.07,0.0016695614321331133,0.3561981233907996,0.382850408213003,7.307775317236331e-19,0.7645483871411066,0.7683438990604828,5.247360888049233e-10,0.8678807704976236,0.8899738913151376,7.986551815115719e-7,0.6055536432305909,0.5381938986801099,1.608627056353803e-51
1.08,0.0017144956542904652,0.3484803037651969,0.3833040792565534,1.097800329478117e-18,0.7597690627285385,0.7566639658828435,4.968416070417265e-10,0.8876604881132614,0.8827774668562604,7.546694016685748e-7,0.6233168643994524,0.5605338894150548,4.117857019124125e-51
1.09,0.001760639226569368,0.3475282745235626,0.3835061954858292,1.6427099656516631e-18,0.7689996895565978,0.7460568080474952,4.701754652958047e-10,0.9066845349611592,0.8752068733137306,7.128649506130499e-7,0.6407796569052499,0.5807685380463893,1.0500213503643147e-50
1.1,0.0018080246971624075,0.35484389368112923,0.38343264678458916,2.448483732157096e-18,0.7735627705484333,0.7364282649553144,4.4470731315380483e-10,0.8991877945441421,0.8670630561267779,6.731701966665895e-7,0.6567739274634876,0.5985819683959479,2.6670800736993804e-50
1.11,0.0018566854902573198,0.3624435409536605,0.38303308371439304,3.635231494322376e-18,0.759352716661212,0.7277273243456028,4.204081365284817e-10,0.8651273609876825,0.8586495586653916,6.355132138886582e-7,0.6706887806256143,0.61379001116444,6.748156153241082e-50
1.12,0.0019066559296133379,0.36089029674608103,0.38227700462373937,5.3760748409414766e-18,0.7322466025938756,0.720097119472285,3.972494414114921e-10,0.8299132972228096,0.8506801276126735,5.998218427567976e-7,0.6821979980409567,0.6265204245763825,1.7007693617931398e-49
1.13,0.0019579712627720686,0.35110957924404224,0.38118283158881544,7.919483551778773e-18,0.7103667979107823,0.7137702039591866,3.7520265344245364e-10,0.8170004565781438,0.8437581437819853,5.660237681352833e-7,0.6902127755056249,0.6372895996309227,4.269893500355317e-49
1.14,0.002010667685919975,0.34322064564155297,0.3797946870209946,1.1620550730359433e-17,0.7068642164498258,0.708798701432098,3.5423870818660534e-10,0.8311656123453376,0.8378631610355927,5.340466143153379e-7,0.6960349797499216,0.6469160946627176,1.0678249661781216e-48
1.15,0.0020647823694200035,0.3444379451911122,0.378127824875093,1.6984581375725916e-17,0.7198033224422622,0.7048814345910734,3.3432780619827546e-10,0.8564605400804173,0.8323100323831757,5.038180564241395e-7,0.7014490490403611,0.6562793845968318,2.6600793810492552e-48
1.16,0.002120353484030361,0.3522706132949593,0.37614233268883085,2.4727560422331238e-17,0.7325066395409648,0.7014787906255907,3.1543930750095427e-10,0.8649361021304878,0.8262592220360805,4.75265947061856e-7,0.7078532654695332,0.6660140040238707,6.600862908392786e-48
1.17,0.0021774202278289443,0.35655041631305856,0.37377935195128664,3.5859645624821694e-17,0.727557119358627,0.6981451117371998,2.975417418248244e-10,0.8420667537725948,0.8193764454700908,4.4831845664034557e-7,0.7175658197472835,0.6762812302333354,1.6316180900360438e-47
1.18,0.0022360228538624003,0.3500144528347141,0.3710268744588405,5.1799912478983934e-17,0.7049648222268011,0.6947949553003513,2.806029136138186e-10,0.8035552415787627,0.8120862661967383,4.229042255682728e-7,0.73052659844039,0.6867432232881446,4.017427855603555e-47
1.19,0.002296202698539334,0.3375253134723043,0.36794491029822085,7.453330647024613e-17,0.6811788582212223,0.6916584958266583,2.645900842788273e-10,0.7767812852136545,0.8051875916717431,3.989525261587633e-7,0.7447862370308068,0.6967718034275809,9.853477564443398e-47
1.2,0.002358002210787681,0.32974763099745097,0.3646171645783951,1.068243117334635e-16,0.6726953262089195,0.6889513398838656,2.4947021830194597e-10,0.77680484994238,0.7991386613430171,3.7639343193042864e-7,0.7567030458498317,0.7057975155003915,2.40737055566748e-46
1.21,0.0024214649819968167,0.3316858065812381,0.36107386137645464,1.52506446645621e-16,0.6832545846557689,0.6865477510665579,2.3521028450397493e-10,0.7992092811066396,0.793617842539467,3.5515799183245067e-7,0.7605111600883222,0.7136177336602392,5.8587965971850125e-46
1.22,0.002486635776765522,0.33870507256619575,0.3572664291783452,2.1687261818102518e-16,0.7005966472215813,0.6839606532605063,2.2177760904032032e-10,0.8217430153007494,0.7877581255866141,3.351784068506534e-7,0.7577380763276877,0.7204956431310565,1.4203195310389036e-45
1.23,0.002553560564477493,0.3402133310840441,0.35312656780437024,3.071989389045568e-16,0.7049304900534902,0.6806705319501586,2.091402825105362e-10,0.8185161735299594,0.7808949110297977,3.163882064442368e-7,0.7579935506037355,0.7269970641998345,3.4298565731979014e-45
1.24,0.002622286551726662,0.33073638174925307,0.34865480515109354,4.3344423158755573e-16,0.6878668929399434,0.6765312430646577,1.972676300335505e-10,0.786274893872008,0.7732172043333759,2.98722422321693e-7,0.7649526978944007,0.7336633649298806,8.250461128061392e-45
1.25,0.002692862215615218,0.3167464789005071,0.3439473275777089,6.091795913226454e-16,0.6607896974746855,0.6718937109231542,1.8613076039316529e-10,0.7479952041405331,0.7657541402154925,2.8211775718832555e-7,0.7741542497289416,0.7407118636049643,1.9769375488247135e-44
1.26,0.002765337337947791,0.308471850533104,0.33912686215084303,8.528176034153437e-16,0.642525525682337,0.6673170097990176,1.7570321859599406e-10,0.7281325783831997,0.759647584228544,2.665127462851991e-7,0.7838392198553676,0.7479314641572385,4.718676955149731e-44
1.27,0.00283976304034594,0.30985052334591123,0.33424053046765095,1.1892297796731249e-15,0.6437213783249037,0.6630923049750145,1.6596177566591776e-10,0.7359023554631499,0.7552487771700718,2.5184790978865936e-7,0.7940381443426443,0.754818771093763,1.1219156727648826e-43
1.28,0.0029161918203076996,0.3159061524650391,0.32922665936605816,1.6518642271622853e-15,0.6598152335299473,0.6589810703984794,1.5688740054352982e-10,0.7627395102607819,0.7517552501540056,2.3806589444889694e-7,0.799285384598086,0.7608596126489816,2.6571309789843718e-43
1.29,0.0029946775882376286,0.31642094249172265,0.3239896428932943,2.2855043554429164e-15,0.673185846367888,0.6544036650138724,1.4846647194048075e-10,0.7846708903618155,0.7477134283898585,2.2511160321376166e-7,0.7975700802921626,0.7657893142714074,6.268716029745058e-43
1.3,0.0030752757054734754,0.30624903414134175,0.31851517289925974,3.149844516268333e-15,0.6671148575187961,0.6489372199271233,1.4069230334440037e-10,0.7778639842274799,0.7420447798325546,2.129323120086329e-7,0.7970902590772656,0.7696971521942806,1.473184789725583e-42
1.31,0.0031580430233362875,0.2915476018904636,0.31291298434078796,4.324100906865452e-15,0.642336984483931,0.6427092872459205,1.3356707255412012e-10,0.7433344097563404,0.7348291144600748,2.0147777332372927e-7,0.8024021648948114,0.7729434108969538,3.448648732526288e-42
1.32,0.003243037923231504,0.2820491562500109,0.30733924140274455,5.912926994901851e-15,0.6153697452361425,0.6363428710206709,1.271042686594311e-10,0.7054915148880292,0.7272381973861529,1.9070030679627874e-7,0.8066602819231419,0.7759614586945592,8.041811935325905e-42
1.33,0.0033303203578293247,0.2818805456663522,0.3018667600747167,8.053963352531807e-15,0.6028996042659704,0.6304732590410983,1.2133179480315013e-10,0.687085474826573,0.7206474776090264,1.805548775670443e-7,0.8057606441404125,0.7790638406834756,1.8679798805992905e-41
1.34,0.003419951893353394,0.2871665304577732,0.29642647293481406,1.092742338127326e-14,0.6101016884162723,0.6252205472830233,1.1629589492459064e-10,0.6956465956878886,0.7155841221158635,1.7099916384038804e-7,0.807394067134364,0.782345545967869,4.322190661435032e-41
1.35,0.003511995753007638,0.2885653575577791,0.29088126690420446,1.4768200256787448e-14,0.6275485411755253,0.6200593894884048,1.1206610752087526e-10,0.7222574986538369,0.71131145527465,1.619936157874928e-7,0.8163895156635044,0.7857077196862029,9.96206125427025e-41
1.36,0.003606516861571878,0.27988994498152436,0.28516901064114764,1.9881077810883906e-14,0.6363050512050047,0.6142205329203106,1.0874148977711886e-10,0.7436491173453699,0.7063852119652879,1.5350150870869016e-7,0.8237661360369076,0.7889589595448859,2.287221228498039e-40
1.37,0.003703581891197686,0.26536224202609443,0.27938223612120183,2.6659740268083167e-14,0.6236336235247775,0.6073275626618764,1.0645840164079203e-10,0.7367581729606258,0.6997867630587946,1.4548899422084398e-7,0.8205677175356367,0.7919255642102685,5.230954423694066e-40
1.38,0.0038032593084367746,0.2541752057400457,0.27370561392879317,3.561040402333869e-14,0.5954798322013429,0.599765222798794,1.0540019187602013e-10,0.702397632256308,0.6917886676595737,1.3792515417082684e-7,0.814321394715572,0.794521276943805,1.191701860169694e-39
1.39,0.003905619422535104,0.251528158207278,0.2682625239257695,4.738104027647401e-14,0.5696359239544206,0.5924675094774314,1.0580918700961494e-10,0.6640456019560358,0.6838811476762083,1.3078206301263006e-7,0.817964395149684,0.7967649585362058,2.7043838823573745e-39
1.4,0.004010734435026761,0.2556844183121279,0.2630091090384803,6.279732177333576e-14,0.5603684316008266,0.5862620791864865,1.0800144936226148e-10,0.6439036156487737,0.677767041780562,1.240348655466265e-7,0.8297764414676774,0.7987587318411817,6.113405807955377e-39
1.41,0.004118678490662604,0.2590132018489669,0.257775994860813,8.290661199500491e-14,0.5699684873776202,0.5812623595976754,1.1238484180657613e-10,0.6502525083495855,0.674124656493462,1.17661878237578e-7,0.8345399344787234,0.8006402139983098,1.3766146965305694e-38
1.42,0.004229527729709584,0.2538822107752158,0.25242619024189167,1.0903152359679197e-13,0.58765064219818,0.5767777797039007,1.1948101401140523e-10,0.6767242008429474,0.6720347916820544,1.1164472384884932e-7,0.8257854190723685,0.8025194984416387,3.0878485817137143e-38
1.43,0.0043433603416576415,0.24102580263070578,0.24699066365553515,1.4283480907551322e-13,0.5952150438786067,0.5718243112481854,1.299520069534959e-10,0.7029204852044516,0.6695175961558407,1.05968510918301e-7,0.8168563339452916,0.8044234576278488,6.899444674784481e-38
1.44,0.00446025662037206,0.228364563816066,0.24165841730605095,1.8639761777950404e-13,0.581779762485664,0.565857280110301,1.4463225839564733e-10,0.7042315552001591,0.6648413833233991,1.006220717466601e-7,0.8222362554743786,0.8062849279156638,1.5356312969848597e-37
1.45,0.00458029902073018,0.22247483052884795,0.23662432433511654,2.423134715965861e-13,0.5541542208295039,0.5591707530652683,1.6456688067425546e-10,0.6750133188079913,0.6577057330579789,9.559827519828759e-8,0.838453592534426,0.8079992341323239,3.404666542967359e-37
1.46,0.004703572216782413,0.22430898292784443,0.23192467498609032,3.1380069702947617e-13,0.5295489056962953,0.5526533526015344,1.9105717233912547e-10,0.6350592103321244,0.6494667605096971,9.089443390372742e-8,0.8467436269638731,0.8095173682963402,7.519295560077024e-37
1.47,0.0048301631614786,0.2290383286415029,0.22740492660905431,4.0483653653361963e-13,0.5211569684207655,0.5470769591296317,2.2571441605911493e-10,0.6081489647066823,0.6422250265553674,8.651282964914479e-8,0.8364065094195785,0.8108986391968761,1.6542258751053483e-36
1.48,0.0049601611480018255,0.22876519756644612,0.22285199237663642,5.203167990451823e-13,0.5308217141184681,0.5424552127933877,2.7052310660128946e-10,0.6060306862934406,0.6373849127892759,8.246138618018865e-8,0.8204237472726051,0.8122648259519615,3.625164200260714e-36
1.49,0.005093657872752958,0.2198638762050869,0.2181807802627015,6.662457802549711e-13,0.5482983807888091,0.5379684379440284,3.2791484588982536e-10,0.6268835754257736,0.6346703157261554,7.875452580581815e-8,0.8184368650224534,0.8136837231886774,7.91363316107876e-36
1.5,0.0052307475000303435,0.20713430791990645,0.2135150190673852,8.499624134192716e-13,0.5561626027130867,0.5325356028336443,4.0085424087542927e-10,0.6555700949844696,0.6322816007764736,7.541425570253578e-8,0.834168565903792,0.8150851426952265,1.720836653153233e-35
1.51,0.005371526728450276,0.19795696699130066,0.20908960173027255,1.0804103929957065e-12,0.5433238247061707,0.5256285709201843,4.929382518049943e-10,0.6677766369586418,0.62810499097682,7.247154256237749e-8,0.8512485445185222,0.8162934660426003,3.727511794526608e-35
1.52,0.005516094859155093,0.1960262899796978,0.20505258183894007,1.3684626338773966e-12,0.5155775910386939,0.5177293310789985,6.085105769944798e-10,0.6488857364197005,0.6211651405244301,6.996805137315873e-8,0.8498659000296572,0.8171534248864207,8.04292828317238e-35
1.53,0.005664553865857004,0.19993973065360274,0.20133194153461065,1.7273143155184597e-12,0.48943382425930937,0.5100748795267264,7.527928475951954e-10,0.6102477457591565,0.6123353792527054,6.795834723741181e-8,0.8318331230336311,0.8176327146741017,1.7287225840269502e-34
1.54,0.005817008466767078,0.2037909463092084,0.1976813388844747,2.17296454017567e-12,0.4781812015214511,0.5038439571901966,9.320346768121972e-10,0.5759703163230558,0.6038095354476148,6.651269031098884e-8,0.8182390451800539,0.817804419516906,3.701284809822935e-34
1.55,0.005973566198460099,0.20095626885624118,0.19387182936394648,2.724815221056809e-12,0.4849658017256991,0.49934764192031156,1.153685014868319e-9,0.5624154692025833,0.5976669260107967,6.572059591572092e-8,0.8235843594424278,0.8177303343237089,7.893978627850898e-34
1.56,0.006134337491727404,0.1909095127038787,0.18987487814880122,3.406428527529196e-12,0.502142544752113,0.4957966297269574,1.4265878803400544e-9,0.573287590451727,0.594474533352112,6.56953882318228e-8,0.8414710654462424,0.817365687917158,1.6770877409936577e-33
1.57,0.006299435749471224,0.17965471646519957,0.18588649812587807,4.2465029386699325e-12,0.5140934892003398,0.4918207584762159,1.761206480228838e-9,0.6004567079766112,0.5928589559294558,6.658005133715778e-8,0.8507704973228707,0.8165861545222828,3.5492139194343254e-33
1.58,0.006468977426695436,0.1731208607874859,0.18216989162364294,5.28015537791486e-12,0.5075430361267699,0.4863905364653624,2.1698811501327988e-9,0.6240669025086394,0.5903515110844919,6.855478167670569e-8,0.8396906286088158,0.8153205142328437,7.482130529172247e-33
1.59,0.006643082112649186,0.17326514454216493,0.17884098575866036,6.550636811716322e-12,0.4835648891554866,0.47950651175878206,2.6671286571298544e-9,0.622195786393874,0.5849759971217033,7.18467788809635e-8,0.821322407942294,0.8136743086159404,1.5712137052939993e-32
1.6,0.006821872615181297,0.17771420618883016,0.1757687671254601,8.11166641346009e-12,0.4563531651227757,0.47217972806858455,3.2699935061252795e-9,0.591943930762228,0.5765556394313278,7.674298674837354e-8,0.815690753449852,0.811940603906807,3.286716724481116e-32
1.61,0.00700547504736498,0.180567313438838,0.17267205411597142,1.003065233719415e-11,0.4403343046251715,0.46571548213208225,3.9984663748182625e-9,0.5527285238557009,0.5668848495079787,8.360672509499338e-8,0.8265412006995974,0.8104889453591343,6.848674007992851e-32
1.62,0.007194018916453941,0.1765446163691241,0.16933847508434652,1.239318559153399e-11,0.44137410408915184,0.46079343867294836,4.875991208999589e-9,0.525776079151553,0.5586337281581647,9.289945083801555e-8,0.8382360012469211,0.8096056121984728,1.4215694667134568e-31
1.63,0.007387637215232636,0.1666596617450814,0.16579382527688644,1.5309361608392555e-11,0.45543974697924766,0.45697798183565014,5.9300915512154925e-9,0.521343711365194,0.5536646085427824,1.0520927126770025e-7,0.8339227818626543,0.8093676658287696,2.9393223883072787e-31
1.64,0.007586466515825104,0.15680030405926862,0.1622875691630315,1.8922721245481348e-11,0.4699626194122427,0.4529980530810516,7.193159291566073e-9,0.5388107415164678,0.5518221422445242,1.212883260429882e-7,0.8181592600636604,0.8095968727146677,6.054023123239416e-31
1.65,0.007790647066028553,0.15175149185778242,0.15910314396728462,2.3422935523924693e-11,0.4703807077512091,0.4476092754640046,8.703466448787536e-9,0.5669520791472012,0.5509694578988458,1.4210178358545064e-7,0.8106392050064313,0.8099122975575823,1.2421064627038535e-30
1.66,0.008000322888239653,0.15267976160746335,0.15633808437559682,2.9063822068820284e-11,0.4519327207960173,0.4404528233563726,1.0506484408722585e-8,0.5847300193288062,0.5482663608270936,1.688919938897983e-7,0.8212888023236989,0.8098855463342227,2.538584590504513e-30
1.67,0.008215641881043295,0.15709895797907733,0.15382317065269757,3.6188923979222786e-11,0.4244528941452822,0.43232496275226956,1.2656627322604304e-8,0.5743391188699721,0.5419094927426209,2.0326234059443782e-7,0.8388840335004815,0.8092585403719362,5.168240453897254e-30
1.68,0.00843675592353551,0.15959159960501254,0.15124380152695344,4.5267767843717826e-11,0.4028592416365195,0.42466687128800895,1.5219579730836813e-8,0.5399058431999789,0.5322622783855148,2.4728658385173894e-7,0.8412185628724828,0.8081074547287159,1.0481229259579694e-29
1.69,0.008663820982454095,0.1556468115968918,0.14837264125731195,5.694713203562429e-11,0.39611911861254506,0.41860829795166804,1.8275426271844385e-8,0.5025047355150887,0.521673001784211,3.036510319546411e-7,0.8216284686993457,0.8068077415180842,2.1173875484514273e-29
1.7,0.008896997222192532,0.14653558932509597,0.1452380220391321,7.212331172826437e-11,0.4043944874366819,0.4141997618714937,2.1922877775163093e-8,0.47992851975166,0.5130807288309692,3.758387802717164e-7,0.7986373237080001,0.8057597095558159,4.2609584947426215e-29
1.71,0.009136449117774816,0.13761245187688323,0.14210104205403948,9.204361076553909e-11,0.4195627790908161,0.4103471154931247,2.6284988399072016e-8,0.47917156443920295,0.5082478129216269,4.683675737378534e-7,0.7938729963624707,0.8050376366757154,8.541482597199347e-29
1.72,0.00938234557087083,0.1330438409352056,0.1392580648758023,1.1844831480133924e-10,0.4278753925141747,0.4055016113684232,3.151688930888355e-8,0.49798979502093604,0.5066852518829691,5.870956527866341e-7,0.8121627578476222,0.8042540671627538,1.7056048418383387e-28
1.73,0.009634860028934178,0.13383651444763622,0.13681577381224289,1.5376845374493834e-10,0.41872524598679844,0.398662973100352,3.781623377830311e-8,0.5246529737013466,0.5059199454710889,7.396133059023383e-7,0.8374406960319564,0.8028196610044277,3.3926806526423075e-28
1.74,0.009894170607546418,0.13788442827545408,0.1346060414014193,2.0140006429054417e-10,0.3945233284394024,0.39004643588010857,4.543726640336392e-8,0.5389957959703322,0.5029480472042188,9.357418517752743e-7,0.8433055532966178,0.8004593869284083,6.722443302977581e-28
1.75,0.010160460216054091,0.14044779299067997,0.132304015308828,2.6608282332569855e-10,0.3684321436333179,0.3809791995708143,5.4709707306112943e-8,0.5258354158989675,0.4960117402610446,1.188166487862853e-6,0.8201215578378224,0.797571761659554,1.326878395894963e-27
1.76,0.010433916686587073,0.13728293875254613,0.1296630561900876,3.544203574980699e-10,0.35243868043665705,0.3730852648340141,6.606399513283873e-8,0.4913644906481789,0.48564757669619235,1.5132349446574135e-6,0.7872318348773567,0.7950630661692527,2.608886077877218e-27
1.77,0.010714732906549338,0.1291358880388078,0.12669487435242513,4.755918936126794e-10,0.351121128399039,0.36727123757630403,8.006487739245887e-8,0.4557416266863921,0.47438879087902786,1.931960243402122e-6,0.7706083857244583,0.793681885745622,5.109746280131526e-27
1.78,0.011003106954675525,0.1206871338613699,0.12366371855225425,6.423210104853754e-10,0.3617151406756059,0.3631511845309389,9.745589332335422e-8,0.4345835926744323,0.46529770987686325,2.4712731234183343e-6,0.7818275604697618,0.7933305015173148,9.969284749682273e-27
1.79,0.011299242240749309,0.11583689976264652,0.12089860691904346,8.721880900271219e-10,0.37486272407142773,0.35927098558572257,1.1921798639155914e-7,0.4336242938245958,0.46018712166397974,3.1655779172658956e-6,0.8131359546962199,0.7929449169580199,1.9375339781435654e-26
1.8,0.011603347649082127,0.11579297356181688,0.11855847314092821,1.189399876670509e-9,0.37798499458193463,0.3539922091366621,1.4664633756192248e-7,0.45068491452557424,0.4585645015786149,4.058674812339144e-6,0.8393133648271408,0.7911583947514469,3.7510731866732634e-26
1.81,0.011915637685853457,0.11914674019561947,0.11651792171862288,1.6271638396243847e-9,0.3642401137176686,0.3464882896973975,1.8145055707755726e-7,0.4753341798929283,0.45790661259018456,5.206121511937218e-6,0.8343689632518269,0.7873442099653479,7.234072502094626e-26
1.82,0.01223633263041658,0.12206826459023787,0.1144542730669406,2.2308585992636714e-9,0.3394782822667372,0.33724247878876296,2.2588464558751285e-7,0.48925007372930385,0.45510035945281846,6.678118212797318e-6,0.799430880229711,0.7822591038132067,1.3897334617925337e-25
1.83,0.012565658690676553,0.12036741654066249,0.11207357201130036,3.062246683659601e-9,0.31633273993114347,0.32774960689164,2.829146722978957e-7,0.4777860908831508,0.44821852205632673,8.563011402296048e-6,0.7613135341220776,0.7777174148311281,2.6595107045607343e-25
1.84,0.012903848162649995,0.11364708009754639,0.10931616273937768,4.205044869389161e-9,0.30377870468351703,0.3196121910340587,3.56433958338236e-7,0.44563242991833457,0.4376162599842718,1.0971524023831591e-5,0.7448015987806831,0.7754132574857908,5.069834449579686e-25
1.85,0.013251139594319235,0.1056383667745828,0.10639850514225217,5.772253302860773e-9,0.3040677750097518,0.3135840437737594,4.5153773953485804e-7,0.4111145532179136,0.42573128163455987,1.4041831750681779e-5,0.7586230946810744,0.7756783143005258,9.627374391840226e-25
1.86,0.013607777953896382,0.10015352651044536,0.10366356772164179,7.915750917669732e-9,0.31357525491239124,0.30913505067842095,5.748718566155533e-7,0.3889416381478113,0.4157109061709461,1.7945617031708217e-5,0.7944251436647595,0.7770939622440057,1.8211437847058607e-24
1.87,0.013974014802616033,0.09881050840128207,0.10134493704337776,1.0838795250522472e-8,0.3235922877749892,0.3047865421761228,7.350730236174995e-7,0.3848565177830449,0.40964788680616215,2.2895243697013737e-5,0.8271669987789866,0.7773258389437105,3.431651296986858e-24
1.88,0.014350108472178477,0.10103470426587949,0.09940764498881667,1.4812223966510518e-8,0.3235984485922265,0.29900225954381326,9.433216943445379e-7,0.3977321487347875,0.40741529456306275,2.915220458440031e-5,0.8281852152410287,0.7746820412939224,6.441468079250647e-24
1.89,0.014736324246968583,0.10413813822338043,0.09757366146065732,2.0195348019442223e-8,0.30901041019770825,0.29109640779226986,1.2140325127896972e-6,0.4196372478732104,0.40674225947815257,3.703700208450579e-5,0.7939146487879,0.7693345063117124,1.2044523304830625e-23
1.9,0.01513293455117886,0.10423279454020117,0.09551242533560193,2.7462757546155047e-8,0.2861462505301928,0.28162467948806774,1.5657118166312485e-6,0.4350421712672514,0.4044737123060539,4.694062578894336e-5,0.7500749206217275,0.7633136011339821,2.2434566596375284e-23
1.91,0.015540219140968741,0.09953784782467193,0.09306526071065908,3.723853673256325e-8,0.26581387845517784,0.2720423526265457,2.02201666824605e-6,0.42873484129422434,0.3983040903872338,5.9337791520982605e-5,0.7241449307363554,0.759202144455257,4.162644547203881e-23
1.92,0.015958465301795576,0.09235214534421698,0.09035204832865623,5.0339708491143484e-8,0.2548677376984318,0.26384752993579147,2.6130553997398364e-6,0.401193398859023,0.3880268041031674,7.480210077921201e-5,0.728650125155856,0.7583647664102806,7.693869521548693e-23
1.93,0.016387968051056558,0.08629987861062877,0.08769039182903492,6.783110921072174e-8,0.25459119269762603,0.2577197329469213,3.3769756353425065e-6,0.36783780938549265,0.37562437149436007,9.402326778865627e-5,0.7604905798824529,0.7599151895980273,1.4165908313815934e-22
1.94,0.016829030346184524,0.08349117413580492,0.08538406159311442,9.109433298577802e-8,0.2617595124856102,0.25315045835454103,4.361892121031783e-6,0.3432333880784628,0.3641695570020265,0.00011782654163274008,0.8004400950701749,0.7611727624734524,2.598175216115348e-22
1.95,0.01728196329834437,0.08416608876990182,0.08352315457197929,1.21913887663972e-7,0.26935592565762756,0.24876326699558945,5.628213331962229e-6,0.3339633691150155,0.35615371115553346,0.00014719442202517727,0.8178334822629161,0.7593746274343984,4.746977010486941e-22
1.96,0.01774708639188089,0.08686238154128352,0.08192763940990601,1.6258427448952862e-7,0.26882662897187093,0.24312016806439812,7.251432580033886e-6,0.3403598685613581,0.3521541589515789,0.00018329072791381566,0.7953171805108012,0.7535475378381239,8.639543460405265e-22
1.97,0.018224727709672733,0.08854765188691797,0.08026879384131966,2.1604233985859265e-7,0.2561320230986214,0.23554173048540367,9.325455988696542e-6,0.35746450776642413,0.35054866383329475,0.0002274870271489252,0.7488185327465104,0.7452898867094399,1.5663532962308614e-21
1.98,0.018715224164551545,0.08643350029520361,0.07828589405879852,2.8602994990758643e-7,0.2362900495849278,0.22647762830345666,1.1966545960350564e-5,0.37367835323288595,0.34840694073433964,0.00028139137195961906,0.7087757159611258,0.7378906318015102,2.8288780290073907e-21
1.99,0.019218921736949442,0.08085089481254164,0.07595545287180736,3.772928010769662e-7,0.2182084722903262,0.217234307833791,1.5317964287064822e-5,0.3741487782733441,0.3430585911333071,0.00034687920832390497,0.695090160259056,0.7342881692870294,5.089376615162747e-21
2.0,0.019736175718942477,0.07473156165279514,0.07350445791031074,4.95821992886882e-7,0.2075684613933195,0.20923334996318188,1.955540343087186e-5,0.35382547445936263,0.33349174711908747,0.0004261262372482097,0.7125971854029912,0.7351497214119437,9.120972305436346e-21
2.01,0.020267350964862266,0.07063015891673062,0.07126224769193085,6.491458381520308e-7,0.2055817444282881,0.20322834353200736,2.489329723712344e-5,0.32321882533163143,0.3208505400156735,0.0005216429027528063,0.7523321287626703,0.7383179843366388,1.6283365798007752e-20
2.02,0.020812822148652484,0.06953032258826929,0.06944924163347053,8.466802497737164e-7,0.21011223028203196,0.19891401163065178,3.1592102885517616e-5,0.2964047669213928,0.3077954680915695,0.0006363100658605019,0.7900109422739693,0.7400338176495705,2.8958364969203845e-20
2.03,0.02137297402815185,0.07103619370563662,0.0680384778631279,1.100146893949929e-6,0.2162454262782594,0.19512805901195504,3.996664360788387e-5,0.2812360211889753,0.29709311850710424,0.0007734152976839521,0.7956300094527075,0.7372248900439416,5.130161511626717e-20
2.04,0.021948201716489896,0.07338168488926562,0.0667761145498259,1.4240691009841328e-6,0.21723192011157602,0.19051387766352665,5.03955959377665e-5,0.27958831310164295,0.290190408508417,0.0009366890901695525,0.7616950416955587,0.7294565792661479,9.053479324960344e-20
2.05,0.022538910960787115,0.07382263395745177,0.06534435113215696,1.8363562319460243e-6,0.20852617637069498,0.1842672309081444,6.33321952984205e-5,0.28926876883677693,0.28650964280990815,0.001130340143404356,0.7119980880977641,0.7193155971568842,1.5915775481095007e-19
2.06,0.023145518428355903,0.07077048422552674,0.06356120968861395,2.358987758098856e-6,0.19269555156479487,0.17656062842755993,7.931621886672777e-5,0.30331012699329035,0.28380179384885756,0.0013590887477350176,0.6754230835150936,0.7109404662520032,2.787200765867355e-19
2.07,0.0237684520006043,0.06553441877373943,0.061491558966166766,3.018808656727703e-6,0.17678617796063975,0.16842973905379974,9.898728417451216e-5,0.3097628376721997,0.2793397097065327,0.0016281971422749727,0.6673201255179472,0.707549440617274,4.862249172751663e-19
2.08,0.024408151074849782,0.060698253912453023,0.0594026043024877,3.848447789155817e-6,0.16603387992788013,0.16120289250437927,0.00012309947518669706,0.2992413350461651,0.2713133753793098,0.001943495604510677,0.6895918134076432,0.7094484952294076,8.449578343128086e-19
2.09,0.025065066874255998,0.05794478762045253,0.05759531780279887,4.887370623457995e-6,0.16211269980753712,0.15579370419001634,0.0001525372740897271,0.2749680400810542,0.2597139365720259,0.0023114029152129685,0.7315930142453722,0.7137396320749618,1.4627230146187858e-18
2.1,0.02573966276611109,0.057704209459542875,0.05621876781313235,6.183076908087825e-6,0.16411081262947905,0.15223486304147715,0.00018833273634622413,0.24855169187361426,0.24628303710776525,0.0027389397558395187,0.7680661208160906,0.715945811806626,2.5224278637148273e-18
2.11,0.026432414588672088,0.0593709473904032,0.05518152011877521,7.792452601328307e-6,0.16913222057476396,0.149687793292842,0.00023168379854025697,0.22896885428802896,0.23359303898041195,0.003233733539556436,0.7700477180184362,0.7126233531887576,4.3331666951702904e-18
2.12,0.027143810986805902,0.06123482836276939,0.05421148947514948,9.783283421883564e-6,0.1724363829522874,0.1469044269494663,0.00028397355323051774,0.21965816655675613,0.2237543467681866,0.0038040131594651344,0.7330126543848957,0.7034299725405382,7.415192055711839e-18
2.13,0.02787435375666372,0.061034652710802766,0.053023815275299015,1.2235934717586622e-5,0.1691033705149284,0.14288429494585966,0.0003467902628430649,0.22050283275492533,0.21740583456214446,0.004458592165893478,0.6820870446453933,0.6914169156627687,1.2640672214732755e-17
2.14,0.028624558199631882,0.057930743408165945,0.05149230561835406,1.524519886943492e-5,0.15847563550528765,0.137381246508048,0.00042194781634014814,0.22858765589054078,0.21347006674856447,0.005206838965365004,0.6450430012164641,0.6813420587092481,2.146589962332552e-17
2.15,0.029394953485808905,0.05342213942014912,0.049721242140935436,1.892230708800202e-5,0.14520028209634203,0.13100673748059172,0.0005115062591855915,0.23707553402314452,0.20975385891171316,0.006058632772721402,0.6359890307735625,0.6769551966424151,3.631278722119832e-17
2.16,0.03018608302726507,0.04959235729882365,0.04797745964070462,2.3397097170099932e-5,0.13441144288861298,0.12489331598207806,0.0006177919506353982,0.23656377379140844,0.20405865210987106,0.007024304248994231,0.6567290606009585,0.6788138374616227,6.119304398131567e-17
2.17,0.03099850486134782,0.047609748378038316,0.046527333602575965,2.8820322544442976e-5,0.12860014422355673,0.12010589953349211,0.0007434168247379442,0.22284506627760345,0.19523842386299275,0.008114560023260544,0.6979045988015447,0.6838957884124467,1.0272518568783604e-16
2.18,0.031832792044303365,0.04768116234702247,0.045478305299934914,3.536608076039539e-5,0.12796046877916414,0.11710658316240813,0.0008912961552360558,0.20151298780625074,0.18370252079972305,0.009340390626837823,0.7362186844650997,0.6872528557055059,1.7178476691179943e-16
2.19,0.03268953305549215,0.04921711496575872,0.044718498255308985,4.323433152110828e-5,0.13119406000957787,0.11553808075277237,0.0010646641528886953,0.18118098226732596,0.17115764324921603,0.010712961760101593,0.7425705504533644,0.6847852055724223,2.8617101412796524e-16
2.2,0.03356933221248327,0.05073942170949757,0.043986982653304876,5.2653465539248677e-5,0.13563882798575524,0.11442076502672287,0.0012670866600511975,0.16689271121669955,0.1597571720886284,0.012243489260365961,0.7089740612472105,0.6755730846938051,4.748980232652511e-16
2.21,0.03447281009732064,0.050407366215930595,0.04302947904607082,6.388287606463948e-5,0.1372856482163714,0.11264989987378578,0.0015024701554845652,0.1600691270145421,0.15109293856540937,0.013943098635007724,0.6578835009983665,0.6624450874125184,7.850715979279533e-16
2.22,0.03540060399426166,0.04767887022452963,0.041745960186010816,7.721547512472126e-5,0.13286332251423305,0.1095373478394714,0.0017750662463479415,0.16020518629932226,0.1455069941563919,0.015822670555600857,0.6172920258713839,0.650449820224,1.2928639378896822e-15
2.23,0.03635336833929702,0.043892983066002755,0.04024460832362448,9.298008662177627e-5,0.12338168796593252,0.10513158358732158,0.0020894708082931034,0.1650897894335278,0.1420180293674152,0.017892674261541144,0.6025341830064526,0.6440720281315413,2.1209552531028464e-15
2.24,0.0373317751817688,0.04073736604325213,0.03877385734625261,0.0001115436388011699,0.11314062447989272,0.10016922883277345,0.002450616942572933,0.16986765556582367,0.13885319114237896,0.02016299137807151,0.6169756007851844,0.6447368606299175,3.4661376440301125e-15
2.25,0.03833651465841249,0.03911564343512785,0.037575579836238,0.00013331306966038418,0.1056556572325564,0.09569589657828889,0.0028637609548663044,0.16819405748468724,0.134301421712207,0.022642733194109532,0.6542253010005779,0.6499882635660058,5.642820230267195e-15
2.26,0.03936829548015727,0.0391786333446104,0.03674622165822072,0.00015873685108251504,0.10227283537140494,0.09255157442505282,0.003334460627385601,0.15764885141822516,0.12748151580096834,0.02534005494855375,0.6952178078495774,0.6548023547087842,9.151309452228603e-15
2.27,0.04042784543202788,0.040466775853431274,0.036184991914680796,0.00018830603136790936,0.10282995878429202,0.09097213587928675,0.003868545156325709,0.14230730798053065,0.11868867259743807,0.02826197111766688,0.7112807188893239,0.6543201091883943,1.4784525870226326e-14
2.28,0.04151591188650082,0.04180855232298692,0.03565573889603159,0.00022255469195070702,0.10617460515801112,0.09049241074713858,0.004472076262439223,0.12783560641731642,0.10919784012503607,0.03141417605862899,0.6870824056693887,0.6465047443989125,2.3794096731278953e-14
2.29,0.04263326233067683,0.0416774026282237,0.034923673037095836,0.0002620597129799959,0.1100821896809742,0.09018538532946863,0.005151300153918802,0.11737339971732581,0.10065135240350391,0.03480087462438768,0.6382500455730319,0.6332719490311447,3.814777772128992e-14
2.3,0.043780684907641684,0.039526200336855215,0.03388725205545909,0.00030743974466081045,0.11123776785459094,0.08911196701764006,0.005912590226905236,0.1117570368509986,0.09432881827938405,0.03842462750359634,0.592992425408232,0.619475870183448,6.092675010902097e-14
2.31,0.04495898897239691,0.03638591017616527,0.032631243692172865,0.00035935328728963953,0.10725459872884377,0.08676186452306785,0.006762380627367381,0.11076310959756631,0.09062257857759194,0.04228621604097668,0.5696261899498344,0.610299584513683,9.693622276929866e-14
2.32,0.046169005662752845,0.03366517107640795,0.031373946590766685,0.00041849579321236527,0.09942790574210664,0.08327914673496155,0.007707091064736382,0.11340374372768663,0.08892654256419451,0.046384531146320185,0.5741493643777974,0.6084603464487058,1.536399142851685e-13
2.33,0.04741158848558651,0.03215504304154883,0.0303416604740431,0.00048559571880593243,0.09134631595923293,0.07937482465965948,0.008753043556766388,0.11725762815430649,0.08795363014747672,0.05071649059807306,0.6036931631184123,0.6127345850800835,2.425841873028802e-13
2.34,0.04868761391887794,0.03203102926894618,0.02964267666283638,0.0005614094742296766,0.08566766387752456,0.07597827985849842,0.009906372089241595,0.1183080117591411,0.08631592405614928,0.05527698858939867,0.644853357313062,0.618592185872819,3.8155925047825773e-13
2.35,0.049997982029949525,0.03300316604201938,0.02921053079667943,0.0006467152431329317,0.08333565558168214,0.0737983182769898,0.011172926484434163,0.11358167596541188,0.08310582468498977,0.06005888075646682,0.6721199409289679,0.6205963267440089,5.978650461283257e-13
2.36,0.05134361711034466,0.03422834114654487,0.02884533422974154,0.0007423056735739046,0.08418587686064288,0.07299960087157716,0.012558172078396261,0.10432402983919542,0.07823728674830364,0.06505300718277132,0.6627237143330758,0.615284609240551,9.332255951099384e-13
2.37,0.052725468327793186,0.034449539539779875,0.02832696969791223,0.0008489794747172538,0.0873046970451535,0.07313919378814925,0.014067087097974811,0.09432011574778394,0.07242436241616287,0.0702482550083498,0.6208067977018669,0.6029990246576962,1.451152515888956e-12
2.38,0.05414451039572387,0.03297537476598012,0.027535621393318613,0.0009675319908205492,0.09091216294765021,0.07338346779419704,0.015704059891946037,0.08634539408710445,0.06683257342180769,0.07563166131387764,0.572151906588241,0.5877007219860606,2.247931474538374e-12
2.39,0.05560174426079589,0.030442494474029008,0.026513668297055627,0.0010987448637441919,0.09229465871572404,0.07289708651848871,0.01747278839476161,0.08142227480213471,0.06256879689411711,0.0811885559272026,0.5389535833695545,0.5748792431035669,3.4689443665659244e-12
2.4,0.057098197808934444,0.028035610043992777,0.02543747882805663,0.0012433749366461805,0.08937714358503651,0.07122164501683576,0.019376184374266987,0.07965646002862614,0.0602273260797082,0.08690274274894434,0.5308906966107494,0.5686701145154675,5.332815276040152e-12
2.41,0.05863492659036843,0.02651839102233441,0.024517708885690697,0.0014021425933609865,0.08308569236208191,0.06847277073308149,0.02141628512545037,0.0807660689460722,0.05967037011069231,0.092756717152447,0.5485571646380812,0.5697003451117952,8.166977912607883e-12
2.42,0.06021301456418165,0.026126819697484056,0.023884532344766837,0.0015757197687361936,0.07638465687555963,0.0652725298562517,0.023594175311276524,0.08387822607586827,0.06011491164683344,0.09873191602149654,0.5843005044506426,0.5747835964715744,1.245984297065289e-11
2.43,0.061833574862902724,0.02673049860116916,0.023520031254474338,0.0017647179032973272,0.07156030982643774,0.06245598580015222,0.02590992161140587,0.08693181787975188,0.0604720729811119,0.10480899608665468,0.618957584975278,0.5786062507787333,1.8936984885008892e-11
2.44,0.06349775057767296,0.027796310098623222,0.023272155927653713,0.001969676149330787,0.06947275803263102,0.06069053155371426,0.028362522715018056,0.08701693960505791,0.05978984489790875,0.11096813544594292,0.6269289155021431,0.576504393826924,2.8671929261355823e-11
2.45,0.0652067155645461,0.02835788045986206,0.022939703520295382,0.002191050163097688,0.07006276411593405,0.0601805570149204,0.030949876982892706,0.08278897653455204,0.05761922955246022,0.11718935254255398,0.598672693892053,0.5668747303344904,4.3246561519270453e-11
2.46,0.06696167527248872,0.027593400911916633,0.022380419822463703,0.002429201837752205,0.07269433560692998,0.06058601222296304,0.03366876980743249,0.0759757190454278,0.05416486411893793,0.12345283645070508,0.5517725961091879,0.5519726399364746,6.498237971096578e-11
2.47,0.06876386759366507,0.02568608192205457,0.021584061370487982,0.0026843903421040313,0.07607800891854305,0.06118441391032211,0.036514882321972086,0.0692939928816432,0.050173501073155914,0.12973928211344005,0.5108723724196965,0.5367060911356798,9.727243778709405e-11
2.48,0.07061456373660648,0.023569978374026006,0.020673204353240077,0.002956764830317861,0.07805246331959848,0.061197626682279294,0.03948282266054552,0.0643551504009818,0.046618057062721485,0.1360302241979177,0.4902981609089241,0.526078960220387,1.4505575537908741e-10
2.49,0.072515069122881,0.022015828404651258,0.01983420521057943,0.003246359175957399,0.0765258052748177,0.06013495508539936,0.04256618045771399,0.06165681563057498,0.04430992010427455,0.14230836349040643,0.49413884707427996,0.5226253541965948,2.1549239207439575e-10
2.5,0.07446672430789576,0.021339758472499283,0.01921727123588961,0.003553089059797667,0.07168280055438626,0.0580016632660655,0.04575760471965286,0.061217056761224416,0.043591291605582116,0.14855788024126718,0.5193690012871254,0.525157756874474,3.189198762095653e-10
2.51,0.07647090592648174,0.021540028027811107,0.018859085084916988,0.0038767517043134304,0.06589543121395006,0.055285611278923154,0.04904890460971504,0.06284291872649246,0.04422000976676619,0.1547647295764222,0.5540517824651786,0.5294496638788472,4.702023283146676e-10
2.52,0.07852902766392768,0.022338119843508097,0.018667370572793836,0.004217028498943296,0.06135837456331206,0.05273416272010443,0.05243117209348555,0.06589270767616824,0.0454809597757078,0.16091691499353553,0.5760051734436882,0.530464223124583,6.906251734701736e-10
2.53,0.08064254125314817,0.023089330962129017,0.018472912655102515,0.004573490699868617,0.059046439606783026,0.051024188102586195,0.0558949248006523,0.068782877272308,0.046472120849806516,0.16700473702692406,0.5659746726590397,0.5249513941967777,1.010544384290007e-9
2.54,0.08281293749868955,0.022981472700105036,0.018119389298424698,0.004945608317381154,0.05906828227821623,0.05047083627626865,0.05943026690514119,0.06925092668066746,0.04645076905834181,0.17302101535585632,0.5281611344099435,0.5130702155051201,1.4730743994370975e-9
2.55,0.08504174732829535,0.021758432078206127,0.017543160373678472,0.005332762224679489,0.06103694968128368,0.050899295934249515,0.06302706532185516,0.06625964296017774,0.04510764826432411,0.17896128390065413,0.4848575482739291,0.4982231836067998,2.139199239322232e-9
2.56,0.08733054287277363,0.019999525463523096,0.016802431018549255,0.005734259436316351,0.064090537152391,0.051729968799571466,0.06667513808774124,0.06119096352278781,0.04266890631142067,0.18482395974927573,0.45481600406085576,0.48522833874088606,3.094824607620902e-9
2.57,0.0896809385749274,0.01845323348428998,0.016042962563791587,0.006149351415082769,0.06666086844532082,0.05223485532277011,0.07036445145435215,0.05620644577034459,0.03979385545265542,0.19061048803008054,0.44604493968385484,0.47780781513804366,4.46046475367096e-9
2.58,0.0920945923283308,0.017530503751030758,0.015420500367669773,0.006577255175721759,0.06672943497711777,0.051851348619684164,0.07408532198318138,0.05259518514844845,0.03731414243954228,0.19632546603917364,0.45893048759173904,0.47670039570187295,6.404489011064403e-9
2.59,0.09457320664675382,0.017333964897804224,0.015021213423117049,0.007017176865565558,0.06355190449815785,0.050418477371892326,0.07782861981471871,0.05076917013392518,0.03591694664483024,0.2019767509886465,0.48703624830949854,0.47935222257579324,9.161154841118599e-9
2.6,0.09711852986506088,0.017762843127850078,0.014820561003523719,0.007468337419104843,0.0586689270548793,0.0482372633327859,0.08158596928403401,0.050770117069510796,0.03589115767750777,0.20757555661311883,0.5144080115181623,0.48130301968283024,1.3055046373942285e-8
2.61,0.09973235737242998,0.018470241369804498,0.01469970753217608,0.007929999808690401,0.054241199601224546,0.0459340337601101,0.08534994318166421,0.05249249283260925,0.037027740421495134,0.21313654450830738,0.5197394413299806,0.4785090867651517,1.853404396086835e-8
2.62,0.10241653287876254,0.018833150908406687,0.014508714736792522,0.008401497349908176,0.05150929532937041,0.04418931149405278,0.08911424720570268,0.05550041870396487,0.03870636036614442,0.2186779164346792,0.49499591918765096,0.46938292517702873,2.6213600732713298e-8
2.63,0.10517294971517707,0.018322286547037166,0.014142738209173623,0.008882262470216897,0.050808301276937945,0.04344965764606264,0.09287389151139636,0.058582102621748615,0.04013204422662509,0.22422151386638123,0.45464875358187734,0.45551108718259514,3.693593265528804e-8
2.64,0.10800355216950412,0.017056275771667493,0.01359252397729895,0.009371855315320986,0.05197880451626049,0.0437436254701021,0.09662534672571468,0.059785160027784584,0.04063203225299725,0.22979293077358806,0.4190601734595939,0.44072564630086863,5.1848782631190754e-8
2.65,0.11091033685772442,0.01563693589956398,0.012945164836035984,0.009869991551068212,0.054514455328648334,0.04467619809252172,0.10036668233943717,0.05790847715237295,0.03990250198954669,0.2354216449772712,0.4000052008875149,0.42906510436426765,7.250974893181417e-8
2.66,0.11389535413231751,0.014559862617978115,0.012336986725697335,0.010376568720404392,0.05740924734867024,0.045599965411159786,0.10409768599784701,0.05388449359870606,0.038114840796301806,0.24114117240117383,0.4006562113643889,0.422715521616764,1.0102383544175443e-7
2.67,0.11696070952851464,0.0140300603189273,0.011884096619762174,0.010891690535426159,0.05896637186157517,0.045888073158961054,0.1078199628596977,0.04965309245973673,0.035844406740855206,0.24698924716891277,0.41811189662547277,0.42099230756255407,1.4022395836994996e-7
2.68,0.1201085652494755,0.014060236645715107,0.01162592047773347,0.011415688523507264,0.057682060030784216,0.04519353926087089,0.11153701485730486,0.046514501371377595,0.033851079997540945,0.2530080287678904,0.4420797158523485,0.4208422797645864,1.9390671540201795e-7
2.69,0.12334114169143684,0.014513492554092648,0.011508916203191121,0.011949140502835074,0.05393332116509349,0.04358771153759004,0.1152543003418325,0.04493933629870663,0.0327949918118642,0.25924433545064757,0.45467381284506586,0.4185366823139037,2.671388853007713e-7
2.7,0.1266607190099087,0.01503973875124724,0.011416567979249559,0.012492885434850052,0.04962328852147053,0.0415230631180348,0.11897927521045928,0.04501675032598029,0.0329927252247462,0.2657499007043185,0.44209781727016506,0.4116207943699127,3.666539880544518e-7
2.71,0.13006963872802269,0.015121648071453221,0.011228809012135884,0.013048034286850406,0.046355998623350166,0.039639477575299724,0.12272141716028692,0.04669985410223613,0.03430234682873097,0.27258164703758514,0.4095870528147981,0.40009504738723106,5.013629198661278e-7
2.72,0.13357030538816717,0.014475880410274021,0.010880503000670342,0.013615976634750945,0.04480365530320219,0.03849731785213195,0.12649223517363142,0.04968337483289287,0.036177573573710334,0.2798019685711768,0.3747544273257889,0.38625441646204467,6.830083175596983e-7
2.73,0.13716518824807428,0.013365730557586993,0.010390606138631967,0.014198382840666313,0.04503119277563657,0.03834852737747422,0.13030526668933684,0.05299500213251749,0.03786994555784003,0.28747901104354767,0.3511622992175353,0.3733463054647014,9.26999047667786e-7
2.74,0.14085682302255473,0.012278151022978153,0.009849303066999675,0.014797201749379995,0.046763522790626365,0.039038495816427,0.13417606513705072,0.054847459044454205,0.03870444529253217,0.2956869349403146,0.343939104789714,0.3638202922838038,1.2534692085123775e-6
2.75,0.14464781367210974,0.01152598067504906,0.009371391144576193,0.015414653958520845,0.049390507980313324,0.04007571928061887,0.13812218059207332,0.05379882055647724,0.03832730497402459,0.3045061446179707,0.3520693175234478,0.35811386852485433,1.6886154345190752e-6
2.76,0.14854083423968095,0.0112125097762723,0.009040023211450825,0.016053220826074886,0.05177700838277497,0.040837246779238,0.14216313623802215,0.05035478208786292,0.036834920143237276,0.3140234636232518,0.36849178681231004,0.354576227492798,2.2663772542777085e-6
2.77,0.15253863073683438,0.011317926124868122,0.008868275564540545,0.016715629482539542,0.05232993541684023,0.04082366598442382,0.14632040309860236,0.046345120064026905,0.034736860209221086,0.324332234022558,0.37938010321906085,0.3504876783900943,3.030537921346875e-6
2.78,0.15664402308070874,0.01170634060845095,0.008796013760453922,0.017404834210649592,0.05022896409966819,0.039859290495572484,0.15061737511871848,0.043195797921403586,0.03276759252688121,0.335532315571702,0.37151840983957896,0.3435507934022311,4.037337634157036e-6
2.79,0.16085990708309433,0.012070596133751261,0.008721757951468762,0.018123994640585693,0.04649128340150405,0.03815773573754236,0.15507934614468435,0.041488975725733734,0.0316170798745163,0.34772995910089005,0.3457413588784131,0.3330238196571905,5.358707482103078e-6
2.8,0.16518925649304553,0.012015443038882119,0.008552624624655227,0.01887645128073316,0.042871455674288586,0.036229353554441845,0.1597334896841257,0.04136389051560488,0.03167904374382297,0.3610375276911831,0.3154466477429535,0.31992640028290315,7.0862508469872245e-6
2.81,0.16963512509446788,0.011402454652854872,0.00824776423972291,0.019665698961655414,0.04047758211726027,0.03467134516806836,0.1646088415341056,0.04281247237681762,0.03290787128516184,0.3755730392028634,0.29276075368608123,0.3062980243333235,9.336119337866273e-6
2.82,0.17420064886015899,0.010501546027462382,0.007835122921913884,0.02049535881271331,0.03965340910944047,0.03392736323200917,0.16973628447155262,0.04563456038491391,0.03483513437292548,0.39145950460270795,0.2826416015589287,0.2940042915905944,1.225495254674841e-5
2.83,0.17888904816382306,0.009676617585709476,0.00739503655970912,0.02136914941588986,0.04032318909100309,0.03411315026537654,0.17514853322831514,0.04908448032608871,0.03673931567572665,0.4088240384336303,0.28407401771172347,0.2837802517534461,1.6027074782784617e-5
2.84,0.18370363005161885,0.00913127424685096,0.007020110749764947,0.022290857789496663,0.04217742061403,0.03497587355334126,0.18088011695329975,0.051563530480209264,0.03790738163293289,0.42779672076572356,0.29061467539002317,0.2749923181713643,2.0883167147234397e-5
2.85,0.18864779057484382,0.008922378180534814,0.006771411920129684,0.023264310845569024,0.044631494440095586,0.03600028560784208,0.1869673553291845,0.05138076474496447,0.03789332166651429,0.44850919412673756,0.29139423283537363,0.2661467295508256,2.7110659373089867e-5
2.86,0.19372501718539947,0.00902462088430933,0.006651577021706519,0.024293347939272455,0.046566825157457144,0.03661678213335722,0.19344832349740274,0.04849312030669005,0.036679259133557525,0.47109298426480195,0.278645674187045,0.2557581603517792,3.50661121186726e-5
2.87,0.19893889119572794,0.00932557989485676,0.0066064060130193464,0.025381795087207733,0.04655224170417602,0.03642733051238746,0.20036279999152556,0.044551604281094954,0.03468018139826361,0.4956775401405533,0.255846755728018,0.24305111808806631,4.518988602145937e-5
2.88,0.2042930903049545,0.009582613548268367,0.006552644762840227,0.026533441375012453,0.04419762161735972,0.03535982567690864,0.20775219102693818,0.041168291276258304,0.03259109809932686,0.52238799622826,0.23286094259475681,0.22814688766385993,5.802341771441462e-5
2.89,0.20979139119301846,0.009500539301067914,0.00641770380774113,0.027752018004199304,0.04072452853461644,0.033691326337055016,0.21565942378630124,0.03910490583881217,0.03113344023669648,0.551342668924344,0.21637859859912706,0.21174066560103083,7.422944387318015e-5
2.9,0.21543767218462168,0.008998517780711346,0.006172382050484477,0.029041180344981044,0.03765006587286413,0.031933543857903875,0.22412880081852898,0.03857097137956245,0.03079361281131483,0.5826503084602916,0.20721754713987858,0.1945637610960077,9.461553064293614e-5
2.91,0.22123591598487422,0.008296639426875781,0.005841972685491163,0.03040449326725774,0.03578677678145381,0.030628390934856007,0.2332058073761385,0.039583092278672904,0.031648050687517464,0.616407137982568,0.201314563746154,0.17699114340457991,0.00012016127568518099
2.92,0.22719021248856647,0.00766490071874778,0.00549188569301918,0.031845419917449,0.03533034796046088,0.030135571393652305,0.24293686349203997,0.042010865341672074,0.033336789801411526,0.6526937221251147,0.1922122552911339,0.15899442721099488,0.0001520495515459629
2.93,0.23330476166504943,0.007247038659652946,0.005195787693027482,0.03336731399602231,0.036168508326523664,0.03049522520342866,0.253369012879011,0.04530278943290738,0.03519399632075865,0.6915717181375735,0.17656340632303355,0.14039265127874165,0.00019170214982340398
2.94,0.2395838765207582,0.007080721731563784,0.005001735847909841,0.034973415471101936,0.03801294061632743,0.03141739344603474,0.26454954135511116,0.0481050415818894,0.036487909856961785,0.7330805730740173,0.1571568027436716,0.12118495325713884,0.0002408201632751974
2.95,0.24603198614146787,0.007146702376110696,0.004911753720392691,0.036666849539315725,0.04029958530082001,0.03239979264847697,0.2765255184811828,0.048640288500678586,0.036683514852374255,0.7772342402840103,0.13861407126359296,0.10174553476087574,0.0003014294050124824
2.96,0.2526536388164285,0.007364760154452269,0.00488328488669973,0.03845062851811762,0.04192129764476964,0.032925818126452754,0.2893432574588512,0.04634062524505789,0.03563307605040511,0.8240179970453546,0.12305895647481353,0.082787583873953,0.0003759311076947555
2.97,0.2594535052465819,0.00755934662783611,0.004850599864850872,0.04032765622651636,0.04160726118696241,0.03266459981645055,0.3030476900849528,0.04252274769107034,0.0336262088423286,0.8733854521906441,0.11009013603115295,0.06515277962567376,0.00046715806865359525
2.98,0.26643638183912416,0.007508570288095214,0.004755395976056005,0.04230073428601802,0.03923952127226021,0.0315955292523341,0.3176816556846646,0.03888989141852651,0.031282998629667616,0.9252558375693658,0.09864696048599439,0.04956268319202582,0.0005784363067966053
2.99,0.2736071940907369,0.007139325758609858,0.004572369038161011,0.04437256965352388,0.03606954125558625,0.030010462471078282,0.3332851054302772,0.03637570552214839,0.029330982917991535,0.9795116797430108,0.08839162443806775,0.036451722263489195,0.0007136521719664928
3.0,0.28097100006187453,0.006607054706094959,0.0043186476621411025,0.04654578258607655,0.033405285835862046,0.028395368769971032,0.34989422625960903,0.0352657282450084,0.028347627428870415,1.0359969480697235,0.07954140148378465,0.025927409111351586,0.0008773246956249256
3.01,0.2885329939445573,0.006115681292080283,0.004043851788784556,0.04882291413717357,0.03187609949769016,0.027239949145813302,0.36754049168519987,0.03559635267719738,0.02855985840525057,1.0945157720047671,0.0721929930867346,0.017831655294324452,0.001074682792421857
3.02,0.29629850972618743,0.005777395482205894,0.003806343182957983,0.05120643219955535,0.0315964171447936,0.02685019070607702,0.38624965006340717,0.03730178063228543,0.029769587086271018,1.1548318138210898,0.06618884632799525,0.011844944486920393,0.0013117467153573796
3.03,0.3042730249519724,0.005623400469523596,0.003646993097082996,0.05369873504379506,0.03243203149141516,0.027235382714542962,0.4060406642856686,0.04006388797070895,0.031428772316105726,1.2166683729471146,0.06127288760861982,0.007583426072458443,0.0015954129338186808
3.04,0.31246216458860926,0.005643578906119734,0.0035721618726559734,0.056302151259599933,0.034109173291489374,0.028110537843229436,0.4269246202610275,0.042945137615209475,0.03283554611773648,1.2797092847574483,0.057202935740043245,0.0046657350598841695,0.0019335413459413346
3.05,0.3208717049919553,0.005788734944261544,0.00355279006880883,0.05901893499135774,0.03612348631020987,0.029010295776589246,0.44890362486449825,0.04433908626932331,0.03338143321739363,1.3436006601027428,0.05378534688062812,0.002749365266768893,0.002335043458007216
3.06,0.3295075779814838,0.005944007448420539,0.003539012578869263,0.06185125537477872,0.037493353328828104,0.029468490967042977,0.4719697171039718,0.04311357532800641,0.032762556781360745,1.4079534924347297,0.05087424560508961,0.0015463492414645552,0.002809969868925365
3.07,0.33837587502439875,0.005944765928524319,0.0034829776538033964,0.06480117913076605,0.037117903048392006,0.029193988459053112,0.4961038189756394,0.03989146330182489,0.031081303947704888,1.4723471375190786,0.048361500653865165,0.0008274652995290428,0.0033695950937742366
3.08,0.3474828515323602,0.0057062712489986565,0.0033594491390588604,0.06787064535856464,0.034948390936415816,0.028176480089355607,0.521274754698452,0.03628179598080457,0.02880483097597943,1.536333647013191,0.04616674203918449,0.00042008777327050885,0.004026497455026864
3.09,0.3568349312738503,0.005317472351901211,0.003175394261073933,0.0710614316946882,0.03211856598418935,0.026684098656331916,0.5474383686080531,0.033432813078869576,0.026598190824952187,1.5994429123180303,0.04422958670742601,0.00020186713910910455,0.0047946314730931226
3.1,0.36643871090529323,0.004932908669680982,0.002965093110379126,0.0743751111680291,0.02976383990950919,0.02515671092062032,0.5745367728247207,0.03177629655967401,0.025093236417195835,1.6611885498905408,0.04250403505686184,9.164664880392355e-5,0.005689389910296226
3.11,0.37630096462412455,0.004648919249533568,0.002773785604142144,0.07781299928466587,0.02839960504977577,0.02403796313386302,0.6024977557771539,0.0313944551017451,0.02467426427474337,1.7210744344944238,0.040954529866009594,3.925247782210517e-5,0.006727652376694054
3.12,0.3864286489470924,0.004496691545630001,0.0026376081124331297,0.0813760911166825,0.028082699760521003,0.023610535445578444,0.6312343816742105,0.03226897274346394,0.0253523921268423,1.7786017635784257,0.039553192310777016,1.584453430395693e-5,0.007927817205561034
3.13,0.3968289076171607,0.004474241383286858,0.002568645110902471,0.08506498844480649,0.028683281628635277,0.023895415036684128,0.6606448090065138,0.03427717031776303,0.026768390407799422,1.8332765150110077,0.038277870200701565,6.027884887150075e-6,0.00930981316474724
3.14,0.4075090766424759,0.00455597936694001,0.002551144474713807,0.08887981731044281,0.030028943414058856,0.024650203975770484,0.6906123530978421,0.03694877617553969,0.02832013098265169,1.884617142637829,0.03711074434796142,2.1758248125002502e-6,0.010895087501532341
3.15,0.41847668947095096,0.00467594326357283,0.0025497927583329454,0.0928201366627439,0.03177419417006125,0.025464189605301096,0.7210058136179689,0.03915706391635724,0.029369792297760516,1.9321623403571213,0.03603732076376876,7.901918105857537e-7,0.012706566836576007
3.16,0.42973948230411807,0.004720589345100032,0.002525775802946709,0.09688483913331788,0.033085425202433585,0.02591285095825051,0.7516800828596135,0.03946413587935029,0.029459936780901107,1.9754786963045086,0.03504569253943505,4.0772756616282787e-7,0.014768587539686608
3.17,0.44130539955399567,0.004597298652819505,0.002453338837288955,0.10107204532626578,0.03292072253893826,0.02571382716797067,0.7824770445601079,0.037463457162701955,0.02846515394868053,2.014168054829386,0.034125992897700325,5.221068971316291e-7,0.01710679244725393
3.18,0.45318259944682193,0.004332321531372947,0.002329825684937696,0.10537899336454062,0.031112678278736913,0.02482716795945325,0.8132267662428145,0.034258401959637724,0.026628759301272592,2.0478744055766263,0.03326998602561648,1.1024797711126126e-6,0.019747991126832436
3.19,0.46537945977760503,0.004035625174461361,0.0021753863441495986,0.1098019257742649,0.028608968121641622,0.023464460773305648,0.8437489806341736,0.031212894717816263,0.024474494528339674,2.076290126303707,0.03247075923577776,2.4338175491044357e-6,0.02271998136399656
3.2,0.47790458381955053,0.00379448085512645,0.0020231421890789694,0.11433597610515876,0.02643643062006477,0.022005900423014195,0.8738548438857526,0.02905428754482129,0.02262633906983055,2.0991614189926793,0.03172249165658433,5.116170827978474e-6,0.026051330142053658
3.21,0.4907668063925336,0.003643762012395238,0.001904547257129933,0.11897505796585923,0.025070043291710836,0.02085824201058543,0.9033489503337577,0.027994143103978852,0.021599433650438725,2.1162927970666234,0.031020282947191342,1.0119583822430185e-5,0.029771113104119812
3.22,0.5039752000948974,0.0035879209476462936,0.0018363651283341855,0.12371175938599813,0.024564675092587793,0.020307028714647908,0.9320315756208752,0.028053348076266596,0.02163198032105244,2.127550504584377,0.030360031691979254,1.8807627812192906e-5,0.03390861232242895
3.23,0.5175390817029714,0.003616088619391464,0.001814563696818406,0.12853724559137344,0.02484977007792507,0.02041655989991428,0.9597011124607708,0.029201016007487857,0.022611641827888936,2.132864775460991,0.029738357709244056,3.283967035430746e-5,0.03849297313962945
3.24,0.531468018742827,0.003696430636577672,0.0018171994493023126,0.1334411733842321,0.025863433416662533,0.021011995073659466,0.9861566564207662,0.031281531059391965,0.024117837252984456,2.132230871167055,0.02915256486993095,5.3872696252701586e-5,0.04355282187426043
3.25,0.5457718362389021,0.003761593102432622,0.00181451405061516,0.1384116203488701,0.02737949225762109,0.021747662956599974,1.0112006931018311,0.03374655642454636,0.02556407329112599,2.1257088679819427,0.028600637270051577,8.303820169861842e-5,0.049115847275704026
3.26,0.5604606236442581,0.0037281468453457677,0.0017816190010047708,0.14343503204648594,0.02870743260085482,0.022234994052856248,1.0346418332562162,0.03544297645504437,0.02639275799161998,2.11342219860147,0.02808123835775154,0.0001202783438551187,0.05520834974619462
3.27,0.5755447419573548,0.0035718112932295776,0.0017083881235196762,0.14849619021775182,0.028866073564746565,0.022182912999557325,1.0562975389195768,0.03518673623810529,0.026258073528750484,2.09555498656551,0.027593601674141502,0.00016375830631237774,0.06185476348838705
3.28,0.591034831030367,0.003354321061409471,0.0016026796832188566,0.15357820477458273,0.02751022727038866,0.021499997887177373,1.0759967817225766,0.032991927488600276,0.025136456807023026,2.072348244409751,0.027136981040359092,0.00020965712130237255,0.06907715785277141
3.29,0.606941817074193,0.0031525730580503463,0.0014860037848352977,0.158662532034524,0.025351152574862933,0.020322530198755517,1.0935825743123408,0.030040641624498494,0.023328885145083245,2.04409503653956,0.02670893234117573,0.0002525946666537239,0.07689472521383067
3.3,0.6232769203654532,0.0030073649362485403,0.00138390191699989,0.16372902123533026,0.023324767543369405,0.018960284450210942,1.1089143173237455,0.02744839216943516,0.02135634277241557,2.011134734547858,0.02630186484867888,0.0002867431429836863,0.08532326366020522
3.31,0.6400516631609124,0.002929392684128301,0.0013153043394590208,0.16875599086990462,0.02190968823126986,0.01778194264458949,1.1218699075992231,0.025723856776828553,0.019785791912298872,1.973846515165975,0.02590086922440271,0.0003073580320068117,0.09437466360547793
3.32,0.6572778778249094,0.002915984059463265,0.0012852456986910568,0.1737203358118886,0.021196236405046993,0.01708294098774928,1.1323475583018192,0.02498960700552823,0.0190455638747759,1.9326422685317013,0.025491541410786325,0.0003121976337531367,0.1040564080774935
3.33,0.674967715175526,0.0029547392839062046,0.0012836542515121583,0.17859766557170279,0.021173704916046244,0.01698307748354763,1.1402672880747715,0.025247474533310537,0.019289859512942095,1.887959096468282,0.0250745145435461,0.00030224704935396385,0.11437109689359065
3.34,0.6931336530553844,0.003013496265012904,0.0012902991592156539,0.18336247334602723,0.021842168397255522,0.01738882849141528,1.1455720442840778,0.026462871126595126,0.020353910390109652,1.840251586696899,0.024663585723371642,0.00028139364567092434,0.12531600514963448
3.35,0.7117885051331152,0.0030345287226500547,0.0012835067656053751,0.18798833481699806,0.023072243396368514,0.018031531000848054,1.1482284343973017,0.028465429794888565,0.021811769840837113,1.789984049284816,0.024270846891765518,0.00025513118461821977,0.13688268642122178
3.36,0.7309454299417082,0.002968714795513095,0.0012489081481329189,0.1924481349389366,0.024367809370238948,0.018565998383833156,1.1482270494140758,0.030687541669427765,0.023116781302936446,1.7376228963174223,0.023900975895075647,0.00022879050100800004,0.14905663078204065
3.37,0.7506179401601183,0.002827645619380853,0.0011847138944974572,0.19671432023940225,0.024882293092763644,0.018693565068930603,1.1455823736491184,0.03202849871566339,0.023779135225916095,1.6836293351414153,0.023553861404166355,0.0002059916969885259,0.16181698718140328
3.38,0.7708199121446745,0.002667575241339003,0.0011016326919135767,0.20075917347766484,0.024080061263289692,0.018265758203849555,1.1403322857326015,0.03151242998531906,0.0235230087751747,1.6284525301146597,0.023226953797064222,0.00018789046456613683,0.17513635889357584
3.39,0.7915655957170163,0.0025338985379917186,0.0010178183114141575,0.2045551068670429,0.022347300145631126,0.01733252260679521,1.1325371660830859,0.029348745818813197,0.022372253903327966,1.5725233683305362,0.022915141217741436,0.00017342228757038028,0.18898067966790055
3.4,0.8128696242154594,0.0024447679714189553,0.0009511865738559404,0.20807496949703802,0.02049543756760548,0.016119501712447835,1.1222786359789292,0.026665132187237692,0.020637529963781334,1.5162489420996494,0.022610518203791015,0.00016032458104290844,0.2033091768921234
3.41,0.8347470248168819,0.002402940064529097,0.000912324186609857,0.21129236410453417,0.019035166000502327,0.014944588709593533,1.1096579623795775,0.024396227949049012,0.018811173448323754,1.4600078359912372,0.022306476168439986,0.00014643756185871311,0.21807442656161555
3.42,0.8572132291364124,0.002404880757422591,0.0009007479919835988,0.2141819679562885,0.018125081019028294,0.014105040468360062,1.0947941705367092,0.02293071868458533,0.01740652044726568,1.4041462799232725,0.022003593322805166,0.00013075463363155593,0.23322250316180262
3.43,0.8802840841123949,0.002438783901052701,0.0009057603874540505,0.21671985233079433,0.017811001496444424,0.013775365678720232,1.0778219129402482,0.022348593583173846,0.016794870345995597,1.348975203106426,0.021707592927154285,0.00011388357220607386,0.2486932257641122
3.44,0.9039758631843098,0.0024756553138323067,0.0009112607808688299,0.21888379493661528,0.01812159664566036,0.013950673038306188,1.0588891480739346,0.022644286835491013,0.017091354885519598,1.2947681975146859,0.02142295800268238,9.786363249291456e-5,0.26442049975601645
3.45,0.9283052777715349,0.0024718127035482872,0.0009023709086086717,0.22065357958334053,0.018999668227315615,0.014453257214080042,1.0381546856795947,0.023786085103007684,0.01812346614678847,1.2417603748201291,0.021151121941186492,8.551598951518956e-5,0.28033275172539623
3.46,0.9532894890610437,0.002402845874943509,0.0008711642873552493,0.22201127753364902,0.02015294193699704,0.014998239750581423,1.0157856566839116,0.025616856250407088,0.019489845324835543,1.1901480781314924,0.020891888728773924,7.960101401327594e-5,0.29635345315173034
3.47,0.9789461201123547,0.0022907480291018273,0.0008193162913758637,0.2229415052099326,0.020954171267246302,0.015294257073898577,0.9919549656294124,0.0276149259692528,0.02068973303215633,1.1400893900259919,0.02064474419495006,8.202380227998393e-5,0.3124017267739374
3.48,1.0052932682882711,0.0021765453382354004,0.0007568395285704193,0.2234316533021321,0.020759862044264246,0.015143763337598471,0.9668387814400393,0.02878316641780429,0.021282106914916842,1.0917053617263357,0.020409425213262333,9.324272777446901e-5,0.3283930278565923
3.49,1.0323495180201794,0.002086286000948322,0.0006976569808528802,0.2234720828165601,0.019562766753044823,0.014508329156432445,0.9406141187694612,0.028264148724037708,0.021024030418633037,1.0450818751614532,0.020186028816591456,0.00011196967786771286,0.344239891107385
3.5,1.0601339539169086,0.0020286640203595156,0.0006539473646474105,0.2230562842068812,0.017958290534121887,0.013517274623133374,0.9134565572086297,0.026279788765249206,0.019944075730974713,1.0002720402162706,0.019974736696655674,0.00013522698745013296,0.35985273274729335
3.51,1.0886661742264014,0.0020042655932651626,0.0006315362416306789,0.22218099642313016,0.016496766603201537,0.012418435420245788,0.8855381394934939,0.02385082793930897,0.01832806042931257,0.9572990237307277,0.01977483073836029,0.00015880695558048073,0.37514069623118534
3.52,1.1179663046596873,0.002009715879080872,0.0006280385319100232,0.22084628348504753,0.015440125828286532,0.011490103502683464,0.8570254828130245,0.02180230727932206,0.016623691217562596,0.9161592046224294,0.019582602569401187,0.00017811199320430534,0.3900125293817475
3.53,1.1480550125869122,0.0020346558093475953,0.0006342794064628665,0.21905556701238385,0.014886247529735112,0.010945741688932937,0.8280781296516597,0.02046885888182245,0.015297063103024026,0.8768255506324735,0.019389637886326503,0.00018922723089285807,0.4043774802452822
3.54,1.178953521615437,0.0020556927809856963,0.0006382297863402712,0.21681561400583907,0.014866736814724866,0.010863979602548406,0.7988471565983998,0.019914099130016773,0.014687800464319322,0.8392511162842811,0.019186819550329772,0.0001899500236755402,0.4181461988058454
3.55,1.2106836265602887,0.002042101214320639,0.0006297837921570457,0.21413648004584585,0.015361583422093816,0.01116636017838409,0.7694740515030088,0.02012980064480338,0.014907400290104594,0.8033725682788294,0.01897369768774931,0.00018046059723510828,0.4312316317966005
3.56,1.2432677088175217,0.0019826988019361973,0.0006044935412543157,0.21103140894020347,0.016239140822692736,0.011648538924462791,0.7400898615303848,0.02109097588518658,0.01580990759767754,0.7691136532552204,0.018758913581532588,0.00016341474915966192,0.44354989820751517
3.57,1.2767287521513344,0.0018981927306188162,0.000564899074961222,0.2075166906838804,0.01713446552668018,0.012052811950734614,0.7108146073045817,0.022675364637047925,0.017041615370713442,0.736388533124862,0.01855092511283152,0.00014343648136564625,0.45502113368222097
3.58,1.3110903589060794,0.0018167455585116718,0.0005191043590062161,0.20361148037462526,0.01747226065637546,0.01215645734079954,0.6817569516593691,0.024456979247595077,0.01815335516212277,0.7051049245393592,0.018353549511217263,0.00012618044394530574,0.4655702927932897
3.59,1.3463767666545972,0.0017539829240864565,0.000477330495267604,0.19933758143766606,0.01690370703498729,0.011845617395406773,0.6530141056979697,0.02557927706914942,0.018740576766963085,0.6751669909919332,0.01816754819084414,0.00011722102049856164,0.4751278991489734
3.6,1.382612865294621,0.0017144295069158612,0.0004478980839257304,0.19471919713544522,0.01568001927785334,0.011150055235091192,0.6246719500427955,0.025237318849968313,0.01856771537563776,0.6464779481302187,0.01799281493248161,0.00012098534052512441,0.48363073437749265
3.61,1.4198242146053115,0.0016978857731466436,0.0004342000787774024,0.18978265486051193,0.01432746079773115,0.010228279671468261,0.5968053454124833,0.0235400607367526,0.017637904564566983,0.6189423546728731,0.017829475905717696,0.00013985205293609132,0.4910224582180992
3.62,1.4580370622763017,0.0017016248128099401,0.0004337355781635479,0.18455610812106618,0.01321459438689387,0.009310037321808226,0.5694786040382438,0.02136809585892885,0.016186753721781234,0.59246807253069,0.017678256093282697,0.0001734885527376486,0.4972541531833823
3.63,1.4972783624219754,0.0017177835348681446,0.0004394229374252316,0.1790692214222582,0.01249483129752016,0.008617425405949796,0.5427460919201147,0.019483596013793028,0.014604052310497837,0.5669678900563841,0.017540403154209884,0.00021854184609389473,0.5022847885089806
3.64,1.5375757945940318,0.0017292331122190602,0.00044254399604936543,0.17335284341872229,0.012204874867540053,0.008291892120296712,0.5166529314813681,0.018209257140085776,0.013310488758893032,0.54236081157491,0.017416911943082643,0.00026887521142481794,0.5060815993437854
3.65,1.5789577833057515,0.0017148308125759122,0.0004361076928153369,0.16743867376496024,0.012338673539562873,0.008350817022129356,0.4912357747255147,0.017608730492541382,0.012629269102484773,0.5185730243335763,0.017306170744268344,0.0003165335029528258,0.508620378329589
3.66,1.6214535180817358,0.0016687266139437538,0.0004173456866069852,0.16135892902341287,0.01285398447553543,0.008686414308295708,0.46652361842542134,0.017673486257624906,0.012691508486956934,0.49553856067686763,0.01719957003681322,0.0003534402566594269,0.5098856778539069
3.67,1.6650929740472564,0.0016066855922094632,0.00038846324948581387,0.15514601281178672,0.01360261046244413,0.009105525418292848,0.44253863504564067,0.018386075462686596,0.01340182182633357,0.47319967857058487,0.017079708139430147,0.0003735182582381631,0.509870922319615
3.68,1.7099069330717485,0.0015479507136381071,0.00035548340708827647,0.14883219509057452,0.014234807092166978,0.00939587093686272,0.41929699586969754,0.01966984150903018,0.014472019034505424,0.4515069875991702,0.016931869916426725,0.0003746412780248269,0.5085784307528163
3.69,1.7559270054813492,0.001502619952527825,0.0003257497475809328,0.14244930512025553,0.014297155342986388,0.00939624550281123,0.39680966601817264,0.02122595999171159,0.015511462008566306,0.4304193503056089,0.016760938702974702,0.00035974835390134677,0.5060193509645109
3.7,1.803185652355807,0.0014733944724820089,0.0003051132335972132,0.13602844216875026,0.013636956705826705,0.009047428236146245,0.37508315454430896,0.022376916101896713,0.016146657869742724,0.4099035903340134,0.016585941700032563,0.00033665624379991516,0.5022135072961887
3.71,1.8517162084254837,0.0014599821404997053,0.0002958669466766893,0.12959970753806832,0.012565853224324753,0.008407640294946204,0.3541202064300405,0.02234972836879143,0.016133863451160958,0.38993403939307375,0.01642218519029536,0.00031650189126207663,0.49718916472211055
3.72,1.9015529055846012,0.0014605255845759502,0.00029613410568492086,0.12319196092034419,0.011503356127592705,0.007628873829856779,0.3339204269357533,0.02104764144143391,0.015430173389068503,0.3704919547206159,0.016276261917136357,0.00031115087595277445,0.49098271276294864
3.73,1.9527308970373196,0.0014697691120796304,0.0003008288753999085,0.11683260350350466,0.01069146017383726,0.006903748796484929,0.31448083225603873,0.019161227596259486,0.014201573314840907,0.3515648376395086,0.016150215063177095,0.0003301720693015396,0.4836382732985918
3.74,2.0052862820936777,0.0014761008830708443,0.00030372797749117833,0.11054738964141232,0.010206217387861016,0.006401794774161493,0.29579632369357467,0.017416294251370285,0.012767040306089232,0.3331456820969484,0.01604536011793532,0.0003780752513796253,0.4752072369648996
3.75,2.059256131632885,0.0014648303261505446,0.0002998194629558016,0.10436026829762059,0.010053288240735763,0.006216229327617972,0.27786008549747665,0.016160556238559467,0.011498359505826573,0.31523217991172703,0.01596376594031438,0.0004524947867643288,0.4657477333908473
3.76,2.11467851425193,0.0014314186431368561,0.0002870501993685829,0.09829325487994327,0.010220313645022436,0.006337484633145801,0.2606639090560216,0.01547518086993072,0.010708143894964522,0.2978259069469166,0.015907642703252126,0.0005439119773050217,0.4553240410873932
3.77,2.171592523117942,0.0013864572571149086,0.0002668725889710044,0.09236633351763035,0.010669142027989157,0.006660363358908978,0.24419844824362671,0.015354569117437876,0.010559793479926013,0.2809315116956953,0.015875705812072,0.0006372869809521548,0.44400594334232524
3.78,2.2300383035432567,0.0013433793165823994,0.00024347357046805476,0.08659738930514245,0.011271031873794416,0.007021053527850487,0.2284534123766343,0.015785400956445917,0.011024214684446513,0.2645559249187814,0.015855034087975076,0.0007155387016915629,0.4318680370071002
3.79,2.2900570813026295,0.0013093570286410914,0.0002220622174755254,0.08100216955559661,0.011735179585083863,0.007251272112552292,0.21341770442953412,0.01673060440804763,0.01189350641984878,0.24870760609121934,0.015813898797447292,0.0007642032112691212,0.41898900157812835
3.8,2.351691191712569,0.0012863248679993446,0.0002069088657433258,0.07559427268022646,0.011713849313448875,0.007231868317935286,0.19907951291797016,0.01801928284905847,0.012845980443781817,0.23339583957714016,0.01571662535704081,0.0007760399824227451,0.40545083646763197
3.81,2.414984109493312,0.0012741140788653362,0.00019986421791209563,0.07038516294298429,0.011131697747090023,0.006928789048857078,0.18542636619705097,0.019183848250534194,0.013543057891621168,0.21863009071244446,0.015561156472884898,0.0007541484422948405,0.3913380748151269
3.82,2.4799804794344906,0.0012716209527028543,0.00019985505771655338,0.06538420903506198,0.010267855267913677,0.006400448579474996,0.1724451578947759,0.019530395684548688,0.013729519566927263,0.20441942938285929,0.015382885774896864,0.0007124809454790397,0.376736982593202
3.83,2.546726147886133,0.0012757478107731429,0.00020346473415004372,0.060598744174082536,0.009446799721614555,0.005775314593629771,0.16012215185111353,0.01872593198647448,0.013307137830972735,0.19077202627257084,0.015218035053550835,0.000673384503225334,0.36173475209148864
3.84,2.6152681950972054,0.0012792381595629842,0.0002063129381727665,0.056034145256735224,0.008836535797109782,0.005208374844092461,0.14844297431941167,0.017190202336291587,0.012359592884745831,0.17769472475066808,0.015084815841243208,0.000662644494485267,0.34641869909970285
3.85,2.685654968424505,0.001271888207454786,0.000204686079478607,0.051693928479833985,0.008481230124441064,0.004831469766584124,0.13739260036710735,0.015597543617020126,0.011122160450724302,0.16519268937455425,0.014989510139243713,0.0007031281273567451,0.33087547323369687
3.86,2.7579361164353324,0.001249049215854894,0.0001968176655703832,0.04757985878995852,0.008379732469917122,0.004713335073636788,0.12695534044598314,0.014350225305691914,0.009907478514518807,0.15326913022995514,0.014935492228339052,0.0008084398255585483,0.315190290837895
3.87,2.832162623927996,0.0012168438384945214,0.00018338350767567907,0.04369207052164411,0.008522312311987752,0.0048410135646460295,0.11711483204513369,0.013569645723586196,0.009011872111195862,0.14192510079932158,0.014927559505862832,0.000978103486903009,0.2994461997364211
3.88,2.908386847894846,0.0011847798202935728,0.000167089011387163,0.04002919663327697,0.008881847328946105,0.005127102476224791,0.10785404024486114,0.013260631923080435,0.008630748466903145,0.13115936575302484,0.01497187191994277,0.0011957460223811273,0.28372338478060705
3.89,2.986662554453219,0.001158434377126624,0.0001515623102052689,0.03658850404254545,0.009362417274128752,0.005439483865357291,0.09915526990382334,0.013409950260971587,0.008806477901493824,0.12096833398606148,0.015070217050763259,0.0014314299259927392,0.268098522644424
3.9,3.067044956770324,0.0011394690491103754,0.000140000386797343,0.03336603269318143,0.00974044197273199,0.005643723568141435,0.09100019117506175,0.0140026188181355,0.009421351763868744,0.1113460513696194,0.015204460145864086,0.001648405628187661,0.252644193649578
3.91,3.1495907540088384,0.0011278769344265493,0.00013406724324963517,0.030356736145297387,0.009739434609258284,0.005644757974666269,0.0833698790918461,0.01496552257019365,0.01023562685464515,0.10228424704216416,0.015315110628135816,0.0018130781324433303,0.23742835756288064
3.92,3.2343581713206753,0.0011230691761012807,0.00013341250182454843,0.02755462166636799,0.009290137724528183,0.00541490483357561,0.07624486711670407,0.016039001375346265,0.010959047069434734,0.09377242661732613,0.01531261015838144,0.0019053581105076603,0.22251389931101861
3.93,3.321407000917131,0.001123447236384814,0.00013593154681587697,0.024952888002483724,0.008609649590813197,0.00499979612075476,0.06960521382410118,0.0166997380614721,0.011335399772187863,0.08579800542283186,0.015157733498531525,0.0019256564980055233,0.2079582494194751
3.94,3.4107986442443923,0.0011249314075978966,0.00013862160507650787,0.022544059223879028,0.007957614310035173,0.004501205266834201,0.06343058129927262,0.016457305697927572,0.011215663110638034,0.07834647479173672,0.014912356344523023,0.0018953558077482449,0.19381308272666672
3.95,3.5025961552941407,0.0011207535238796815,0.0001386927177903346,0.020320113259319886,0.007468761571296083,0.004043278852842172,0.057700323386352094,0.015380277244753476,0.010598199647231844,0.07140159448880509,0.014671139753700647,0.0018497559698152065,0.18012409758014208
3.96,3.596864285079811,0.0011061442070561586,0.0001345275540917546,0.018272603955635767,0.007177938230844208,0.003733594958000636,0.05239358160598192,0.01400549623656069,0.0096245280560619,0.06494560455443381,0.014492407250131161,0.001825470294578257,0.16693087632194054
3.97,3.693669527309877,0.001083570148326962,0.00012616382415827452,0.01639277571700353,0.007083847184009114,0.0036312351794492324,0.047489386378893966,0.012793840810756065,0.008533444282893989,0.05895945016858758,0.014397586906090627,0.0018467140871911874,0.15426682645087963
3.98,3.793080165290373,0.0010595524024747931,0.0001151631851795456,0.014671669989652227,0.007179696281083609,0.0037309869514873207,0.04296676112640275,0.011936050924185334,0.0075892024806771385,0.0534230135595804,0.014390194615243775,0.0019156927407189231,0.14215920044803912
3.99,3.895166320089746,0.001038712077143457,0.00010395733361091856,0.013100223058204791,0.007449170389269572,0.003967445280111818,0.03880482685729674,0.01146387658452262,0.007006182933340306,0.0483153474885431,0.014459191826532292,0.002010906241444323,0.13062919090544917
4.0,4.0,0.0010226978231953005,9.493983627376189e-5,0.011669354807283159,0.00782964630819078,0.0042369254779208105,0.034982904977192426,0.011365729653087952,0.006891349815318066,0.04361490541120124,0.01456192118986109,0.0020941553714004285,0.11969209634292546
