omega_lin,omega_log,U1.0_lor,U1.0_gau,U1.0_log,U2.0_lor,U2.0_gau,U2.0_log,U2.4_lor,U2.4_gau,U2.4_log,U4.0_lor,U4.0_gau,U4.0_log
-4.0,-4.0,0.002793524151678863,6.381017524507058e-6,0.007941920892980493,0.003672050130347559,0.00034375571520776747,0.03393096274434989,0.004232407847650592,0.000612936491453509,0.05171452569340338,0.007033339240556418,0.0004015938167143686,0.1781034156086878
-3.99,-3.9563102593513424,0.002809773753354448,6.901674151561094e-6,0.008417901242009761,0.003664772953815769,0.00032517505032467225,0.03573466617772935,0.004271144743343495,0.0006344145309093941,0.05431292091629187,0.007078895454435733,0.00037958576698187086,0.18438043079081992
-3.98,-3.9130977170621715,0.0028265173117615525,7.653653008687144e-6,0.008918419907391128,0.003663239465430452,0.00030715843440393603,0.03761557745600859,0.004337560457154123,0.0006902565646531066,0.05701231494470334,0.007123844330545584,0.0003488954093044288,0.1907760320131576
-3.97,-3.8703571609643466,0.0028437255578747794,8.504443666940655e-6,0.009444475313645194,0.003674453101541179,0.0002981853815633623,0.03957584046575035,0.004435751264394834,0.0007709307296649037,0.05981488705613571,0.0071778601326482235,0.00031557571084271527,0.19728760763594272
-3.96,-3.8280834358192948,0.002861227389454598,9.278161721332016e-6,0.00999709001061208,0.003700900282879944,0.0003042435171886896,0.04161759096885725,0.004563947389208193,0.0008588379030859956,0.06272276629176285,0.007245012704211988,0.00028421038084441353,0.2039122962010784
-3.95,-3.786271442696203,0.002878626749505042,9.81828347651456e-6,0.010577310277162282,0.00374355024611097,0.00032682168709463404,0.043742952055537014,0.0047040845459596185,0.0009330228324100961,0.06573802520828578,0.007323967832842441,0.00025692208321911024,0.21064698540408638
-3.94,-3.7449161383569987,0.002895493554552591,1.004907472795118e-5,0.011186205656011137,0.0038028121186450153,0.0003622230410412785,0.04595402941672798,0.004814522578280927,0.000975298534742395,0.06886267352128929,0.007408932580544736,0.00023339155355663068,0.21748831167449467
-3.93,-3.7040125346480512,0.002911820845751941,1.0011974659593078e-5,0.011824868417749256,0.0038767419888268008,0.00040249116233676317,0.04825290644202445,0.004851742439420478,0.0009760165816612509,0.07209865165565048,0.007491955043415365,0.0002117305672073618,0.2244326603792403
-3.92,-3.6635556978985138,0.002928054246816901,9.860542178007533e-6,0.012494412952370896,0.003956234000284443,0.00043776486460808797,0.05064163915002097,0.004816543873771595,0.0009376016176165983,0.0754478242194552,0.0075683387489150255,0.00018973709409347402,0.23147616666166185
-3.91,-3.6235407483252393,0.002944643246780042,9.812123800110907e-6,0.013195975086768426,0.004021494920572529,0.00045940328227783445,0.05312225095887758,0.004753543873536771,0.0008745457755359143,0.07891197341875436,0.007639285604863132,0.00016598861762576623,0.23861471692654854
-3.9,-3.5839628594441963,0.002961821323705481,1.007092330009987e-5,0.013930711326864187,0.0040524403462413,0.0004629057903253434,0.05569672730580086,0.004705149386380425,0.0008096735354180727,0.08249279243131519,0.007709115918648069,0.0001403964515827278,0.2458439509795426
-3.89,-3.5448172574883117,0.0029796792034961295,1.0749319107417062e-5,0.014699798023270932,0.0040501253275878855,0.00044963674164109717,0.058367010125024085,0.004691122556000436,0.0007677022941662266,0.0861918787583014,0.007782201063405718,0.00011413497422774461,0.25315926482692575
-3.88,-3.506099220831674,0.0029982544893412443,1.1817228973590458e-5,0.015504430459608174,0.00403589934508174,0.00042670542041493305,0.061134992194756134,0.004716949088767096,0.0007679732511293301,0.09001072757352566,0.007861109087204261,8.91219060314052e-5,0.2605558141395208
-3.87,-3.467804079420025,0.003017525617454728,1.3101368912686615e-5,0.01634582186285522,0.004029849781290252,0.0004049481542001192,0.06400251136444671,0.00478420751607507,0.0008184667376623084,0.09395072509057709,0.007946470503221921,6.734998580794397e-5,0.2680285183820704
-3.86,-3.4299272142074706,0.003037289907915699,1.4339370017276287e-5,0.017225202335388975,0.004041515865217801,0.0003955941931827796,0.06697134467458135,0.0048945180573573815,0.0009128702569779666,0.09801314196870392,0.008037930242047683,5.033685532645259e-5,0.27557206560706643
-3.85,-3.3924640565993465,0.003057002939632092,1.5273173997747743e-5,0.01814381770863972,0.004073884941837885,0.00040664138331557916,0.07004320238206775,0.005047078411229522,0.0010316924509203,0.10219912677884417,0.008134912779670224,3.882850295442448e-5,0.28318091790956984
-3.84,-3.355410087901167,0.003075942599437036,1.5749295565515216e-5,0.01910292831859536,0.004128096541161793,0.00044008624535661384,0.07321972190510007,0.005228543306002066,0.0011473660400017395,0.10650969955162422,0.008236959083577772,3.2752607972795786e-5,0.2908493175371287
-3.83,-3.318760838773594,0.0030939011157892294,1.578756475682513e-5,0.02010380770369808,0.004204745846367719,0.0004909306004095208,0.07650246170219242,0.005398117635903412,0.0012321238094416486,0.11094574542949419,0.00834381471856729,3.133845039344668e-5,0.29857129364646545
-3.82,-3.282511888693359,0.003111467895083675,1.5588647496842612e-5,0.021147741226001177,0.004301377620058454,0.0005483905023889235,0.07989289510084034,0.005493316029401748,0.0012664448769537844,0.11550800844542251,0.008455388664436111,3.3314621090548315e-5,0.3063406696961628
-3.81,-3.246658865420072,0.003129399287647114,1.547204807284729e-5,0.022236024616792905,0.004405939913981912,0.0005990756634452094,0.0833924040920045,0.005483293349519671,0.0012454468543726077,0.12019708545074341,0.008571576738272845,3.7134271919855746e-5,0.31415107146218424
-3.8,-3.211197444468855,0.003148136322523661,1.576285735253448e-5,0.023369962448240397,0.004491756558051402,0.0006312490641421262,0.08700227310730967,0.005406562112276543,0.0011810478858899549,0.12501342021481618,0.008691850532816759,4.121474737808742e-5,0.32199593566068224
-3.79,-3.1761233485887357,0.0031678553854371703,1.666699919624686e-5,0.024550866532965464,0.004531014466409249,0.0006388278595216341,0.09072368279650037,0.0053267331080925715,0.0010989998901894068,0.12995729771913112,0.008814699484948674,4.4185384301142095e-5,0.32986851916022375
-3.78,-3.141432347246739,0.0031886249801150427,1.818245814120939e-5,0.02578005425382936,0.004524191522763833,0.0006237514020920038,0.09455770382330257,0.00528327976509177,0.0010315496650033181,0.13502883866836787,0.00893786880533083,4.5116458676584927e-5,0.3377619087632969
-3.77,-3.1071202561176103,0.0032104274842499458,2.008408170443182e-5,0.027058846826576027,0.004500277667606797,0.0005958010011050995,0.09850529069839084,0.005290027609217908,0.001007883925831497,0.14022799424067878,0.009060330348614531,4.367911196489562e-5,0.3456690315347601
-3.76,-3.0731829365791183,0.003232997647529333,2.1994341215247236e-5,0.028388567498360048,0.004487362978228008,0.0005697832060022928,0.10256727566865637,0.005350360881074322,0.0010451871366847275,0.1455545410991365,0.009183583128146327,4.018663456292769e-5,0.3535826656527821
-3.75,-3.0396162952128627,0.0032555659619116334,2.3519941653255702e-5,0.029770539685567594,0.0044991187263050845,0.000560886514086604,0.10674436268240899,0.005466207192230865,0.001142966538877986,0.15100807668584415,0.009309972939291714,3.549827903268298e-5,0.3614954517557945
-3.74,-3.006416283310542,0.003277012633245317,2.4406175685370538e-5,0.031206085054718183,0.00454000054425549,0.0005796642016031175,0.11103712145051821,0.005638196723667752,0.0012824271891127776,0.15658801481966142,0.009440935474671256,3.0810953572110554e-5,0.369399904757057
-3.73,-2.9735788963856074,0.003296873539907823,2.464919961723352e-5,0.03269652155061987,0.0046116934192244625,0.0006282736682688329,0.1154459816238022,0.005856338456524226,0.001431343022364742,0.1622935816178478,0.009576981072823398,2.7395397688264272e-5,0.3772884260966253
-3.72,-2.941100173690255,0.0033159449076897757,2.451775539643892e-5,0.034243161376325146,0.00471468992215569,0.0006992743817417088,0.11997122710721497,0.006081323488924921,0.0015533116030544184,0.1681238117611755,0.009718253868573624,2.633644931967959e-5,0.3851533163988204
-3.71,-2.908976197737693,0.0033354178301058485,2.4468053206762408e-5,0.035847308929812874,0.004844313830706003,0.0007775449605905154,0.12461299053154036,0.006237544611217367,0.001618840436768851,0.17407754512120036,0.009864879027117373,2.831824638161839e-5,0.39298678850174384
-3.7,-2.8772030938296234,0.0033560342937475523,2.4977104422007745e-5,0.037510258702686185,0.0049814702811143245,0.0008449070980195292,0.12937124790339297,0.006262897772478045,0.001614875407929971,0.18015342376743443,0.01001709377136467,3.3475823609598165e-5,0.4007809808239526
-3.69,-2.8457770295888904,0.0033780891094879494,2.6354447525963125e-5,0.03923329314653554,0.005087592078830054,0.0008861014365438207,0.13424581345433756,0.006179278052839256,0.0015496012508786489,0.18634988937110286,0.01017526496912075,4.133140067139695e-5,0.4085279710321413
-3.68,-2.8146942144972287,0.0034016663644857907,2.860559285161955e-5,0.04101768051296147,0.0051270659745283505,0.0008941682289080377,0.1392363347098697,0.006067091252962917,0.0014507211588898207,0.19266518102102767,0.010339785390414509,5.0843807359879785e-5,0.41621978997253994
-3.67,-2.7839508994380635,0.0034267003078647077,3.140596676633064e-5,0.04286467267358582,0.005106437275924805,0.0008733218508662984,0.14434228779885455,0.005989801612100058,0.0013575244852326266,0.199097333465946,0.010510708809342916,6.060143482619572e-5,0.42384843582776693
-3.66,-2.753543376244302,0.0034527787435899835,3.420520893792383e-5,0.044775502926694806,0.005067898243821352,0.000838150427673068,0.1495629730237902,0.005973862123927096,0.0013090842308617415,0.2056441757962524,0.010686968897444119,6.916051330925587e-5,0.4314058884600678
-3.65,-2.7234679772510666,0.0034787720620053503,3.643131619867716e-5,0.04675138379745637,0.005048482300198151,0.0008092006350827335,0.15489751071195068,0.006026260423446574,0.001332158740664231,0.2123033305767596,0.010865739395440109,7.546960192540225e-5,0.43888412390121395
-3.64,-2.6937210748533107,0.003503025942317898,3.772104982900604e-5,0.04879350483892959,0.005065321647169249,0.0008062775585314282,0.16034483736707333,0.006149481618552502,0.0014324738075113493,0.21907221344060412,0.011043955357650237,7.925460401874783e-5,0.4462751289488518
-3.63,-2.6642990810682696,0.003524850238765233,3.808548473528153e-5,0.05090303044133809,0.005123927485583276,0.0008416348674453874,0.1659037021407754,0.006344818754168438,0.0015921208408154937,0.22594803315288411,0.011221871663426641,8.120839258832587e-5,0.45357091582877374
-3.62,-2.6351984471026872,0.003545445647417652,3.7937699240364814e-5,0.05308109765730635,0.0052261566405707146,0.0009153634916146314,0.17157266364233065,0.00660359675848495,0.001774126176259094,0.23292779215103437,0.011403252910188849,8.286635452144696e-5,0.4607635368824312
-3.61,-2.6064156629247717,0.0035666137708859277,3.7959523506069854e-5,0.055328814050956555,0.0053709156440702194,0.0010146690882028597,0.17735008710479958,0.006885441987775317,0.0019331893577737265,0.24000828756728754,0.0115918962674185,8.615253681929098e-5,0.46784509923901924
-3.6,-2.5779472568408264,0.0035894793489679353,3.884803622664215e-5,0.057647255578933035,0.005547120125710768,0.0011175319565094612,0.18323414192478865,0.007102295368808717,0.0020296120394031314,0.24718611273688781,0.011789964551661532,9.271397217927689e-5,0.47480777943164815
-3.59,-2.5497897950765025,0.0036144843079524013,4.1034850675394506e-5,0.060037464511557455,0.005720912257932311,0.0011997923423636805,0.18922279959231939,0.00716437116148418,0.0020421539559673254,0.25445765919401103,0.011998557753484957,0.00010326724488250316,0.48164383791744414
-3.58,-2.521939881362631,0.003641737664244602,4.4490013940586054e-5,0.06250044740241927,0.0058355543121546925,0.0012434372218551328,0.19531383202642136,0.00707586342658094,0.0019755600695308823,0.2618191191555757,0.01221833521352913,0.00011721047451528618,0.48834563346193827
-3.57,-2.494394156525571,0.003671099234975376,4.8697546706668466e-5,0.06503717311477214,0.005854362123331804,0.0012432514404288628,0.20150481033111867,0.006931354883418529,0.0018600248047325393,0.2692664884913865,0.012449239297219998,0.00013268100219359443,0.4949056373487369
-3.56,-2.4671492980820386,0.003701856130000423,5.2827575091065455e-5,0.06764857091313298,0.005805175010691394,0.001209360198924911,0.2077931039854699,0.006819500746930243,0.0017424611437000673,0.2767955701772681,0.012689114586534695,0.00014707891135392522,0.5013164473762824
-3.55,-2.4402020198383583,0.0037321670892765005,5.605195428728241e-5,0.0703355286284673,0.005749324400685958,0.0011645061331961373,0.21417588048024,0.006781641818183996,0.0016721629270819065,0.28440197822607394,0.012932301026340404,0.00015788516072653844,0.5075708016044588
-3.54,-2.4135490714940913,0.0037595466157843527,5.788625402684379e-5,0.07309889090529151,0.005729956439896382,0.001136736274207758,0.22065010541264432,0.006829649344979113,0.0016852886896208204,0.2920811420897018,0.01317218387006922,0.0001634632788358046,0.5136615918148608
-3.53,-2.387187238249995,0.003783252493262874,5.841907213307432e-5,0.07593945753892432,0.005764331599022616,0.0011498438276666275,0.22721254304940877,0.006966975742129751,0.0017929931221008512,0.2998283115235038,0.013408293076486968,0.0001635202750006974,0.5195818766497902
-3.52,-2.361113340420263,0.00380534370453474,5.8323776902512914e-5,0.07885798191097815,0.005857157904875238,0.001214802000485888,0.23385975736712206,0.007195109561533835,0.0019769895115123843,0.3076385619027709,0.013647478501173484,0.0001590394409045426,0.5253248943963373
-3.51,-2.3353242330490014,0.0038285040929030463,5.8629207050552726e-5,0.0818551695309987,0.006009012068347653,0.0013252307503097262,0.24058811357757248,0.007504451962148539,0.002194209504940621,0.31550679997930026,0.013897058085100987,0.00015173171179700063,0.530884075383385
-3.5,-2.3098168055308923,0.0038543077407545917,6.032429773571154e-5,0.08493167669192671,0.006214611261454202,0.0014587065512222674,0.2473937801443886,0.00784875240516869,0.0023895499576429163,0.323427770064438,0.014160804179701256,0.0001432699886010891,0.5362530539609014
-3.49,-2.2845879812360033,0.0038833414634305177,6.39469310630465e-5,0.08808810924678225,0.0064486755571645914,0.001583814505133802,0.25427273129593536,0.008123119415484787,0.0025130966484777028,0.3313960606234203,0.01443931078695665,0.00013465876524952443,0.5414256800325369
-3.48,-2.259634717138693,0.003915702961185036,6.93263948252308e-5,0.09132502151364798,0.006648687099153937,0.0016708187573120747,0.2612207500379722,0.008212767591365919,0.0025364812056481193,0.339406111264346,0.014730554989457453,0.00012600348138489646,0.5463960301142751
-3.47,-2.23495400345057,0.003951042729291826,7.559947230173377e-5,0.09464291531566248,0.0067385467170732105,0.0017023709277791989,0.26823343166813995,0.008111739039954933,0.0024629199215363802,0.347452220103689,0.015030308651103523,0.0001167315252185328,0.5511584178936798
-3.46,-2.2105428632574613,0.003987969530171114,8.151685465766987e-5,0.09804223916231936,0.0067054394998101894,0.0016803904965886432,0.27530618779285465,0.00793232139256376,0.002327299498957603,0.35552855148892487,0.015335040426746329,0.00010609800305054987,0.5557074042661614
-3.45,-2.1863983521603467,0.004023334157795553,8.593674155675033e-5,0.10152338757791171,0.006618062781307225,0.001626385577961615,0.2824342508456945,0.007787886207806514,0.0021859122472568317,0.3636291440575902,0.01564575602343877,9.369807667329713e-5,0.5600378068265828
-3.44,-2.162517557920212,0.00405363409060502,8.831444697894958e-5,0.1050867005824633,0.006553418557666242,0.0015747289004954801,0.28961267910484817,0.0077338188539229314,0.0020989210772805822,0.3717479191109607,0.015966782002278388,7.974814169268307e-5,0.5641447087965289
-3.43,-2.1388976001067865,0.004078760181522105,8.898123396860909e-5,0.1087324633299399,0.00655159682332243,0.0015609571916828334,0.29683636220568593,0.007786688445370403,0.002111070279819191,0.379878689279468,0.016301907497818305,6.504734612736017e-5,0.5680234673695008
-3.42,-2.115535629751111,0.004102381418755134,8.907670392966778e-5,0.11246090590795642,0.0066252691195791144,0.0016090621746128037,0.3041000271429808,0.007951012371094605,0.0022367715759392423,0.38801516745606074,0.016653139280192648,5.069460507784089e-5,0.571669721458389
-3.41,-2.0924288290019057,0.004128265078306475,9.013457240024918e-5,0.11627220330256936,0.006778068324290026,0.0017222829503289734,0.3113982447558063,0.008227934189108515,0.0024544201836086445,0.3961509759728751,0.01702128452428741,3.77296688120989e-5,0.5750793988315371
-3.4,-2.069574410785689,0.004158355567026322,9.346881582841517e-5,0.12016647553108978,0.007009386866074751,0.0018808844921033906,0.31872543668661835,0.008604072977797314,0.0027120844671352337,0.40427965599589927,0.017406684070083188,2.6859742407754008e-5,0.5782487226257985
-3.39,-2.046969618470608,0.0041932782638923576,9.960394315282553e-5,0.12414378794515578,0.007300332141570001,0.002048116108164717,0.3260758828045499,0.00902041226063271,0.0029432693902354135,0.41239467711172456,0.017809736097948132,1.835443086191326e-5,0.5811742172269799
-3.38,-2.024611725533942,0.004233011700560068,0.00010799462922718034,0.1282041517055836,0.007587546741272405,0.002182684673341417,0.33344372908146813,0.009347181096638735,0.0030881537705683164,0.4204894470800291,0.018231170915065136,1.2099049002221352e-5,0.5838527135100913
-3.37,-2.00249803523324,0.004276719234256613,0.00011717790956773246,0.1323475244297614,0.007766099125820138,0.002253590637521534,0.34082299590790643,0.009446760392577802,0.003113571130274887,0.42855732172512173,0.018672002255242813,7.73739195181718e-6,0.5862813534338029
-3.36,-1.980625880281043,0.004321542973239089,0.0001253294512801526,0.1365738110115797,0.007773641359647399,0.0022520065458652527,0.3482075868345706,0.009317735308795323,0.0030249681849289288,0.43659161493966325,0.019133378924862766,4.825665431228544e-6,0.5884575939854529
-3.35,-1.9589926225231686,0.004362093883394312,0.00013102003905277377,0.14088286461308638,0.007665746289407057,0.0021956211140414096,0.35559129772373876,0.009099685269920693,0.0028659449306268087,0.4445856087736475,0.01961655114616521,2.945587863695668e-6,0.5903792104748672
-3.34,-1.937595652620501,0.0043942259099239355,0.00013386405223964653,0.14527448782624838,0.0075517676766751465,0.0021234205993069066,0.36296782629354746,0.008929393944418251,0.0027050769566332776,0.45253256358175115,0.02012290359299901,1.7610200774432151e-6,0.5920442991771063
-3.33,-1.9164323897342619,0.004420048356712845,0.00013477102852669617,0.1497484340023665,0.007504629599988976,0.0020823564002081297,0.3703307820368574,0.008872770254959705,0.002614054327636917,0.4604257282023859,0.02065398653132799,1.028898023656329e-6,0.5934512793260571
-3.32,-1.8955002812147175,0.0044457243026040216,0.00013565840752765874,0.15430440874585874,0.007552380802549537,0.0021104393656204206,0.3776736964951654,0.008949571941008353,0.0026441471495189787,0.46825835014208644,0.021211536470815,5.850486702766002e-7,0.5945988944625321
-3.31,-1.8747968022932855,0.004476035828297689,0.00013870552385079985,0.15894207156828086,0.007704331725931257,0.0022223230886705674,0.38499003386683056,0.009165083485008035,0.0028086534632517377,0.47602368573931203,0.021797494249889148,3.226232138370602e-7,0.5954862131422043
-3.3,-1.8543194557780038,0.004513047467030304,0.00014543484806965655,0.16366103769761253,0.007963101347450638,0.0024028023964585117,0.39227320192776877,0.00951881653908124,0.0030772157705097006,0.48371501028229885,0.022414025814969176,1.7306677039817387e-7,0.5961126290103158
-3.29,-1.8340657717523285,0.004557242762804186,0.00015600514252012113,0.16846088003700238,0.00831282676306263,0.0026110289540922224,0.399516563241694,0.00998828487614056,0.003384303093598232,0.4913256280562737,0.02306354791027671,9.264090626120953e-8,0.5964778602516192
-3.28,-1.8140333072772188,0.004608187119708561,0.0001690412371752106,0.17334113126633127,0.008688436018798538,0.0027944637622789163,0.4067134466359867,0.010489561841887863,0.003649717061259655,0.49884888229611696,0.023748759743409304,5.3775458063791504e-8,0.5965819484254531
-3.27,-1.7942196460964768,0.004663597394574115,0.0001821192103529925,0.17830128607914567,0.008961894029876615,0.0029079103765912604,0.41385715891833924,0.010854868860465453,0.0038049062956141146,0.5062781650214527,0.024472681528848267,3.9521430416751776e-8,0.596425256697213
-3.26,-1.7746223983453064,0.004717378714954419,0.00019274986029030593,0.18334080354671306,0.009023189126057436,0.0029307656421448183,0.42094099680846275,0.010930679047165484,0.0038165037561423308,0.5136069267321053,0.025238701024798204,3.975248810245893e-8,0.5960084674787676
-3.25,-1.7552392002620552,0.004761252489955556,0.0001994709369373535,0.18845910960018358,0.008903846568078662,0.002875874129137441,0.427958259058341,0.01074742189215971,0.00369891138899384,0.5208286859429592,0.02605062953997498,4.842801229890372e-8,0.5953325794915447
-3.24,-1.7360677139031035,0.004792801351764639,0.0002025763307600744,0.19365559962109927,0.008740358195155784,0.002786200355502281,0.43490225873381655,0.010486532068283769,0.003511136602027294,0.5279370385383738,0.026912769329868688,6.169740760350853e-8,0.5943989042671258
-3.23,-1.7171056268608698,0.004818946326766719,0.00020412988712169495,0.19892964112978515,0.008643995882187502,0.002719996443568666,0.441766335629644,0.01030387847839814,0.0033383885237237023,0.5349256669275361,0.027829994812377322,7.68347923745201e-8,0.5932090621012012
-3.22,-1.6983506519848943,0.004848614139937404,0.00020719865308638962,0.20428057656048543,0.008664148673300367,0.002729553554231412,0.4485438687895748,0.010269142229437266,0.0032642257977430053,0.541788348983419,0.0288078506852998,9.205052868456981e-8,0.5917649774776604
-3.21,-1.6798005271059697,0.004886914671526995,0.00021458155406581212,0.2097077261114862,0.008818197415009565,0.0028412658562462687,0.45522828910258295,0.010402392071155989,0.003342377841258651,0.5485189667493396,0.02985267134782898,1.0724791389853903e-7,0.5900688739804486
-3.2,-1.661453014763285,0.004935559103921967,0.00022755668718882997,0.21521039065788225,0.009111515189063208,0.00304456723099881,0.46181309194590553,0.010708596008907587,0.0035776498256675404,0.5551115148984848,0.030971729129532208,1.2588291332599592e-7,0.5881232687115612
-3.19,-1.6433059019345506,0.00499463261648139,0.0002452057161311399,0.2207878547141269,0.009528544877946537,0.0032943166794661225,0.46829184984526506,0.01118256404496331,0.003922582664793364,0.5615601089331844,0.03217342151802328,1.5839851671198088e-7,0.5859309662342416
-3.18,-1.6253569997690684,0.005062410165572138,0.0002646638384538417,0.22643938943302933,0.009997905801292157,0.0035263859467644597,0.47465822512241274,0.011782739661853763,0.004291631950946691,0.5678589931121539,0.03346750332948337,2.2867832906647256e-7,0.5834950520610234
-3.17,-1.6076041433237207,0.005132547471677382,0.00028226012283798983,0.2321642556274543,0.010366584357423693,0.003681197371455249,0.48090598249993816,0.012379721084580516,0.004588919676969584,0.5740025480953478,0.034865370694410355,3.879730320770943e-7,0.5808188857067962
-3.16,-1.5900451913018405,0.005193090864666124,0.0002951105443129335,0.23796170680064102,0.01048096229223284,0.0037266273186320254,0.4870290016332467,0.012752608192716171,0.004740777985415907,0.5799852982975422,0.03638042036210839,7.497513827529562e-7,0.5779060933274949
-3.15,-1.5726780257949349,0.005235145156904194,0.0003024838415861357,0.24383099217076878,0.01035054752505611,0.0036714527624827115,0.4930212895395897,0.0127551036549356,0.004722064076095714,0.5858019189431806,0.03802851485408316,1.5836936958873459e-6,0.5747605599654091
-3.14,-1.555500552027229,0.005263711201662199,0.00030630408337312896,0.24977135967520148,0.010137410640911853,0.0035637150961297112,0.49887699289411763,0.012490251565770162,0.004566729035702235,0.5914472428164547,0.03982858603972755,3.5681220927270815e-6,0.5713864214223866
-3.13,-1.5385106981030006,0.005292364402847618,0.0003104912715864022,0.2557820589396939,0.009991771535414726,0.003473953842921655,0.5045904101630915,0.012192485427038654,0.004358217129331442,0.596916266701977,0.04180342354117478,8.433262608775189e-6,0.5677880557824653
-3.12,-1.5217064147566743,0.005331324656467212,0.0003193448322661592,0.2618623441977952,0.00998707514254703,0.003469110832421275,0.5101560035446365,0.012027150605794444,0.0042022643451864,0.6022041575127627,0.04398071632854885,2.048036056716295e-5,0.5639700746056504
-3.11,-1.5050856751056447,0.005384778157761741,0.000335628015497884,0.2680114771456954,0.010151037572823814,0.003586728621069867,0.5155684106877252,0.01205981708374581,0.004190966234720983,0.6073062581035478,0.04639444505193225,4.9867822551990336e-5,0.5599373138146536
-3.1,-1.488646474405801,0.005453639559495706,0.00035920230199895615,0.2742287297178483,0.010492185995691988,0.0038193432375721523,0.5208224561604919,0.012307981066385225,0.004370281305764464,0.6122180927687323,0.04908676310823864,0.00011907278778409965,0.5556948242965178
-3.09,-1.472386829809719,0.005536648563458601,0.00038688053777264524,0.280513386768896,0.010993082402754978,0.0041155050567667035,0.5259131626394498,0.012773603692089453,0.004722316502616426,0.616935372425422,0.05211056067389765,0.00027434829878168255,0.551247862241057
-3.08,-1.4563047801274975,0.005627083001742028,0.00041366581629174537,0.28686474864764566,0.011570073816913282,0.004397804160563137,0.5308357617917168,0.013437083698969069,0.005169108812593499,0.6214539994831686,0.05553299057691066,0.0006038362887814257,0.546601879238026
-3.07,-1.440398385590205,0.005709216604166926,0.0004349205335493135,0.2932821336492152,0.012037616725235482,0.0045917493663730794,0.5355857048229892,0.014209152247169178,0.005597572850271582,0.6257700724030637,0.059440411534611944,0.0012626263103150065,0.5417625121548859
-3.06,-1.4246657276159096,0.005766460035929448,0.00044854164434562205,0.2997648803318364,0.012197424142884529,0.004654802566198304,0.5401586726647012,0.014870383024625046,0.005897929820059543,0.6298798899497816,0.06394563399019812,0.0025020354698637504,0.5367355728169311
-3.05,-1.409104908578267,0.005799638802163834,0.00045613593167702116,0.30631234968533044,0.012044196233238996,0.0045942316758981125,0.5445505857745415,0.015146490533050318,0.006002690162180974,0.633779955141062,0.0691988800896158,0.0046961509363256425,0.531527037511428
-3.04,-1.3937140515776332,0.005827000521912406,0.00046256838347812746,0.31292392713880957,0.011773261898599882,0.004466268613702823,0.5487576135253566,0.014978266038722763,0.005912242117708315,0.6374669788998911,0.07540348510366512,0.00835501536582337,0.5261430363372533
-3.03,-1.378491300214679,0.005865961692075311,0.00047396253626968407,0.31959902439580756,0.011578958476980027,0.00435608625731169,0.5527761831583515,0.014601633558066488,0.0056971632933731356,0.6409378834153182,0.08283681670670096,0.014113495313601513,0.5205898424213526
-3.02,-1.3634348183664766,0.005924835604138828,0.0004949613658639063,0.32633708108576026,0.011561174419409785,0.004345652366796308,0.556602988277456,0.014293367904660997,0.005475409101581453,0.6441898052184418,0.09187724417309193,0.022689714539154544,0.5148738610231325
-3.01,-1.3485427899650313,0.006006142731860484,0.0005264701130232185,0.33313756622152096,0.01175709731162802,0.004481569109471184,0.5602349968627458,0.014202038606771078,0.005371646401498049,0.6472200979805514,0.10303275814284919,0.034815479575560616,0.509001618547684
-3.0,-1.333813418778234,0.006109203998271247,0.0005649773037393039,0.33999997945346105,0.012175688711629907,0.004755498059496994,0.5636694587818967,0.01437585205621128,0.005472730787142886,0.6500263350408202,0.1169462036621989,0.05114797611021595,0.5029797514885035
-2.99,-1.319244928193204,0.006226118627943202,0.0006038991702830805,0.3469238521116009,0.012791806479578852,0.005105378135993247,0.5669039127797728,0.014823852724177166,0.005795153916348237,0.6526063116711779,0.13430011976259573,0.07217157632734408,0.4968149953201143
-2.98,-1.3048355610019995,0.006335787949111302,0.0006364751749355859,0.3539087480281863,0.01349665011182453,0.005437869225553679,0.5699361929274525,0.01553489733727827,0.006276550937098591,0.6549580470861988,0.15546230312865975,0.09809197611812896,0.49051417336073394
-2.97,-1.2905835791896687,0.006412258557919173,0.0006589679346677245,0.3609542641341475,0.014056554660651581,0.005664114061766452,0.5727644345132344,0.016441695624119644,0.0067952715915416875,0.6570797862058676,0.17980822238294436,0.1287234492189354,0.4840841856248672
-2.96,-1.2764872637246154,0.006451361619294145,0.0006726716521838133,0.368060030823936,0.014231642888122628,0.005735223140539147,0.5753870793594692,0.017338242772461158,0.007212162524347257,0.6589700011790837,0.2055437710483069,0.16338790850184295,0.47753199768539434
-2.95,-1.2625449143512546,0.0064771846099932915,0.0006836774705898687,0.3752257120843547,0.014028925133616841,0.005663306638209835,0.5778028805503845,0.0178806056411353,0.007420364957835028,0.6606273926756112,0.2317088486734366,0.2008807727249191,0.47086462956445
-2.94,-1.2487548493849328,0.006516700416033126,0.0007003312275240006,0.3824510053841273,0.013697075874976762,0.005518995353704207,0.5800109065574899,0.017857080521100036,0.00738523050383732,0.6620508909539891,0.2604903622873876,0.23958423050805192,0.4640891446720691
-2.93,-1.2351154055090874,0.006583930749889312,0.0007294205133238587,0.3897356413221449,0.013474627690805577,0.005405454300375985,0.5820105447505419,0.01744385335333658,0.007159220403711231,0.6632396567125631,0.2946597603205283,0.27777827954976547,0.45721263881126617
-2.92,-1.221624937574624,0.006683387131045968,0.0007728220834564929,0.3970793830335131,0.013480759665652204,0.005418360280704033,0.5838015042835366,0.017002633158566132,0.006865334367686347,0.6641930817304667,0.331892587471479,0.31409392316474305,0.4502422292678925
-2.91,-1.208281818401482,0.006814536075639495,0.0008262586608523443,0.40448202535375116,0.013757296184525866,0.005607335080969519,0.5853838183466998,0.016779570705600353,0.006654147244103269,0.6649107893048558,0.3630251020978729,0.34791705506487713,0.44318504400327535
-2.9,-1.1950844385823698,0.006966653056006627,0.0008809301310268359,0.4119433937427172,0.014310113540424513,0.005954361977868302,0.5867578457769674,0.016868226991829962,0.0066494976523761955,0.6653926344902288,0.38014635094344246,0.37949162865681274,0.436048210967309
-2.89,-1.182031206288642,0.007110087288470922,0.0009274560616344622,0.41946334297106624,0.015096024840927017,0.006378558247121044,0.5879242720210242,0.0172885405299848,0.006902438683319096,0.6656387041450147,0.38783530563893787,0.4095800388629143,0.42883884754930557
-2.88,-1.1691205470782995,0.007207253281351173,0.0009603988743047394,0.42704175557328355,0.015956698105523213,0.006766516851887674,0.5888841094465513,0.018032984604946647,0.007370531046500129,0.6656493167900142,0.39961140295379777,0.4388024855749913,0.4215640501835557
-2.87,-1.1563509037060826,0.007250594221128928,0.0009812128191828725,0.4346785400725492,0.016586171873644445,0.007017084243966925,0.5896386969989468,0.0190462420425752,0.007930822263917397,0.6654250222825541,0.42555213823667243,0.4670394382298927,0.41423088412615927
-2.86,-1.1437207359356427,0.007273428947674403,0.0009980574563359062,0.44237362898389215,0.016720930517563327,0.007083036718241856,0.5901896992024135,0.020135275290310065,0.008422870002199335,0.6649666013095313,0.46596696934462895,0.49333072967987296,0.40684637341930896
-2.85,-1.1312285203537626,0.007314203479257723,0.0010223240368373487,0.4501269766032797,0.016433241348084198,0.006992517677765347,0.5905391045059427,0.020919815510841766,0.008707016335059452,0.6642750647017325,0.5092844959360303,0.5164391587454314,0.3994174910587869
-2.84,-1.1188727501866074,0.007393647097587121,0.0010633249162744713,0.4579385565914274,0.016048037463190695,0.006840572597492429,0.5906892229763893,0.02107062888921265,0.008716866004139665,0.6633516525710967,0.5359618163209651,0.5357907151566405,0.391951149380019
-2.83,-1.1066519351179818,0.00751970026580007,0.0011236154061497299,0.46580835936223497,0.015836772764711907,0.006752957988205337,0.5906426833424702,0.020681375496217718,0.008486236492221235,0.662197833271787,0.536176720421971,0.5521644166789496,0.3844541906775829
-2.82,-1.0945646011095718,0.00769198453055224,0.0011973012914789488,0.4737363892868065,0.01592637594812899,0.0068358800171520176,0.5904024293952076,0.020162602109828908,0.008139718084115809,0.660815302185192,0.5226602705284527,0.5675645880161169,0.3769333780726057
-2.81,-1.082609290223152,0.007892880511099595,0.0012723949338248968,0.48172266172504885,0.01635965945573153,0.007131670638356367,0.5899717157519545,0.019851097247306677,0.007849316217622618,0.6592059803282251,0.5170365996794997,0.5841980582272664,0.3693953866420021
-2.8,-1.0707845604447328,0.008077138492972114,0.0013363581208441862,0.48976719989778805,0.017134096693353876,0.007598843921681474,0.5893541029928243,0.01989179348738447,0.007772375522987159,0.6573720127835442,0.5329284922934101,0.6031102977011096,0.36184679482299553
-2.79,-1.0590889855106287,0.008192542829307198,0.0013823145629831002,0.49787003161324517,0.018168010835204803,0.008125820020634401,0.588553452179952,0.020320593680407194,0.007993234370197519,0.6553157669496621,0.5721399383399774,0.6233701592115017,0.35429407610583624
-2.78,-1.0475211547354262,0.008234295543006248,0.0014128816947473791,0.506031185862555,0.019212418659887973,0.008574211536832112,0.5875739187716458,0.021136214630650248,0.008490165858656688,0.6530398306082054,0.6235816040553661,0.6424491800481817,0.34674359102707003
-2.77,-1.0360796728418329,0.008252442912083161,0.0014395265908482896,0.5142506892997398,0.01986266983399546,0.0088351458653903,0.5864199459450694,0.022297841571223786,0.009140479879728764,0.6505470098050335,0.6631263696335525,0.6577140731321128,0.3392015794751381
-2.76,-1.0247631597923816,0.008299294516945912,0.0014774400138887422,0.5225285626222718,0.019875915668052104,0.008875821315963685,0.5850962573426717,0.02363377874965865,0.009763153952027861,0.6478403265413439,0.6687073420961738,0.6681873303702579,0.3316741533194711
-2.75,-1.0135702506229745,0.008402509775626156,0.0015381830633351419,0.5308648168689203,0.019460269025170375,0.00875639694639483,0.5836078492590924,0.02474532761842488,0.010184577635084494,0.644923016270434,0.6446140055776641,0.6754493115649696,0.32416728937360517
-2.74,-1.0024995952782465,0.008573044777061584,0.0016236592780898256,0.5392594496521115,0.019036284602997746,0.008608762122498668,0.581959982286782,0.02518558442489714,0.01030382229494337,0.6417985251953731,0.617090817703874,0.6829939262433516,0.3166868227021974
-2.73,-0.9915498584487237,0.00880726455681985,0.0017245623331683352,0.5477124413424563,0.018895906889458896,0.008584348685277297,0.5801581724400021,0.02492411439082156,0.010132988519141416,0.638470507362507,0.6092675002434793,0.694283697004262,0.30923844028110276
-2.72,-0.9807197194097642,0.009072194806309514,0.0018244114116632278,0.5562237512234192,0.019162774644790912,0.008791504646498045,0.5782081817782876,0.02439575196141083,0.009796557384180638,0.6349428215454999,0.6309677398642242,0.7106086516870777,0.3018276750189789
-2.71,-0.970007871862255,0.009297049542330795,0.0019075190673451272,0.5647933136343644,0.0198724656019449,0.009248292252410455,0.5761160085517802,0.024046786620023363,0.009488568031247672,0.6312195279144288,0.6796051791306129,0.7300764666064024,0.29445990014812573
-2.7,-0.9594130237750504,0.009416936460065178,0.001967097909698832,0.5734210341203424,0.02099471783389603,0.009871312710374386,0.5738878768921265,0.02409764121190335,0.009402309335891744,0.6273048844844205,0.7382364429548665,0.7484615188108839,0.28714032399149264
-2.69,-0.9489338972291314,0.009445538306053214,0.0020093557999282725,0.582106785607037,0.022359664481572478,0.010506994968604392,0.571530226073861,0.02461215945917247,0.009657955344304225,0.62320334333835,0.7763688182097118,0.7615430862963046,0.2798739851119959
-2.68,-0.9385692282634662,0.009459878750971758,0.002051186187424187,0.5908504046192551,0.02355951900854086,0.010994154826762654,0.5690496993723285,0.025600609102586606,0.010255109330253757,0.6189195466182417,0.7713241016142822,0.7676228825635075,0.2726657478494545
-2.67,-0.9283177667225558,0.009525947023758407,0.0021121924750154234,0.599651687561181,0.02409802027406309,0.011232732773279607,0.5664531325452771,0.027036711317949033,0.011068912758046143,0.6144583222802873,0.7337605909448156,0.7687184421753892,0.2655202982496153
-2.66,-0.9181782761056434,0.009676308910177235,0.0022047755280461966,0.6085103870763989,0.02387750729802944,0.011229609193561564,0.5637475419662366,0.028758636516480134,0.011892988891217853,0.6098246796086992,0.6955073040574395,0.7696374061647637,0.2584421403888631
-2.65,-0.9081495334175717,0.009922023271466907,0.0023272934156337477,0.6174262085053385,0.02333004768306156,0.011100666356652024,0.5609401124387308,0.03033136311652346,0.012515198900607302,0.605023804484088,0.6813912678595339,0.7753605092714401,0.25143559309733055
-2.64,-0.8982303290212683,0.010247583381045172,0.0024640696275552818,0.6263988064573875,0.022958859066981942,0.011026022738261419,0.5580381847211479,0.03117898870837921,0.012799114961069972,0.6000610544025733,0.7011779527893209,0.7881848571673268,0.2445047870822118
-2.63,-0.888419466491844,0.010588563559730646,0.0025927259643008303,0.6354277815143943,0.023043345846127366,0.011175436014655331,0.5550492427928563,0.03113834370148321,0.012740456755434271,0.5949419532424932,0.7518208700490646,0.8062857740919571,0.23765366245217479
-2.62,-0.8787157624722821,0.01083849308342149,0.002695514065678379,0.6445126770816826,0.0236864120329339,0.011634651570641717,0.5519809008927723,0.03067514484635249,0.01247565208847892,0.5896721857762854,0.8152647675909297,0.8245937772314884,0.23088596664282815
-2.61,-0.8691180465307068,0.01093669756480272,0.0027689746596158246,0.6536529764020215,0.024898856147175377,0.012364673231071785,0.5488408903621018,0.03037572523963032,0.012236884556734134,0.5842575919259607,0.8582133595658917,0.8375695759569011,0.2242052527422691
-2.6,-0.8596251610192082,0.010941438318005023,0.0028267211963699536,0.6628480997472289,0.02657031327602614,0.013213378093950293,0.5456370463234347,0.030563388359533938,0.01226823104981747,0.5787041607614702,0.8538792944701908,0.8423462502495778,0.21761487821478984
-2.59,-0.8502359609342107,0.010962262814805817,0.0028934019556659187,0.6720974018012468,0.028334298905880424,0.013977214045215208,0.5423772942286712,0.03134331178297627,0.012733038707550999,0.5730180242422711,0.8110619372036587,0.8404479194656158,0.21111800401987982
-2.58,-0.8409493137783662,0.0110746315450887,0.0029924317569658826,0.6814001692476145,0.02954900766136161,0.014488699568278198,0.5390696363084859,0.03274706208078321,0.013647518307236272,0.5672054507034283,0.7638479461471779,0.8370609498386289,0.2047175941227152
-2.57,-0.8317640994239553,0.011313782452621452,0.0031335833988364965,0.6907556185733157,0.02976078495656139,0.014692655504579228,0.5357221379561466,0.0347704224852117,0.014867520026416994,0.5612728380887406,0.7406501332719352,0.8382087207863674,0.19841641539139226
-2.56,-0.8226792099777811,0.01168287550286334,0.003307039767793849,0.7001628940999088,0.02923748925210043,0.014676826539675876,0.5323429140785007,0.03724829686805768,0.016136930047044952,0.5552267069345154,0.7536954267295474,0.8473862347867146,0.19221703787523137
-2.55,-0.8136935496475382,0.01213305231770185,0.0034875243516616352,0.7096210662518028,0.028669050701701285,0.014640699222569773,0.5289401154468311,0.0396555500867538,0.017183101889444184,0.5490736931088835,0.8014908519821039,0.8635516372402071,0.18612183545756503
-2.54,-0.8048060346096415,0.012541913462336712,0.003646980277117333,0.7191291300703783,0.028574745729197094,0.014812853258501396,0.5255219150800655,0.04120595482137703,0.01782536248723318,0.5428205403127705,0.867303689488581,0.8816371361395329,0.18013298687552526
-2.53,-0.7960155928784991,0.012772781185990314,0.0037695595648543374,0.7286860039815154,0.02918633449582493,0.015350769591399397,0.5220964946924903,0.041560605257330165,0.01805474444790453,0.5364740923499552,0.9173223828766,0.8953327937459187,0.1742524770984672
-2.52,-0.7873211641772119,0.012815922419780487,0.0038609949361114323,0.7382905288228528,0.030570403357543904,0.016266928724194912,0.5186720312376767,0.041270585905798685,0.018051084276170387,0.5300412851749474,0.9196911580598353,0.9006052876919148,0.16848209905581582
-2.51,-0.7787216998096864,0.012801159360896635,0.003946909156646464,0.7479414671359013,0.03265784315013022,0.017415974086885947,0.5152566835797993,0.04117145446688959,0.018125895103010523,0.5235291387287414,0.8772578470907636,0.8979765974069043,0.162823455704296
-2.5,-0.7702161625341447,0.012864481354735923,0.004060244274416531,0.7576375027268697,0.035104588616721055,0.018552470112312123,0.5118585793228384,0.0417700458054921,0.018608217084490532,0.5169447485738142,0.8238241307795233,0.8922649299571984,0.1572779624237168
-2.49,-0.7618035264380144,0.013083738761744967,0.004223934013230855,0.7673772404988095,0.03715172740803165,0.019437501414022087,0.5084858018274495,0.043247390050923915,0.01971488457803686,0.5102952773410443,0.7916481419164797,0.8899111568325435,0.15184684972972157
-2.48,-0.753482776814187,0.013487043206198533,0.004437966998007377,0.7771592065564091,0.037993172137178524,0.019948681436994065,0.5051463774443804,0.0456695183077239,0.021456376705154826,0.5035879460025159,0.7964617590060685,0.8953798305150378,0.14653116629120191
-2.47,-0.7452529100386265,0.014043350041864555,0.00467821356705577,0.7869818485835153,0.03762673411263355,0.02014345162475009,0.5018482629924099,0.04905043906446513,0.023619695075685548,0.4968300249854165,0.8389722098042325,0.9086581281173735,0.14133178223939585
-2.46,-0.7371129334493152,0.014627592781867838,0.0049084277364477465,0.7968435364921969,0.036892960691385805,0.020243553220920172,0.4985993335077059,0.053145362433746325,0.025842524459008635,0.49002882514344365,0.9042645843748671,0.925267679971838,0.13624939275506054
-2.45,-0.7290618652265223,0.015041567196688917,0.005099663571409416,0.8067425633409337,0.036636539904320926,0.020542732685499786,0.4954073702903967,0.057133516648716735,0.027757021488857222,0.4831916886032972,0.9591524665648031,0.9387893736987183,0.1312845219195326
-2.44,-0.7210987342743789,0.015180354322337733,0.005246845789174883,0.8166771465182985,0.03729952267615904,0.021275471227200072,0.49228004927291363,0.059805595876625386,0.029150279095661175,0.47632597950490885,0.9682616167014004,0.9444781981896495,0.12643752681495318
-2.43,-0.7132225801037482,0.015156803508226646,0.005373114702409037,0.8266454291872948,0.03903425405693243,0.022505288122912803,0.48922492973339804,0.060701662161564196,0.03007546652885546,0.46943907465509616,0.9285730197399548,0.9419237255080889,0.12170860185846176
-2.42,-0.7054324527163734,0.015172030270953816,0.005518742008023592,0.8366454819844061,0.041795421130241914,0.024086155447349298,0.4862494433760877,0.06075443465339611,0.030861018319514665,0.4625383541152488,0.872097912129335,0.9352508581064346,0.11709778335473718
-2.41,-0.6977274124902922,0.015367549686258947,0.005719825162943731,0.8466753049662545,0.04519703950517349,0.02572013835569597,0.48336088379919356,0.061298491787468094,0.03200292138707551,0.4556311917445114,0.8336586791103635,0.9307535105016947,0.11260495425090142
-2.4,-0.6901065300665022,0.015808397519611682,0.005988053936327715,0.8567328297957333,0.04828424516440435,0.027090751033508033,0.48056639636926834,0.06313457926018505,0.03397392094681145,0.44872494572067334,0.8320287600612093,0.9333156838688316,0.10822984907749199
-2.39,-0.6825688862368646,0.016483478271911697,0.006302998640158949,0.8668159221584735,0.049872389934882515,0.02801412613541793,0.47787296851957467,0.06656057451418423,0.037023532726527295,0.4418269490616163,0.8697572644180943,0.9436632556550353,0.1039720590589643
-2.38,-0.6751135718332317,0.01726605462906251,0.00662206581692355,0.8769223843995357,0.04971252848653641,0.02853720413138868,0.4752874204883507,0.07169887532824339,0.04105569271765753,0.4349445001707204,0.9330089829484087,0.9580086010821027,0.09983103737699289
-2.37,-0.667739687617786,0.0179033345298347,0.00690359913145158,0.8870499583693396,0.04885164220573317,0.028932070539420016,0.4728163965112761,0.07850504830524624,0.04564758911217178,0.4280848534300252,0.988993345653612,0.970273212802137,0.09580610456971923
-2.36,-0.6604463441745768,0.018186460438965785,0.007130824550739004,0.897196328467033,0.04854568739981023,0.02958160022173133,0.47046635648080626,0.08626927560191028,0.050218770311211476,0.4212552098652641,1.000892937900978,0.9755926758184051,0.09189645405002383
-2.35,-0.6532326618022415,0.018183867258030915,0.007323036017890709,0.9073591248687285,0.04951743091516558,0.030803725519046376,0.4682435680833687,0.09317722855545674,0.054293297518652195,0.41446270790705403,0.9628811416920435,0.9730784245145407,0.08810115772589586
-2.34,-0.6460977704078984,0.018159917681523613,0.007526821046166439,0.9175359269273773,0.052035728700746714,0.032695162870023865,0.46615409942374725,0.09729978511671947,0.057747409486191045,0.4077144142725677,0.9056918244370654,0.9662540371176126,0.08441917170602907
-2.33,-0.6390408094021992,0.018339991110957844,0.007791121398393101,0.9277242667304306,0.05605624706688615,0.03507240648577353,0.46420381214431605,0.09880163425657129,0.06092662663782778,0.40101731499194565,0.8650611917291519,0.960942168909158,0.08084934207388615
-2.32,-0.6320609275955266,0.01884105127650214,0.008139499475052391,0.9379216328009438,0.06103438111811308,0.037546485616610774,0.46239835504507415,0.09994991992223391,0.06456041250227838,0.3943783066034896,0.8611559096338504,0.9618594788155596,0.0773904107136448
-2.31,-0.6251572830953269,0.01967396421997567,0.008555480140435508,0.9481254739272866,0.06560375427809267,0.03970513339590643,0.4607431582088158,0.10288619839062305,0.06948727944419304,0.38780418754134177,0.8970378564850566,0.9699159499934144,0.07404102117167016
-2.3,-0.6183290432045634,0.020700715691503717,0.008990285493131054,0.9583332031063186,0.068062239031412,0.04132056151329896,0.4592434276340729,0.10863726724353258,0.07629482537793818,0.3813016497388856,0.9582572253087882,0.9817813596685211,0.07079972453743764
-2.29,-0.6115753843212784,0.02160223741174008,0.009389835216421174,0.9685422015845564,0.06805436910107802,0.042481205699676686,0.4579041403768844,0.11764113693126495,0.085034844561089,0.37487727047051866,1.0111344637485098,0.9919346665141581,0.06766498532817093
-2.28,-0.6048954918392535,0.02206014258418054,0.00972640569882978,0.9787498229816861,0.0671059087237104,0.04357503166125746,0.4567300402008431,0.13008398424948509,0.09516062148015628,0.3685375044537241,1.0195354112286388,0.9959499857143143,0.06463518736184373
-2.27,-0.5982885600497537,0.02209590568249488,0.01001665071748308,0.9889533974806647,0.0670595820522493,0.045120440483562285,0.45572563373331104,0.1450843563971716,0.10574659879483675,0.3622886762325358,0.9797601659747064,0.9930611430391921,0.06170863960363065
-2.26,-0.5917537920443455,0.022045682019957904,0.010314537775807498,0.9991502360685883,0.06899023089374098,0.047517739062637884,0.4548951871242192,0.15953215630864104,0.11591996828849477,0.3561369728625434,0.9233908268135411,0.9865036357704471,0.058883581971371626
-2.25,-0.5852903996187763,0.02223738258720235,0.010681859350585942,1.0093376348125698,0.07329295329581798,0.05084124595293503,0.4542427232023911,0.16922342061978796,0.1253172086771446,0.35008843691652203,0.8854709249869637,0.9814780702967834,0.05615819108613798
-2.24,-0.5788976031779028,0.022853182745264794,0.011152473684942656,1.0195128791549903,0.07982823941873977,0.05478229146384813,0.4537720191229527,0.17327423980349782,0.1343381371886142,0.34414895982861143,0.8850860456045639,0.9820011115026218,0.05353058595454918
-2.23,-0.5725746316416599,0.023923459715935326,0.011711209100126994,1.0296732482126685,0.0875718580895707,0.05878583582497121,0.45348660449806755,0.17563082075333902,0.14404004554811584,0.33832427559370837,0.9234677869844123,0.9885535577334784,0.050998833570087755
-2.22,-0.5663207223520537,0.025274412114221267,0.012300929461089722,1.0398160190647747,0.09423254596180725,0.06232701580890721,0.45338976000196474,0.18086435168676282,0.15567745043062411,0.33261995483739354,0.9828628473554771,0.9979190093622944,0.04856095442128934
-2.21,-0.5601351209811732,0.02648408551944423,0.012855195691700743,1.0499384710146504,0.09741087698067986,0.06519572981393708,0.45348451644006277,0.19129205639380104,0.17007846599057272,0.3270413992702853,1.0271724741605963,1.0052548409201651,0.04621492789534521
-2.2,-0.5540170814402052,0.027116213976690205,0.013338350068890796,1.0600378898110967,0.09720079135529502,0.06764041906956976,0.4537736542708697,0.2078042635289722,0.18716171335845194,0.32159383653921025,1.0244008616381015,1.0070813246216186,0.04395869756633726
-2.19,-0.5479658657894431,0.02718049836276569,0.013769199203594134,1.0701115718151715,0.09627493169938116,0.07028226576315329,0.4542597035683315,0.23049959221154456,0.20586576386644848,0.31628231548603214,0.9791802753780646,1.003343754462399,0.04179017635803412
-2.18,-0.5419807441492785,0.027121799698645203,0.014212940184968947,1.0801568280990483,0.09731754745655305,0.0738246883908233,0.45494494441135186,0.2566795477503402,0.22458063579281276,0.31111170182335207,0.9259337727732949,0.9973125185949128,0.03970725157189951
-2.17,-0.5360609946121665,0.02738789508464533,0.014744399220855494,1.0901709884640909,0.10176528486980049,0.07869524083935862,0.4558314076863589,0.27912574766422094,0.24191355748848006,0.3060866742346535,0.8968245582350952,0.9934461912554823,0.03770778977170351
-2.16,-0.5302059031555497,0.028229630948993233,0.015403431764570881,1.1001514053659056,0.11001980311858645,0.08480697618621973,0.4569208762880347,0.29067777993257365,0.25741861866455557,0.3012117209047618,0.9066648829600985,0.9945992753984255,0.035789641516876185
-2.15,-0.5244147635557365,0.029679461473673917,0.016169458387919212,1.1100954577348405,0.12140658881528413,0.09157977945546238,0.45821488670264704,0.2927465291475,0.2718922091861481,0.29649113648479225,0.9514290726291581,1.0003277018216852,0.03395064593749979
-2.14,-0.5186868773027171,0.031474655299254736,0.016971960482660146,1.1200005546810814,0.13344735501232624,0.09823360317947795,0.45971473095784865,0.2939428356953733,0.2870243403089389,0.2919290194940271,1.0066501198261388,1.0073124562943858,0.03218863514459428
-2.13,-0.5130215535159126,0.03302277765308527,0.01773248954799556,1.1298641390742858,0.1420111446604824,0.104216521500732,0.46142145892231096,0.3013020544830445,0.30452534399879966,0.28752927015944746,1.0343041589902224,1.0115637643187,0.03050143847011158
-2.12,-0.5074181088608423,0.03377517396744369,0.018413842578435285,1.1396836909884562,0.14462750029985788,0.10954171069156199,0.46333588093817346,0.317885290704609,0.3251520334205627,0.28329558869192184,1.0135723859607324,1.0109548559165928,0.02888688653180848
-2.11,-0.5018758674667017,0.03382619313692972,0.019046091652310897,1.1494567310035655,0.1436476774775009,0.11483589407268201,0.46545857076897784,0.3448865558058464,0.3481617128913426,0.27923147399636916,0.9628786408455976,1.0064692027904243,0.027342815118917622
-2.1,-0.49639416084484156,0.03380030115391138,0.019711856662457592,1.15918082335629,0.14384410487306826,0.1210451986746883,0.4677898688455327,0.3800908414978638,0.3715415991521597,0.2753402228115336,0.9183716972891407,1.001416028002905,0.02586706889527505
-2.09,-0.49097232780813677,0.034273123995510524,0.020497848000506046,1.1688535789330317,0.14868696929461933,0.12893430407619474,0.47032988579203594,0.413894441133179,0.39296296418894017,0.2716249292733941,0.905726371292999,0.99919546473473,0.02445750491728756
-2.08,-0.48560971439123546,0.03554516362433785,0.021441469870841945,1.1784726580992921,0.15960868015346574,0.13864712376920574,0.4730785062147295,0.4327090071864322,0.410995446050085,0.26808848489463866,0.9315066952407915,1.0011099364432843,0.023111995964833668
-2.07,-0.48030567377168004,0.03759750051131439,0.022506097516635813,1.1880357733602822,0.1761726441005671,0.1495882846835775,0.47603539273539275,0.4329820818448268,0.42592354283723016,0.2647335789511169,0.9817774913578248,1.005636118394995,0.02182843368388275
-2.06,-0.47505956619188916,0.03997044780719996,0.023602283278986537,1.1975406918485618,0.19521633315942058,0.16072305078662852,0.47919999025211374,0.425945735873586,0.4396706039211415,0.2615626992647222,1.0232180205479184,1.0095687407164193,0.02060473154028675
-2.05,-0.4698707588819923,0.041811898608724196,0.024643692028561696,1.2069852376352972,0.21042756984230043,0.17115675157721547,0.4825715304099467,0.4247028909592156,0.4547994349362514,0.25857813337076874,1.0234120247190075,1.0102051573556425,0.019438827584845615
-2.04,-0.46473862598350674,0.04254653840290513,0.025603579441955,1.2163672938626393,0.21647931728421851,0.18067545226818668,0.4861490362643459,0.43619111878636163,0.4730843728819048,0.2557819700566188,0.9833592581092917,1.0070857309288317,0.018328687030368367
-2.03,-0.4596625484738485,0.0425437812540408,0.026535384301347893,1.2256848046954976,0.21531162790780617,0.18992185697956732,0.48993132712058357,0.46318600684446315,0.4944370815293614,0.2531761012571014,0.9348084639337427,1.0021592665207222,0.017272304642045398
-2.02,-0.45464191409166765,0.04268253238721092,0.02754234207105408,1.234935777091833,0.21439593908628166,0.2000686277448952,0.49391702353275513,0.5034934383434977,0.5168269623536086,0.25076222429112394,0.9092986389323967,0.9983402017348016,0.016267706943011957
-2.01,-0.4496761172629991,0.04363712340879562,0.02871351332697064,1.244118282391376,0.22010430782343654,0.21214285842101493,0.49810455244643004,0.5448655999483822,0.5373110334296916,0.24854184442286026,0.9207388691671168,0.99750461529806,0.015312954237516878
-2.0,-0.44476455902822015,0.04569019259142347,0.030066596661868165,1.2532304577234417,0.23526846504267643,0.2263828223905028,0.5024921524695004,0.5678567520954851,0.5536530180454077,0.24651627772995802,0.9620701575193815,0.9993039225000487,0.014406142454612407
-1.99,-0.4399066469698058,0.04863157683947868,0.0315355370653809,1.262270507235263,0.25920952093557303,0.24202365931344788,0.5070778792563372,0.5641969736476836,0.5656321581935464,0.24468665426038755,1.0052781999664209,1.0015558660314448,0.013545404815750787
-1.98,-0.43510179514087294,0.05160430263601082,0.033013171122753274,1.2712367031429366,0.28658127692943064,0.25767985672688953,0.5118596109909495,0.5471203032190418,0.5752631946881979,0.24305392145884208,1.0156871760674642,1.0018584598506175,0.012728913330108376
-1.97,-0.4303494239945054,0.05347360008085215,0.03442289347635574,1.280127386607803,0.3072328294419871,0.2721366335661463,0.5168350539554833,0.5356609350225637,0.5857364281741961,0.2416188478429879,0.9846309871381571,0.9992501983466318,0.011954880121860223
-1.96,-0.42564896031385063,0.05395204613629139,0.03577241894044523,1.2889409684416508,0.3134015024666525,0.2850905259279315,0.522001748171037,0.5409707742219624,0.5996259666409264,0.2403820269093736,0.9380900628297308,0.9947699043746204,0.01122155859399429
-1.95,-0.4209998371429799,0.0539520972447185,0.03715230486183366,1.2976759296447848,0.3090375192891047,0.29737220044725815,0.527357073098481,0.5671565040482811,0.6173760880688991,0.23934388124842726,0.9088663395129724,0.990598311735778,0.010527244433587
-1.94,-0.41640149371850393,0.05459984600932268,0.03867749111442546,1.3063308217815057,0.30588936615263396,0.31047247075884327,0.5328982533876526,0.6111131471644202,0.6369667787066755,0.23850466684769872,0.9140722698807401,0.9884748937995318,0.009870276463759063
-1.93,-0.4118533754019352,0.05656412228280246,0.040409114330050816,1.3149042671980937,0.31325975897948344,0.3256197737766995,0.5386223646640368,0.6573107512069883,0.6550093064283725,0.23786447756235019,0.9492448122474213,0.9885521652698886,0.009249037347792947
-1.92,-0.40735493361278896,0.0599284824451085,0.042309674353532785,1.3233949590888316,0.3346054549233301,0.34296238934737827,0.5445263393427631,0.6813035089882927,0.6686878385000734,0.23742324973185608,0.988540937128059,0.989464431422564,0.00866195415112219
-1.91,-0.4029056257624155,0.06396610793347166,0.044264739495530676,1.3318016614160162,0.36736433009321023,0.36138365333756933,0.5506069724604896,0.6720824115794091,0.6774335754151045,0.23718076692192236,0.9986271703103283,0.9894653406098973,0.008107498767097097
-1.9,-0.39850491518855424,0.06718649725848945,0.04616009006310311,1.3401232086903028,0.4014120030792989,0.3791108455223811,0.5568609275164801,0.645573556259012,0.6833283555650548,0.2371366647708231,0.970328886015763,0.9877242645176413,0.007584188212593373
-1.89,-0.3941522710906034,0.068503539974992,0.04796369057791086,1.348358505618037,0.42154728667243757,0.3947785758042267,0.5632847423149057,0.6258721723481971,0.6899516769210096,0.23729043591959803,0.9281345534139155,0.9848178603722166,0.00709058479965951
-1.88,-0.38984716846559647,0.06850042929698813,0.04975517296403406,1.3565065266225007,0.42090645207731964,0.4082907697781825,0.5698748348011285,0.6274216868833036,0.7003055289747943,0.23764143500594126,0.9035078922265753,0.9821148532992664,0.006625296189497112
-1.87,-0.38558908804487757,0.0687604007263776,0.051678669892675326,1.3645663152462622,0.409907770725495,0.4209132976147576,0.5766275088854236,0.6547799160337854,0.7150279606097427,0.2381888837020589,0.9118848821762677,0.9806004114127951,0.006186975335136293
-1.86,-0.3813775162314693,0.0705496828847759,0.05384729969741459,1.3725369834419572,0.4051213132056143,0.43449429992752286,0.5835389602482882,0.7026502041462905,0.731974228200449,0.23893187577732813,0.9461420083527406,0.9800748486977835,0.005774320319207498
-1.85,-0.3772119450381238,0.07432684704862809,0.056263588089593974,1.38041771075904,0.4168313485415554,0.45027203003071925,0.5906052821221409,0.7511166534601038,0.7474543148615657,0.23986938216721868,0.9784171241355939,0.9793192854915777,0.005386074093222315
-1.84,-0.373091872026051,0.07948573800156829,0.05881291485458339,1.3882077434340585,0.4467371508999302,0.468025655130117,0.597822471044871,0.7717927766520687,0.7584226798127036,0.24100025603064834,0.9786959933437219,0.9770467947445896,0.005021024124761064
-1.83,-0.3690168002443159,0.08424652472075603,0.06133888282024846,1.3959063933921454,0.48737536652541746,0.48613996565522627,0.6051864325812827,0.7545338979064014,0.764318917275977,0.24232323777872164,0.9455460295651477,0.9728678342369913,0.004678001958924966
-1.82,-0.36498623816989795,0.08675284978601355,0.06375202447108841,1.4035130371673563,0.5213525251085565,0.5025832019540971,0.612692987009076,0.7199491906624845,0.7674363135136433,0.24383696005864544,0.9067463585305798,0.9675376916028382,0.0043558827003475865
-1.81,-0.36099969964840495,0.08705416236455871,0.0660970479426743,1.4110271147495235,0.5311723716143105,0.5161958664246343,0.6203378749665374,0.6959061975591151,0.7715658777319154,0.24553995267751894,0.8902352956845456,0.9623542044388452,0.004053584421974931
-1.8,-0.3570567038354344,0.08704828637130278,0.06852958873884533,1.4184481283651806,0.5181275049254401,0.5274565982987695,0.6281167630596247,0.6981854933876969,0.7797125374868902,0.24743064745164678,0.9047585247587323,0.958233290861918,0.00377006750671851
-1.79,-0.35315677513857574,0.08866788789266751,0.0712156019652515,1.4257756412000415,0.5015834400819025,0.5382028466301906,0.6360252494265886,0.7301451367881193,0.7922657026420736,0.24950738296802147,0.9359498230996213,0.9551876353143146,0.0035043339279612795
-1.78,-0.3492994431600456,0.09284695389703808,0.0742221367461933,1.433009276070377,0.49983916273834017,0.5504567779126082,0.6440588692587079,0.7823162579186113,0.8067528926222667,0.25176840924565946,0.9538281190979631,0.9525480478458497,0.0032554264747555665
-1.77,-0.34548424263994987,0.09911778588792695,0.07747658854129924,1.4401487140504465,0.5205257106198673,0.5651054762100208,0.6522131002760934,0.8288983222922958,0.8193477079266784,0.25421189228553603,0.9390011061682183,0.9496499134723578,0.0030224279273952433
-1.76,-0.34171071340016557,0.10541721274162003,0.08082428286977639,1.447193693062988,0.5601234879160026,0.5813034575807633,0.660483368157857,0.8398449472200303,0.8272204252235664,0.25683591849895926,0.9043192446569185,0.9463730144895169,0.0028044601888742096
-1.75,-0.3379784002888353,0.1092319215821125,0.08414356219277208,1.4541440064394922,0.6027896217408014,0.5970064991306065,0.66886505192624,0.8115164026206444,0.8302838259386175,0.2596384990053214,0.8790671546496396,0.9431180451889946,0.002600683377560484
-1.74,-0.33428685312546846,0.1101842376638161,0.08743461604055813,1.4609995014567863,0.6251243232881437,0.6102991363587323,0.677353489284546,0.7713678789861921,0.8312456038574368,0.2626175737912897,0.8812646204334593,0.9403195979000442,0.0024102948862218757
-1.73,-0.33063562664664153,0.11043931635727783,0.09081621612720611,1.467760077856154,0.6168624682727021,0.6206410426032489,0.6859439819089382,0.7486101830126588,0.8339245520941916,0.2657710157246121,0.9061353328063094,0.9379746731295234,0.002232528412336714
-1.72,-0.327024280452292,0.11245278984694901,0.09443239853515467,1.474425686350933,0.5936955452286768,0.6292007631190927,0.6946318006943132,0.7573723827536462,0.8408748814812732,0.2690966344168349,0.9286718417588158,0.9356012384661169,0.0020666529644130433
-1.71,-0.3234523789525984,0.11753664413252128,0.0983397861546389,1.4809963271282323,0.5798858214380775,0.6380533511535396,0.703412190954605,0.7973019696346838,0.8518056066615148,0.27259217993033097,0.923897082579658,0.9326281615706841,0.0019119718488231764
-1.7,-0.3199194913154408,0.12527193157242847,0.10246337685085052,1.4874720483500732,0.5896469162845852,0.6487866764874923,0.7122803775779292,0.8521391592081657,0.8637897364240488,0.276255346326136,0.8943729985543095,0.9288424114382611,0.0017678216414394672
-1.69,-0.31642519141443526,0.1331312938133023,0.10665866624136357,1.493852944658936,0.6235754209158383,0.6614641693756844,0.7212315701370317,0.8897178036844888,0.8731308683358897,0.28008377505016135,0.866358244644195,0.9245036647755088,0.0016335711481324092
-1.68,-0.31296905777753564,0.13789562996597957,0.11083622969828745,1.500139155692338,0.6681431895423489,0.6746458354618202,0.7302609679555027,0.883899924398975,0.8777033030517307,0.2840750581563956,0.8613657221983649,0.9200616163373461,0.0015086203579652811
-1.67,-0.3095506735361968,0.13902839613780038,0.11505325775724352,1.5063308646107205,0.6981390717611258,0.6864373294668935,0.7393637651301548,0.844015774936158,0.8782790958707631,0.2882267413667343,0.8792855755490075,0.9157608961292306,0.0013923993926916517
-1.66,-0.3061696263750934,0.13933732145657848,0.11949697262705422,1.512428296642558,0.6956293961184388,0.6958244652881076,0.7485351555099161,0.8038417998156676,0.8780027092431006,0.2925363269680471,0.8987823771661175,0.9114827725420735,0.0012843674559343033
-1.65,-0.3028255084823873,0.14210262097724274,0.12436531722183561,1.5184317176502469,0.6707606594384202,0.7033573487101237,0.7577703376314489,0.7898824246630372,0.8803619262563829,0.29700127654805136,0.8955414997496655,0.906924458070965,0.0011840117851974466
-1.64,-0.299517916500539,0.1490035793221899,0.1297309161467116,1.524341432719959,0.6501042437914767,0.7107137689165517,0.767064519611565,0.8111555328662934,0.8869685070412405,0.3016190135724487,0.8695236275440589,0.9019103031369411,0.0010908466096396974
-1.63,-0.29624645147765527,0.1592294592029609,0.13549164943198488,1.5301577847782881,0.652687724332083,0.7194690964187429,0.7764129239963317,0.8602272511026507,0.8965772742784195,0.3063869258066514,0.8442943289419584,0.8965441270144884,0.0010044121163139234
-1.62,-0.2930107188193693,0.16923688673546447,0.1414483583180711,1.5358811532381516,0.6822462391013242,0.7299629005133795,0.7858107925665474,0.9113122505985894,0.9059602169636475,0.3113023675862251,0.8396962557601867,0.8910964114265069,0.0009242734273625584
-1.61,-0.28981032824124553,0.17506525601877312,0.14745304139143314,1.5415119526760641,0.7265940645084554,0.7410768576487186,0.7952533910990358,0.9293899485792052,0.9120414982011575,0.3163626619409393,0.8542214566663111,0.8857714497755409,0.0008500195904442301
-1.6,-0.286644893721705,0.1765997574136765,0.15351493182080084,1.5470506315425416,0.7595599907852439,0.7510765937768266,0.8047360140829362,0.9025670671210496,0.9138834906802588,0.321565102578016,0.8669001716306555,0.8805802077982446,0.0007812625844601225
-1.59,-0.2835140334554641,0.17765059047640133,0.15978330630873847,1.5524976709070513,0.7593357552835311,0.7588984527675908,0.8142539893899,0.8566400665357465,0.9132295603083589,0.326906955730828,0.8582687190819386,0.8754071242286237,0.0007176363424469964
-1.58,-0.2804173698074831,0.1821789238237018,0.16642276937105643,1.5578535832386127,0.7329569958239185,0.7649403663032756,0.823802682896785,0.8262229385202976,0.9132773789827972,0.3323854618798833,0.8338989988951253,0.8701657336367185,0.000658795793308874
-1.57,-0.2773545292674162,0.19185526716709997,0.17348311299928706,1.5631189112228032,0.7080274986070784,0.7707794869917048,0.8333775030591353,0.8299606060559788,0.9165309857846894,0.3379978373534821,0.8163521548054582,0.864878603854571,0.0006044159238713557
-1.56,-0.27432514240456024,0.20484708998519632,0.18087101521247353,1.5682942266156517,0.7062466781548202,0.7780240495376203,0.8429739054333861,0.8677891818506811,0.9231764168400975,0.3437412758159087,0.8183835234511351,0.85962370402283,0.000554190862561956
-1.55,-0.2713288438232949,0.2160677905718495,0.1884478428770125,1.5733801291345721,0.7331455106601459,0.7871390918517467,0.852587397145408,0.9206730390012132,0.9310487828033487,0.34961294965144857,0.8309068519525442,0.8544294762025312,0.0005078329858468836
-1.54,-0.2683652721190099,0.22141073332581843,0.1961723364479465,1.5783772453862537,0.7771414045677002,0.7971014738547393,0.8622135413026302,0.9535923866184002,0.9371697224874926,0.355610011252894,0.832760935850021,0.849232859013767,0.00046507204838970774
-1.53,-0.26543406983451345,0.2225516196850306,0.20416617104220314,1.5832862278311244,0.8112746379752158,0.8061285071805004,0.8718479613466456,0.9414427389145945,0.9397762118093638,0.3617295942235058,0.8160798957069287,0.8439283263622658,0.00042565433774056737
-1.52,-0.26253488341691655,0.22498097530015365,0.21264097561600948,1.5881077537837829,0.8116935319977647,0.8129388083540313,0.881486345342822,0.897734676953331,0.9394534418947518,0.36796881450166447,0.7962571120604225,0.8384405313881211,0.0003893418542160245
-1.51,-0.2596673631749889,0.2330774716006436,0.22174010919843917,1.592842524448568,0.7841377619378435,0.8176243792525074,0.8911244502030944,0.85864138481345,0.938627952260152,0.3743247714176414,0.7905664538255759,0.832745531325681,0.0003559115164895918
-1.5,-0.25683116323697985,0.24740555411309337,0.23142226759667056,1.597491263989215,0.7569704750431637,0.821516126184654,0.9007581058377533,0.8501209906391686,0.9398189928179341,0.38079454869206975,0.797817059747455,0.8268350821512658,0.0003251543932812334
-1.49,-0.2540259415089007,0.26360542045269597,0.24148279318403368,1.6020547186313643,0.753071391530101,0.8261775538809693,0.9103832192316783,0.8779019212682174,0.9438918093150337,0.38737521538579295,0.8006806916436305,0.8206782690305824,0.00029687496141091765
-1.48,-0.25125135963326195,0.2747784438223326,0.2516956887835771,1.6065336557965408,0.7780843037721042,0.832296320633642,0.9199957784401478,0.9275716431315056,0.9495237634637196,0.39406382681081786,0.7879563032716721,0.8142260828087083,0.0002708903903663754
-1.47,-0.24850708294826201,0.27854481404529713,0.26195906347699477,1.6109288632660343,0.8193000451092685,0.839288899499096,0.9295918564989942,0.9661208598059019,0.954218524525625,0.4008574254120893,0.7698917818959895,0.8074513005120049,0.0002470298534286279
-1.46,-0.245792780447421,0.2798782899535822,0.27232540364770697,1.61524114837303,0.8487999502481871,0.8458687851525347,0.9391676152435717,0.9628539983218652,0.956111144792686,0.40775304162976306,0.7623671877905168,0.8003816937251678,0.00022513386530036456
-1.45,-0.24310812473965593,0.2855910548747798,0.28289843549843874,1.6194713372212002,0.8446259485966983,0.8510948581402152,0.9487193090307008,0.9225867101338983,0.9552698820577468,0.4147476947515556,0.765503988486748,0.7930980830637225,0.00020505364609174918
-1.44,-0.24045279200979167,0.2990146171660537,0.2936942159020177,1.6236202739279026,0.8158914572504501,0.8550752871160756,0.9582432883574602,0.8799556308971339,0.9535895390230004,0.42183839376461135,0.7644804121213811,0.7857043899559818,0.00018665051143554036
-1.43,-0.2378264619795033,0.31741194208918405,0.30459356362472645,1.6276888198900625,0.7914855010848787,0.8588034650224988,0.9677360033704451,0.8647290027665256,0.9533935223480493,0.42902213821615964,0.7507431302126505,0.7782959276556061,0.00016979528842824956
-1.42,-0.23522881786868524,0.33262899178410804,0.3154288018363388,1.6316778530707858,0.7921565482446413,0.8632959430227296,0.9771940072588672,0.886163823098061,0.9557769421353067,0.4362959190920059,0.734719689992006,0.7709446585810898,0.0001543677570262365
-1.41,-0.23265954635724193,0.33850242509282236,0.32612426960530405,1.635588267304718,0.8203634980973126,0.8687400353399478,0.9866139595246629,0.9322410793976986,0.9598776618515802,0.44365671972166276,0.7295414151041487,0.7637020400193926,0.00014025611646485524
-1.4,-0.23011833754729638,0.3383859822575234,0.33675875747566614,1.6394209716201846,0.8594048369658919,0.8743264139085667,0.9959926291226031,0.9713175869454181,0.963561180197715,0.4511015167186329,0.7325017500643795,0.7566063636807419,0.00012735647621477038
-1.39,-0.22760488492581096,0.3412256203612153,0.3474872098648625,1.6431768895761614,0.8800165486365231,0.8788810351606385,1.005326897463229,0.9712739259188303,0.9649742841049369,0.45862728096404476,0.728914931767381,0.7496759593850709,0.00011557237094201572
-1.38,-0.2251188853276169,0.35306422813457594,0.3583874974707171,1.6468569586121862,0.8665138139679697,0.8817771911583562,1.014613761271348,0.9334469569250419,0.9638173504936564,0.46623097864148993,0.713392161951858,0.7428757339797658,0.00010481429889702524
-1.37,-0.22266003889884728,0.3724686586404638,0.36936845651866385,1.6504621294093793,0.8355523379167428,0.88340439814515,1.023850335292723,0.8910448190586311,0.961435503688049,0.47390957233054537,0.6979878877688086,0.7360678800103655,9.499928312235335e-5
-1.36,-0.22022804906076962,0.3904097008616393,0.3802216003705399,1.6539933652608414,0.8158195394764354,0.8848447741258482,1.0330338548415638,0.8745996829611821,0.9597268473990556,0.4816600221660505,0.6940059244609889,0.7289895267497648,8.60504548388441e-5
-1.35,-0.2178226224740134,0.3978885907228416,0.39076892897113885,1.6574516414497946,0.8230535228057021,0.8870440435778966,1.0421616781814127,0.8938063257176979,0.9597309931448955,0.4894792870698063,0.6968953087652208,0.7213097626444955,7.789665834526059e-5
-1.34,-0.2154434690031884,0.39656887965390947,0.40097282119283634,1.660837944633987,0.8538596829427476,0.8901475344015195,1.0512312887320754,0.9359298293945147,0.9609539391588804,0.4973643260608928,0.6931960072468835,0.7127782020374366,7.047207674653103e-5
-1.33,-0.21309030168188928,0.3967360783883849,0.41091146391958183,1.6641532722350048,0.8863448773138489,0.8935051854495815,1.0602402970953149,0.9689925953481467,0.9618851964696561,0.505312099650364,0.6796095308181442,0.7034007507886766,6.371587781048224e-5
-1.32,-0.2107628366780828,0.40652531621019544,0.4206493645061729,1.6673986318313259,0.8933646445467931,0.8962899379609819,1.0691864428921656,0.963548045283814,0.9612473683085244,0.5133195713255689,0.6649267257158583,0.6935240096232066,5.757187924190008e-5
-1.31,-0.20846079325987257,0.42532768123512305,0.4301285262237698,1.6705750405541164,0.8711903551312664,0.8981894270120591,1.078067596404906,0.9248301211537239,0.9589888300807766,0.5213837091288693,0.6534272941773847,0.6837352141711402,5.1988232655653536e-5
-1.3,-0.20618389376163826,0.44328928109928883,0.43918208113893453,1.6736835244849955,0.8438457094607292,0.8996103886561367,1.0868817600169327,0.8862676074676823,0.9562741692001293,0.5295014873349921,0.642007840885598,0.6745902764279194,4.691712552715114e-5
-1.29,-0.20393186355054418,0.4498257098390455,0.4476534017610152,1.676725118055196,0.835660161975278,0.9012718666025256,1.0956270694440722,0.8754683987850235,0.9545294949911235,0.5376698882307336,0.6320619538234087,0.6663018238921261,4.231450039824791e-5
-1.28,-0.201704430993414,0.44620897703476425,0.45550507323238076,1.6797008634457753,0.8538332547966269,0.9035746528409222,1.1043017947511689,0.8984291247380575,0.9543237005574303,0.5458859040001817,0.6285566683674262,0.658566444889663,3.813979061960751e-5
-1.27,-0.19950132742396717,0.44391687705391364,0.46281725748195485,1.682611809988807,0.8860570409356129,0.906293450433709,1.1129043411481692,0.9384001188492502,0.9549569577945771,0.5541465387180725,0.6282730868989589,0.6506462556274202,3.435567191615667e-5
-1.26,-0.19732228711041316,0.4520255741180481,0.4696855910525325,1.6854590135696939,0.9057592434865284,0.9088313663846852,1.1214332495603287,0.9621729772794473,0.9550395338274019,0.5624488104533225,0.6221987825308348,0.6416808421898462,3.092782907037659e-5
-1.25,-0.1951670472233997,0.46942882205577807,0.4761242379116343,1.6882435360310477,0.8956585044804998,0.9107860032935089,1.129887196967655,0.9470641864084313,0.9535633116021054,0.570789753484209,0.609175629241866,0.6310772867444239,2.7824737028497887e-5
-1.24,-0.19303534780431103,0.4849730371605451,0.4820675549496059,1.6909664445788246,0.8687363743902878,0.9123264106362831,1.1382649965091804,0.9071350555819245,0.9506137367437576,0.5791664206260707,0.5946993110071114,0.6187845890877092,2.5017455746949942e-5
-1.23,-0.1909269317339126,0.48799653594233644,0.4874605132452662,1.693628811191703,0.8516733452324624,0.9140697147190892,1.146565597348267,0.8759703220285655,0.9472000734509077,0.5875758856718153,0.5799761413600361,0.6053236830156754,2.2479438110424037e-5
-1.22,-0.18884154470133793,0.4814675248746911,0.49233988462985007,1.6962317120349535,0.8592116398871829,0.9165896229343984,1.154788084295706,0.8749699369823382,0.9444029336194234,0.5960152459449048,0.5647036776957908,0.5915714491464601,2.018635026841743e-5
-1.21,-0.1867789351734146,0.47811958624423767,0.4968226149638587,1.698776226880337,0.8867252578264608,0.9199922169674399,1.1629316771880682,0.9026136133276917,0.9425581178221965,0.6044816249638825,0.5520263516314717,0.5784126089366493,1.8115903753919746e-5
-1.2,-0.18473885436432486,0.4863432070718704,0.5010158342026043,1.701263438533853,0.9121470291321596,0.9239051729101271,1.1709957300194227,0.9354424156725141,0.9411113837741186,0.6129721752168733,0.5426323907877848,0.5664195555769931,1.624769876578255e-5
-1.19,-0.182721056205598,0.5027784775606015,0.504941861088322,1.7036944322734073,0.9126784387842195,0.9278463420817186,1.178979729825295,0.9419778538133441,0.939192829391376,0.62148408104387,0.5338577834463059,0.5556851407381473,1.4563078015090364e-5
-1.18,-0.18072529731643017,0.5146890138733305,0.5085520660800239,1.706070295298767,0.8911878771107876,0.9316155220057234,1.1868832953185005,0.9143621909993221,0.9363762916979248,0.6300145616239706,0.5252008338466291,0.54584874014363,1.3044990555353243e-5
-1.17,-0.17875133697432857,0.5133551429688027,0.5118099178182449,1.708392116196389,0.8721601372129122,0.9353663382251434,1.1947061752772836,0.8777991075118465,0.9329836274988141,0.6385608740640898,0.5164140907289215,0.5362707776921221,1.1677865036404227e-5
-1.16,-0.17679893708607625,0.5051830846489354,0.5147550544839099,1.710660984421966,0.8741893384046715,0.9393279062441057,1.2024482466870343,0.8614188612867718,0.9297221694390603,0.647120316585014,0.5060261371614838,0.5262631504244601,1.0447491842358924e-5
-1.15,-0.174867862159014,0.5033156702623345,0.5174855131522761,1.7128779898037478,0.8969926027922164,0.9434596684276206,1.2101095126377066,0.8751403451052302,0.9270167936006581,0.6556902318000155,0.4943233749739592,0.5152837446346203,9.34091359474433e-6
-1.14,-0.17295787927263587,0.5133928401192926,0.5200829324784852,1.7150442220698892,0.9218571153261241,0.9473583016859395,1.217690099979932,0.9056251577874459,0.924628088893328,0.6642680100805674,0.48158339292285773,0.5030391681124151,8.346323522800771e-6
-1.13,-0.17106875805049504,0.5284490050079412,0.5225614548660853,1.7171607704032537,0.9254312709382102,0.9504829365244799,1.2251902567437223,0.9232686062290695,0.921863801541168,0.6728510930030296,0.4677625329481412,0.4894866101022401,7.452971223892679e-6
-1.12,-0.16920027063241652,0.5352439746198484,0.5248896019285653,1.7192287230272365,0.9062807029535499,0.952474972922237,1.2326103493245486,0.9080722872070006,0.9181659453346465,0.6814369768695088,0.453602742113297,0.4747620752915528,6.6510753578247086e-6
-1.11,-0.1673521916470133,0.5298078829570537,0.5270546048156904,1.7212491668262762,0.8862972442556283,0.9532872663781697,1.2399508594424828,0.8732342944592573,0.9135529917648937,0.690023216295389,0.4389646013943975,0.4590777857880016,5.9317428395598155e-6
-1.1,-0.16552429818450268,0.5225208307341461,0.5290975560689379,1.7232231870048103,0.8841377751401132,0.9530406223068791,1.2472123808809945,0.848471213335288,0.908559550612582,0.6986074278553666,0.42397391831601483,0.4426274268157947,5.286894115288985e-6
-1.09,-0.16371636976981968,0.5248567650407123,0.5310853777262928,1.7251518667884456,0.9002910853781756,0.9517833926367703,1.2543956160128724,0.8506982764093675,0.903772562183292,0.7071872937791023,0.40883866123726187,0.42552232653127614,4.709194126937492e-6
-1.08,-0.16192818833602388,0.5374350997902044,0.5330556552598232,1.7270362871710878,0.9177391594984426,0.9493994612787233,1.2615013721216213,0.8740888115015908,0.8993978629917105,0.7157605656869256,0.39308095132267956,0.40776428877471665,4.191988589944377e-6
-1.07,-0.16015953819799691,0.5493464839721316,0.5349956332334449,1.7288775267117387,0.9157928334103304,0.9457440538112754,1.2685305575275254,0.893804340661961,0.8952225833146611,0.7243250683553119,0.3769310360180098,0.3892486534464457,3.729245228464904e-6
-1.06,-0.1584102060264271,0.5499323531455613,0.5368741082578515,1.730676661384525,0.8944438595444799,0.9408628864878839,1.2754841775283756,0.8863632474645654,0.8909583263718388,0.7328787035011499,0.3602162569279382,0.3697868846865333,3.3154996309718924e-6
-1.05,-0.15667998082207835,0.5424945757625123,0.5386865443363827,1.7324347644853495,0.8737540200219546,0.9350838658815246,1.2823633301656474,0.8566280014336791,0.8866167055217525,0.7414194535731162,0.34267150180665634,0.3491402649636079,2.945805407531597e-6
-1.04,-0.15496865389034004,0.5394998278247944,0.5404641008526649,1.7341529065983354,0.869134799183668,0.9289083450502433,1.289169201827626,0.8312429824946092,0.8825729430761255,0.7499453855377585,0.32453934934224954,0.32706142886159645,2.6156883477687857e-6
-1.03,-0.1532760188160549,0.5475302490844626,0.5422421254410684,1.7358321556249157,0.8794023617206738,0.9228191789997112,1.2959030627016457,0.8293994097848486,0.8792819423888527,0.7584546546471925,0.30545580614457224,0.3033443757860965,2.3211042956877744e-6
-1.02,-0.15160187143862186,0.5605711560328568,0.5440285074386232,1.7374735768780682,0.8889503092661671,0.9171793566431768,1.3025662620882326,0.8488669361562988,0.8769217649544483,0.7669455081746078,0.28543629556164024,0.27788333385911074,2.058400474060266e-6
-1.01,-0.14994600982737072,0.5663542459610719,0.545807763715381,1.7390782332437544,0.8818639639790145,0.91227936194778,1.309160223590443,0.8680831454685651,0.8752736527094723,0.7754162891030819,0.2645503190527892,0.250735834720763,1.8242800070113306e-6
-1.0,-0.148308234257206,0.5617509032529525,0.5475729869474579,1.740647185411116,0.8619419855615925,0.9084349087400367,1.3156864401921768,0.864327611927169,0.8739030608312538,0.7838654397525162,0.24255601927417303,0.22217776831525712,1.6157694047213392e-6
-0.99,-0.14668834718451657,0.556701377466592,0.5493476876354594,1.7421814921724161,0.8470928653208795,0.9059951159442946,1.3221464692395926,0.8400090066495299,0.8724343963836925,0.7922915053288181,0.21981849731473627,0.19273226985576977,1.4301887888080856e-6
-0.98,-0.14508615322334864,0.5609204745776918,0.551175293191016,1.7436822107930483,0.8476938055539138,0.9052207503730916,1.3285419273400352,0.8191148661203186,0.8706644815493476,0.8006931373787861,0.19663384982708307,0.16315456993956506,1.2651246509580508e-6
-0.97,-0.14350145912183876,0.5729862763631595,0.5530927879443474,1.7451503974512166,0.858901443523515,0.9061191923857108,1.3348744851930565,0.819217504296537,0.8684533787766754,0.8090690971335058,0.17358220706528807,0.13436373998481888,1.1184049507401189e-6
-0.96,-0.1419340737389045,0.5819440966977658,0.5551202216725536,1.7465871077461042,0.8651417722286918,0.9083523855270491,1.3411458623681922,0.8365813353559428,0.8655559264549568,0.817418258722417,0.15183716841101702,0.10732783786945686,9.88076371264523e-7
-0.95,-0.14038380802118944,0.5809927150437636,0.557275020954342,1.7479933972724608,0.8566031969383933,0.9112542304829762,1.3473578220441025,0.8495558930626772,0.8615969428216732,0.82573961223961,0.13224285321154025,0.08292554052126232,8.723835634519011e-7
-0.94,-0.13885047498026026,0.5766039735063891,0.5595900554287173,1.7493703222586132,0.8423751895781406,0.9139014638128202,1.3535121657235443,0.839662199500029,0.8562319603759533,0.8340322666433068,0.11526858317471886,0.06181763200836981,7.697502211628367e-7
-0.93,-0.13733388967005264,0.5791254391736478,0.5621130498887872,1.7507189402638919,0.8365088201099191,0.9151699883538575,1.3596107279383591,0.8142543473728394,0.8493522237892719,0.8422954524689384,0.10110603143556579,0.04436059062397827,6.787618403194775e-7
-0.92,-0.13583386916456364,0.5902370544997138,0.5648905964795506,1.7520403109303948,0.8405843988984955,0.9137728620236322,1.365655370958271,0.7960711579956041,0.841166433236358,0.8505285243356879,0.08956331440858893,0.030581933471649825,5.981500254424187e-7
-0.91,-0.1343502325357878,0.6011510147559708,0.5679592591926389,1.7533354967828823,0.8431298247015382,0.9083343486463262,1.3716479795167733,0.7968231309799623,0.8321273470303858,0.8587309632258986,0.08022052837200447,0.020218081886622993,5.267782167440353e-7
-0.9,-0.13288280083189394,0.6038018865025805,0.5713563629469554,1.7546055640694083,0.8319125731318643,0.8975420684323384,1.3775904555667473,0.807629084844454,0.8228155152415609,0.8669023785163003,0.07262600057838753,0.012797984490280159,4.636287200811672e-7
-0.89,-0.13143139705564075,0.6019831841751612,0.5751380408460715,1.7558515836340685,0.8092184750224485,0.880353512755418,1.383484713077678,0.8082707883123059,0.8139036425130065,0.8750425097396073,0.06638662936112,0.007745943726668492,4.0779093069403043e-7
-0.88,-0.12999584614302784,0.6052355872534537,0.5793829764960162,1.7570746318119648,0.7859517030448028,0.8561833935316875,1.3893326728854767,0.7907270880215023,0.8062118785883544,0.8831512280547316,0.06119150480258139,0.004477330494520756,3.5845064976357236e-7
-0.87,-0.12857597494217993,0.6164793365342567,0.5841771124364883,1.7582757913352034,0.7654531736279223,0.825008196122366,1.3951362576049018,0.7698075641392095,0.80075603691697,0.8912285374035532,0.05680586623369145,0.002469023998668964,3.1488040042627377e-7
-0.86,-0.12717161219246187,0.6287209085307217,0.5895966794081016,1.7594561522373904,0.7426111331270202,0.7873736702875861,1.4008973866134682,0.7634421852988257,0.7986912465127434,0.8992745753320112,0.05305533310406856,0.001297786501106839,2.7643065701378974e-7
-0.85,-0.1257825885038218,0.6345747740431347,0.5957091664781395,1.7606168127427926,0.7116643516065998,0.7443291044289059,1.4066179711145212,0.7734351421891037,0.8011422063474287,0.9072896134531424,0.049810255807570133,0.0006497076308764427,2.425219079554683e-7
-0.84,-0.1244087363363596,0.6371454913289215,0.6025930396646575,1.7617588801249742,0.6738811494336664,0.6973146717690452,1.4122999092858384,0.7851660164042576,0.8089857407987171,0.9152740575296543,0.04697331463981563,0.0003095869157576939,2.126374790153834e-7
-0.83,-0.1230498899801189,0.6447368430805464,0.6103578849670369,1.7628834715184132,0.6353006265542692,0.6480134409859933,1.4179450815187242,0.7845990959719761,0.8226469315920765,0.9232284471536655,0.04447048519660618,0.00014033042677036246,1.8631704935276009e-7
-0.82,-0.12170588553509959,0.6588983705551646,0.6191454133897255,1.7639917146653108,0.5995647939573284,0.5981772144387306,1.4235553457510817,0.7774391807125545,0.8419182236598118,0.931153455001395,0.042244650979401895,6.048043646567563e-5,1.631507983159641e-7
-0.81,-0.12037656089148867,0.6723006959561416,0.6291073312494707,1.7650847485785781,0.5673224674902986,0.5494497139578125,1.4291325328964077,0.7811797901873954,0.8657861140324962,0.9390498856408356,0.040251113957461025,2.4773528451084204e-5,1.4277412592600234e-7
-0.8,-0.11906175571010705,0.6799187379692055,0.640373773880028,1.7661637241007804,0.5364570967573999,0.5032215191602065,1.434678442369064,0.8015817441580169,0.8922813319002022,0.9469186738708094,0.03845442209714081,9.640631317862177e-6,1.2486289469552698e-7
-0.79,-0.11776131140306995,0.6877855910867183,0.6530328263776614,1.767229804337722,0.5050840807259813,0.46054189342435153,1.4401948377045466,0.824496448804894,0.9184172695976534,0.9547608825703012,0.03682610375244119,3.562976211990313e-6,1.0912914478321233e-7
-0.78,-0.11647507111465846,0.7037109029563626,0.6671339401143639,1.7682841649443493,0.47473758477228534,0.4220895564709302,1.4456834422718272,0.8315060451078142,0.9402964866129475,0.9625777000375733,0.035343028968454766,1.250137430610757e-6,9.531723852008222e-8
-0.77,-0.11520287970240012,0.7249743798235936,0.6827104699073471,1.7693279942397293,0.44845836884403945,0.388187413176416,1.4511459350731948,0.8241178208592969,0.9534362211488183,0.9703704367993402,0.033986208250174954,4.1627725142498036e-7,8.32003940823527e-8
-0.76,-0.11394458371835603,0.7414902011227364,0.6997999764393782,1.7703624931270971,0.4278469180290974,0.35884572355731653,1.4565839466253834,0.8185452788409138,0.9533150618534991,0.9781405218711717,0.03273990023271533,1.3149815910240554e-7,7.257757154250524e-8
-0.75,-0.11270003139061247,0.751483149058349,0.7184388904815665,1.7713888747943511,0.41074126588743504,0.3338265778874054,1.461999054914197,0.8173444248145183,0.9360900030734792,0.9858894984513649,0.031590940273719156,3.938999911983715e-8,6.327067772384256e-8
-0.74,-0.11146907260497461,0.7648046331574586,0.7386270191199733,1.7724083641698931,0.3937418409592985,0.31272601004198064,1.4673927814132737,0.8019764514447854,0.899370538938021,0.9936190190317405,0.030528229096088783,1.1183610369584295e-8,5.512205923030963e-8
-0.73,-0.11025155888686018,0.7880014345716086,0.7602861549187446,1.7734221971084643,0.37699291806181584,0.2950642528237767,1.4727665871562188,0.7576299295081731,0.8428692328790779,1.0013308399102154,0.029542338851099793,3.008095264720551e-9,4.799225573876598e-8
-0.72,-0.1090473433833909,0.814755817289233,0.7832511668007333,1.7744316192815406,0.36328284275749984,0.28036677297412477,1.4781218688499347,0.6935801719983582,0.7687171072730695,1.0090268150915682,0.02862520637417115,7.660967135938262e-10,4.175798814041783e-8
-0.71,-0.10785628084567953,0.8355055429750026,0.8073142903005684,1.77543788474702,0.3537554724253361,0.26821788337964736,1.4834599550157872,0.6264056934446675,0.6812875769447845,1.0167088895645695,0.027769891934855632,1.8463568342042227e-10,3.63103584162603e-8
-0.7,-0.1066782276113104,0.8521556413103729,0.8323032387793606,1.7764422541733227,0.34581667689974127,0.2582773020300089,1.4887821021441436,0.5605286647541838,0.5865190349507869,1.0243790919455824,0.026970387718769882,4.2086059849143027e-11,3.1553240241971666e-8
-0.69,-0.10551304158701125,0.8733621774252975,0.8581425193488201,1.777445992693674,0.3366346709144883,0.2502640099812594,1.4940894908469138,0.4939588683267741,0.49090096533247574,1.0320395264808773,0.026221464460068285,9.067757046165662e-12,2.7401841253873134e-8
-0.68,-0.10436058223151436,0.8993100078556964,0.8848519834118213,1.7784503673672742,0.3276398913095937,0.24392512272947586,1.4993832219920067,0.429683443571639,0.40040206150260443,1.0396923644022267,0.025518547622183137,1.8456589337912107e-12,2.3781419681752696e-8
-0.67,-0.10322071053860492,0.9220643116784227,0.9124765175504488,1.7794566442252642,0.32230632236431295,0.23901415202324425,1.5046643128031176,0.37404400453579745,0.3196184754172247,1.047339834632885,0.024857616671322164,3.546916288701453e-13,2.0626139678311657e-8
-0.66,-0.10209328902035447,0.9415223003140558,0.9409879328988611,1.7804660848809037,0.32110409815473895,0.23529764629880667,1.5099336929079774,0.3299484629475911,0.2513195619412536,1.0549842138437857,0.02423512255093121,6.432309230794056e-14,1.787805115983306e-8
-0.65,-0.10097818169053753,0.9667108575310952,0.9702211539598374,1.7814799426852228,0.3203682959878786,0.2325910148760643,1.515192200318211,0.2958089141137104,0.19642584730891666,1.0626278158627231,0.023647919616090043,1.1002247227796187e-14,1.548618132883609e-8
-0.64,-0.09987525404822938,0.99841447663799,0.9998869215469334,1.7824994584115088,0.3169219097106715,0.230801922778404,1.52044057732418,0.2681587842369762,0.15433060311476865,1.0702729804424251,0.02309320914196692,1.7741561226000478e-15,1.3405726286800967e-8
-0.63,-0.0987843730615829,1.0258968526193835,1.029655293949539,1.7835258554545135,0.3126063523800471,0.22994844047231172,1.5256794662887694,0.2444937478556497,0.12340849227826343,1.0779220613967724,0.022568492161856697,2.695952485889046e-16,1.1597332272736537e-8
-0.62,-0.09770540715178269,1.0457878295563328,1.0592593658643812,1.7845603345330254,0.3112384375549479,0.23013000337927123,1.5309094053249201,0.22461265374726871,0.10154931446140025,1.085577414117937,0.022071529875633898,3.858989818882555e-17,1.002645709005745e-8
-0.61,-0.09663822617717448,1.0677551422098448,1.0885557169488884,1.7856040678876124,0.31331266312553396,0.2314575504012711,1.5361308238428888,0.2091656404661771,0.08659741827969471,1.0932413824909608,0.021600310239725983,5.201444302246257e-18,8.662803218002431e-9
-0.6,-0.09558270141756771,1.0952308389090717,1.1175052812517832,1.7866581929687984,0.3160917209808655,0.2339762968274308,1.5413440379547312,0.1978037285011275,0.07664117445392532,1.1009162852262007,0.021153019634450772,6.599749068881049e-19,7.479814952195932e-9
-0.59,-0.0945387055587098,1.119928358120129,1.1460879810623492,1.7877238056147464,0.3184194868267176,0.23762166410321925,1.5465492457253502,0.18893994186279287,0.07015393622808898,1.1086044016341527,0.02072801872517301,7.880680014890478e-20,6.454232688951553e-9
-0.58,-0.09350611267692985,1.1406281132517384,1.1742052068700783,1.7888019527216312,0.3223296957958172,0.24223118527046178,1.5517465222616293,0.18087348069225082,0.06602054747031234,1.1163079568714398,0.020323821805872312,8.853739348574415e-21,5.565698166062066e-9
-0.57,-0.09248479822395005,1.1658390413236692,1.2016315147542402,1.7898936244143275,0.32867710693241947,0.24760456281753976,1.5569358146337113,0.17334212465972862,0.0634909692239668,1.1240291066911359,0.01993907904894553,9.356719693894272e-22,4.7964051051845825e-9
-0.56,-0.09147463901186309,1.1942206047041124,1.228047971296386,1.7909997457297588,0.3349269779754647,0.2535793710898806,1.562116936625357,0.16735006019414697,0.062096460580087234,1.1317699217351629,0.01957256119197666,9.299793338384106e-23,4.130790273132653e-9
-0.55,-0.09047551319827363,1.2164090798712428,1.2531432229989568,1.7921211678302835,0.3392735636315998,0.26008455017698745,1.5672895633135182,0.1635187418228969,0.06155582630725333,1.1395323714111587,0.019223146277253546,8.691712199657106e-24,3.5552604966368848e-9
-0.54,-0.08948730027160193,1.2345774148124324,1.2767317926922115,1.7932586587697292,0.34400472817498334,0.2671488057366023,1.57245322548081,0.1612762730576218,0.06169336492252786,1.1473183074009816,0.018889808127849978,7.6376323371788295e-25,3.057951632246535e-9
-0.53,-0.08850988103654822,1.25571404263926,1.2988314572357729,1.7944128938402364,0.351690987160391,0.27486615951565246,1.5776073038684177,0.15953384634781856,0.06238336988640003,1.1551294468528719,0.018571606298832307,6.309295487205936e-26,2.6285159144618264e-9
-0.52,-0.08754313759971563,1.2758546906704387,1.3196642687905453,1.795584445533729,0.36108388237912176,0.2833418028859073,1.582751023281115,0.15807521591686408,0.06352571666096289,1.1629673553141926,0.018267677286419776,4.899213158038857e-27,2.257934485008155e-9
-0.51,-0.08658695335539031,1.2920308879882088,1.3395839908156146,1.7967737731577649,0.36985226964123397,0.29264764408764987,1.587883446560523,0.15755056702246617,0.0650454779013557,1.1708334294666076,0.01797722681391339,3.5756595852637176e-28,1.938352248162255e-9
-0.5,-0.0856412129714767,1.3102841954851097,1.3589654559258655,1.7979812121514873,0.37908578050256364,0.3028072416721264,1.593003468447399,0.15804701090268572,0.0669020600320164,1.1787288797305036,0.017699523042596994,2.452657527264429e-29,1.6629325046852568e-9
-0.49,-0.08470580237558663,1.3307823174021172,1.3781035346472175,1.7992069631535506,0.39064697144863936,0.3138116984055626,1.598109809358665,0.158817540404442,0.0690936475634696,1.1866547128103564,0.01743389057993084,1.5810292944823783e-30,1.4257290933941573e-9
-0.48,-0.08378060874128018,1.3489153367804,1.3971586557815434,1.800451080880046,0.4030343179732853,0.3256524202056718,1.6032010091099986,0.15967803978646414,0.07164969195101022,1.1946117142576127,0.01717970517723081,9.577246670011129e-32,1.2215740176313791e-9
-0.47,-0.08286552047445687,1.3669373506946874,1.4161611679817643,1.8017134628766267,0.41453197845530015,0.33835105527904863,1.608275420620037,0.16146826220556118,0.07461318608626391,1.2026004311324034,0.016936389025473692,5.4515278194001985e-33,1.0459787565468276e-9
-0.46,-0.08196042719989562,1.386237468178947,1.4350617504414362,1.8029938382151838,0.42693817837765585,0.3519723084266359,1.6133312036376446,0.1645884610996833,0.07802068445612928,1.2106211548500343,0.016703406571536655,2.9157797316330785e-34,8.950476606343741e-10
-0.45,-0.08106521974794147,1.4041761769392092,1.4538000719211537,1.8042917562114433,0.4417596099550686,0.36661681939762286,1.61836631853913,0.16831802396886733,0.0818889961838001,1.2186739043026675,0.016480260788578113,1.4653280357744304e-35,7.654020095984558e-10
-0.44,-0.08017979014133796,1.4214129470753554,1.472362629107152,1.805606575245776,0.4573638780186324,0.3824020631173457,1.6233785202477746,0.17216178175750804,0.0862137682829062,1.226758409350847,0.016266489843814624,6.919037232480717e-37,6.541134704061011e-10
-0.43,-0.07930403158220325,1.438704941526055,1.4908104323197433,1.8069374517751657,0.47318047390878953,0.3994441969351624,1.628365352333469,0.1767305351111263,0.09097944594324323,1.234874094783547,0.01606166411496689,3.0695595297987565e-38,5.586458361613357e-10
-0.42,-0.0784378384391484,1.4558188496127709,1.509271791074135,1.8082833296297423,0.4910154508556059,0.41785156938304235,1.6333241413556492,0.18236590470673295,0.09617541284409849,1.243020064849124,0.015865383513412018,1.2794302171023667e-39,4.76804053912956e-10
-0.41,-0.07758110623453647,1.4730799653261895,1.52790857097937,1.8096429296923606,0.5106556805227054,0.43773334982092615,1.6382519915179417,0.18837746542410785,0.10181146998544677,1.2511950884629561,0.015677275077800142,5.010248510894357e-41,4.0668966321009973e-10
-0.4,-0.07673373163188076,1.4902846337824298,1.5468716897485093,1.8110147400644367,0.5306423331462984,0.45921844643862475,1.6431457797079894,0.19455283048564512,0.10792744042238064,1.2593975852005699,0.015496990806747823,1.8433050831321754e-42,3.466618685463877e-10
-0.39,-0.07589561242338061,1.5083009027367744,1.5662619755998808,1.8123970068255244,0.5519072410798997,0.48247440708582634,1.6480021510007354,0.20169807384355898,0.11459531120892633,1.2676256121876461,0.015324205703354367,6.371250071092158e-44,2.9530355904855943e-10
-0.38,-0.07506664751759348,1.5264084842394874,1.5861072367693794,1.8137877254978771,0.5751971751451209,0.5077155137167002,1.6528175147079323,0.2099867081348743,0.12191598348892015,1.2758768520004653,0.015158616007815217,2.0688862726997638e-45,2.513916690143074e-10
-0.37,-0.07424673692724151,1.5442224890433403,1.6063586209672858,1.815184633330445,0.5996040247753183,0.5351936337685054,1.6575880410607873,0.2188801343521869,0.13001469135625274,1.284148601691975,0.0149999375974289,6.31144669989027e-47,2.138713442231469e-10
-0.36,-0.07343578175715144,1.562856943060512,1.6269024953142053,1.816585202519323,0.6256196534936457,0.565172360659867,1.662309658616355,0.2286685330448431,0.13903872359621114,1.2924377630597907,0.01484790453588656,1.8088309600582437e-48,1.8183344227009744e-10
-0.35,-0.0726336841923261,1.580806299627907,1.6475804890434436,1.8179866344835642,0.6541361242021244,0.5978912767533571,1.6669780524815023,0.2398545807100109,0.14915873308701957,1.3007408342729532,0.014702267755968355,4.870132468247989e-50,1.5449495135010647e-10
-0.34,-0.07184034748614629,1.598590064107267,1.6682105332360468,1.8193858553164157,0.6846862224482431,0.6335299452718696,1.6715886634509571,0.2520684961912577,0.16057209849874385,1.3090539029741832,0.014562793861696767,1.2318411673536603e-51,1.311819617138368e-10
-0.33,-0.0710556759487015,1.6166905133126992,1.6886045419145395,1.820779512532399,0.7172167864135394,0.6721794806362795,1.6761366881580169,0.26534489798833283,0.17350513329588516,1.3173726409736217,0.014429264037666152,2.9271003384137754e-53,1.1131486810907825e-10
-0.32,-0.07027957493524804,1.6335973041552951,1.7085817959754663,1.8221639732301682,0.7518860098295154,0.7138247239965536,1.6806170803379084,0.28032597218591804,0.18821129370697556,1.325692300648614,0.0143014730547139,6.534127436917679e-55,9.439552053442494e-11
-0.31,-0.06951195083479332,1.6506813880551632,1.7279793164576824,1.8235353237897178,0.7883675795941602,0.758335332526098,1.6850245533044972,0.2969812397046801,0.20496456097001525,1.3340077131619337,0.014179228362357028,1.3702603885630475e-56,7.999607511797074e-11
-0.3,-0.06875271105880473,1.6672043611969252,1.7466607553467477,1.8248893712202185,0.8264667265625422,0.8054624529493073,1.6893535837409959,0.3153515476073524,0.224049526434262,1.3423132886079396,0.014062349259513787,2.699496538796477e-58,6.7749327391924e-11
-0.29,-0.06800176403004192,1.6824997251708294,1.7645240257724042,1.8262216462714973,0.8660413769960447,0.8548399117820598,1.6935984169044556,0.3359183597990985,0.24575091630563614,1.3506030181924864,0.013950666135987898,4.996035018731892e-60,5.7340337111201295e-11
-0.28,-0.06725901917151098,1.6979003495617926,1.7815062892933615,1.8275274084179443,0.9071609542603322,0.9059929791781461,1.6977530733421369,0.35869377509279055,0.2703446382034501,1.3588704785479235,0.013844019778030799,8.686208111190621e-62,4.8499177460391756e-11
-0.27,-0.06652438689553938,1.7118847064956866,1.7975842683085732,1.8288016528183575,0.9491852840889737,0.958360048235421,1.7018113572152616,0.38361819174986844,0.2980903672909678,1.36710883827925,0.013742260732032576,1.4187184643293626e-63,4.099466236735135e-11
-0.26,-0.0657977785929701,1.7252673925623354,1.8127686469033026,1.8300391193489545,0.9917576115226223,1.011330136180609,1.705766866322173,0.4109943651282992,0.3292235586697965,1.3753108668313685,0.013645248721038877,2.176821140486932e-65,3.4628924013251414e-11
-0.25,-0.06507910662247395,1.7385765477528767,1.8270930468123445,1.8312343037994485,1.0345187704700096,1.064292113822993,1.7096130039084843,0.44093049855707805,0.3639440248558909,1.3834689457604543,0.013552852109360115,3.1376840695760094e-67,2.9232728784177215e-11
-0.24,-0.06436828429997839,1.7504043647548542,1.840599649059972,1.8323814713137039,1.076247226649685,1.1166836233497721,1.7133429923464552,0.4733076216954651,0.4023995651520141,1.3915750824846909,0.013464947411041896,4.24869069252625e-69,2.466143410345319e-11
-0.23,-0.0636652258882121,1.7623739315219829,1.8533242133906005,1.8334746721470934,1.117402944182857,1.168024018044245,1.7169498887594519,0.5084877096907368,0.4446660852384861,1.3996209265810025,0.01338141883841064,5.40455605682371e-71,2.0791501044153596e-11
-0.22,-0.06296984658636356,1.7735791117308872,1.8652831669877763,1.8345077598022228,1.1574835843589586,1.2179201664185904,1.7204266026600732,0.5463861464770303,0.4907286574857284,1.40759778868502,0.01330215788730128,6.458379787228455e-73,1.7517488550107696e-11
-0.21,-0.06228206251985256,1.7836677652607817,1.8764654243341574,1.8354744115932817,1.19608394982714,1.2660463681213276,1.7237659156622442,0.5867539062952193,0.5404692273702679,1.4154966620412746,0.013227062955925175,7.2501245910344365e-75,1.4749464671207525e-11
-0.2,-0.06160179073021361,1.7940299420341725,1.8868322167095595,1.8363681516768555,1.2342623836129452,1.3121150368518026,1.72696050331835,0.6298560867822844,0.5936652124518781,1.4233082467396123,0.0131560389946464,7.645843988576949e-77,1.2410778604883336e-11
-0.19,-0.060928949165089626,1.8030038867864857,1.8963287670529654,1.8371823765737,1.2710847712081599,1.3558654721922951,1.7300029591223363,0.6749797310144532,0.6499999192724529,1.43102297666205,0.01308899718421325,7.574661754408379e-79,1.0436144672225258e-11
-0.18,-0.06026345666833512,1.8116781054269813,1.9049102811542755,1.8379103831917791,1.3068224317347628,1.397096748581842,1.7328858207086426,0.7219121424717684,0.7090831563516501,1.4386310491518102,0.01302585464023939,7.049506527673095e-81,8.769995770292246e-12
-0.17,-0.05960523297022733,1.8201807604142202,1.91257988472624,1.8385453993458003,1.3413392148999412,1.4357543120492482,1.7356015982648971,0.7705865544089721,0.7704814804033358,1.4461224574030918,0.012966534141951046,6.163277040061298e-83,7.3650694431806e-12
-0.16,-0.05895419867778432,1.8270703429466932,1.9194285885846578,1.8390806167526943,1.3730882108705265,1.4720515159742227,1.7381428051635424,0.8200076841639001,0.8337624181307517,1.4534870255563133,0.012910963883416855,5.0619986618407097e-85,6.181194602130228e-12
-0.15,-0.05831027526518886,1.8338842107237696,1.925660915973411,1.8395092264659856,1.4033378622078632,1.506577095708757,1.7405019908040502,0.8706943319102072,0.898561265711253,1.4607144464691786,0.012859077245655538,3.905616617613063e-87,5.184251186591004e-12
-0.14,-0.05767338506431688,1.8393041294783794,1.931589405102116,1.8398244566948974,1.4315944748579907,1.5403222021496943,1.7426717756431003,0.9225479612435646,0.9646746132374456,1.4677943221189653,0.012810812588178604,2.8308336086410755e-89,4.345278770832573e-12
-0.13,-0.05704345125536933,1.8437529068850405,1.9375891649887105,1.8400196129364257,1.457916727459494,1.5745702013449203,1.7446448883752277,0.9748928227719756,1.0321656278250484,1.4747162065760484,0.012766113058671941,1.9275077898976912e-91,3.639713352376618e-12
-0.12,-0.056420397857606476,1.8494951781827775,1.9440173118550919,1.8400881203305728,1.4847032822530808,1.6106346153899858,1.7464142052109684,1.0277024886039245,1.101436285830887,1.4814696514728793,0.01272492641965204,1.2329201075087845e-93,3.046734369225933e-12
-0.11,-0.05580414972018325,1.8555096373727247,1.9511151105550277,1.840023568130579,1.5120239552490224,1.6494951834504121,1.7479727911835403,1.079373177924053,1.1731985199564614,1.4880442538765066,0.012687204891053946,7.408506454022452e-96,2.548706435370542e-12
-0.1,-0.05519463251308483,1.8626276689443113,1.9589177519476098,1.8398197561614238,1.542691048774127,1.6914423684590931,1.749313943398775,1.1304561482994053,1.248283721691435,1.494429706456391,0.012652905007817497,4.181992744094837e-98,2.1307024048402566e-12
-0.09,-0.05459177271816117,1.8697765360078327,1.9671974969702382,1.839470743121209,1.5786572819741898,1.7358637023802739,1.7504312361262806,1.182417404992292,1.3272824146850202,1.500615849822717,0.012621987491639307,2.2176485776040847e-100,1.7800962144970324e-12
-0.08,-0.053995497620259444,1.875737232978816,1.9754633505288417,1.8389708965614153,1.6165353235662627,1.781270493613471,1.751318567612959,1.235781066690026,1.4100907471568505,1.5065927268938433,0.012594417136150731,1.104737205648131e-102,1.4862155506978106e-12
-0.07,-0.053405735298453355,1.8825801140687881,1.9830350420069427,1.8383149443635374,1.6527974104364151,1.8255783538201285,1.7519702084829936,1.2939221375172967,1.495516331057339,1.5123506391349448,0.012570162704866954,5.169898378258508e-105,1.2400457663915018e-12
-0.06,-0.052822414617368287,1.88875955259082,1.9891956057478095,1.8374980275114048,1.6832397484739725,1.8665563056493046,1.752380851571415,1.3567527438188027,1.581112556670871,1.5178802044934605,0.012549196841332247,2.272802913925503e-107,1.033977670739969e-12
-0.05,-0.052245465218601114,1.8941398503596782,1.9933991684870023,1.8365157539407166,1.707383684686628,1.90229365120822,1.752545663021484,1.4187467716951623,1.663342390550274,1.5231724168407235,0.012531495990959726,9.386382998113342e-110,8.615928471421395e-13
-0.04,-0.05167481751223383,1.898496062452064,1.9954729832193574,1.8353642532300591,1.7266740474440407,1.931531630511559,1.7524603344594742,1.4732738059878845,1.7380436289805217,1.5282187067132271,0.012517040334133141,3.6415935218537385e-112,7.174810487430424e-13
-0.03,-0.051110402668439775,1.8982332049274273,1.9957262262921651,1.8340402318811238,1.7398991111493565,1.9537656930434963,1.752121136044138,1.5148655368573811,1.8010439835505023,1.5330110031314887,0.012505813730203826,1.3272152145714924e-114,5.970849916140122e-13
-0.02,-0.05055215260918163,1.8941500297171685,1.9948904233127196,1.832541028920075,1.748657649550661,1.969113101955549,1.7515249701723001,1.5437115524668892,1.8487262480978734,1.5375417962594784,0.012497803672077399,4.544100297752747e-117,4.96568530944843e-13
-0.01,-0.05,1.8882030487160573,1.9938792002206691,1.8308646715371992,1.7531120052659377,1.9780204493621598,1.7506694256067934,1.5601347676088375,1.8783981867640707,1.541804200653236,0.012493001251144109,1.4615540378915138e-119,4.1270477888479915e-13
0.0,0.0,1.8847504695717296,1.9934453662834437,0.0,1.7538138817785183,1.980929320533361,0.0,1.5648549541960661,1.8884420627970182,0.0,0.012491401132363624,8.862347884689794e-122,0.0
0.01,0.05,1.8882037317803273,1.9938797409563789,1.8308669802021424,1.7531108454163127,1.9780188449328147,1.750662097359014,1.5601041166415772,1.8783270193126362,1.5413959842432794,0.012493001539370371,1.4715830342797962e-119,4.128954861484767e-13
0.02,0.05055215260918163,1.8941514201775016,1.9948915204566224,1.832543385340778,1.7486552553668022,1.9691097698108795,1.7515174027868505,1.5436497473618334,1.8485964251524798,1.5371349468634332,0.012497804249519422,4.575275784630187e-117,4.967965662622836e-13
0.03,0.051110402668439775,1.898235313882795,1.995727909313309,1.8340426388274844,1.73989535534946,1.9537603888524637,1.752113323981235,1.5147736930277451,1.8008802924494058,1.532605935850708,0.012505814598846516,1.3363189978741118e-114,5.973574703532507e-13
0.04,0.05167481751223383,1.8984989180173033,1.9954752913203166,1.8353667133963831,1.7266687150669071,1.9315239882357051,1.752452272352587,1.4731589942051115,1.7378816812674465,1.5278158446975965,0.012517041496968723,3.666567470207111e-112,7.178064046003523e-13
0.05,0.052245465218601114,1.894143503058148,1.9934021449458164,1.8365182699532778,1.7073765141214656,1.9022831746232616,1.7525373456728859,1.4186275809575033,1.6632246039033993,1.522772190402706,0.01253149745200566,9.450741977199101e-110,8.619810690268017e-13
0.06,0.052822414617368287,1.8887641008578155,1.9891992937714877,1.8375006019362987,1.68323049051972,1.8665423549130822,1.7523722739478442,1.3566609112574604,1.5810808227835609,1.5174830501922418,0.01254919860565545,2.2883836414728013e-107,1.0344405808279663e-12
0.07,0.053405735298453355,1.8825856921052375,1.9830394882970523,1.838317579714827,1.6527859732925654,1.8255601415602922,1.7519613657115178,1.293901140349953,1.495602146262624,1.5119569988326316,0.012570164778614442,5.205332606838336e-105,1.240597346245745e-12
0.08,0.053995497620259444,1.8757439553147193,1.9754686239656092,1.8389735953095092,1.6165218208945777,1.781247111346072,1.7513094549770878,1.2358775059733738,1.4103054260461,1.5062030467857135,0.012594419526587047,1.11230753733019e-102,1.4868723234620883e-12
0.09,0.05459177271816117,1.869784528950069,1.9672037263380266,1.8394735077014328,1.5786417256246865,1.735834191408791,1.7504218490623988,1.182659278676628,1.327611172023771,1.50023057944366,0.012621990207190998,2.2328422768850734e-100,1.7808776924507178e-12
0.1,0.05519463251308483,1.8626370138948485,1.9589251776857979,1.8398225889827722,1.542673035821919,1.6914058348369383,1.7493042774929646,1.130827708476692,1.24868694864711,1.4940492976657231,0.012652908058125027,4.2106390653436495e-98,2.131631613076284e-12
0.11,0.05580414972018325,1.8555203259065822,1.9511241352461053,1.840026471584605,1.5120025373974257,1.649450957395158,1.7479628421688596,1.0798056239294587,1.1736212195643778,1.487669159823465,0.012687208287031815,7.459244171450633e-96,2.549810524057946e-12
0.12,0.056420397857606476,1.8495072656076228,1.9440285327212243,1.8400910968003823,1.484677321647037,1.6105824977474457,1.7464039689652253,1.0280763939532465,1.1018231672096883,1.4811003255451607,0.012724930173557174,1.2413621931993323e-93,3.048045328872543e-12
0.13,0.05704345125536933,1.8437668324540715,1.9376033914686257,1.840022664805751,1.4578859509369724,1.5745109143624918,1.7446343609193358,0.9750822842685766,1.0324764625158576,1.4743531013338638,0.012766117184181568,1.9407032756421906e-91,3.641268848754147e-12
0.14,0.05767338506431688,1.839320890642643,1.9316077091292485,1.8398275863572284,1.4315614142710096,1.5402581931403,1.7426609531400445,0.9225222182968418,0.9648938120141437,1.4674378882171475,0.01281081710047782,2.8502093282062258e-89,4.34712311880576e-12
0.15,0.05831027526518886,1.833905003673013,1.9256848106410498,1.8395124363337132,1.4033094124193932,1.506513710653936,1.740490869558527,0.8705660313164377,0.8986978550259175,1.460365131569981,0.012859082161535971,3.9323434305946596e-87,5.1864364850518276e-12
0.16,0.05895419867778432,1.8270962024432917,1.9194604281053176,1.8390839092662798,1.3730711348510758,1.4719982042445372,1.7381313816223387,0.8199321889769365,0.8338407041530703,1.453145273235597,0.01291096922138703,5.096631926954931e-85,6.183782055630615e-12
0.17,0.05960523297022733,1.8202126758453698,1.912623456422515,1.8385487769828917,1.3413295853243072,1.435725065658441,1.7355898690180205,0.7706166288757647,0.7705266133116143,1.4457887060526826,0.012966539922359624,6.2054366601386014e-83,7.368130899740515e-12
0.18,0.06026345666833512,1.8117170533293148,1.9049712943251618,1.8379138484763013,1.3068044363210658,1.3971087499643084,1.7328737824912726,0.7219873596438635,0.7091076347033342,1.4383057308808749,0.013025860885412667,7.097718733204796e-81,8.77361550930422e-12
0.19,0.060928949165089626,1.8030499519898062,1.896414630175342,1.8371859320848818,1.2710546233969944,1.355935286602397,1.72999060881763,0.6750335161149794,0.6499961743021262,1.4307065162004036,0.013089003918608249,7.626455158182231e-79,1.0440421481454752e-11
0.2,0.06160179073021361,1.7940807109251933,1.886950377204391,1.836371800058148,1.234258446750617,1.3122527251330491,1.7269478379611296,0.6298736499101637,0.5936066362437672,1.4230010603459284,0.013156046245021176,7.69811358508796e-77,1.2415828191362562e-11
0.21,0.06228206251985256,1.7837198461503014,1.8766199140161337,1.835478155561192,1.196172943257983,1.2662492149555091,1.7237529324436105,0.5867317296562744,0.5403189044862347,1.4151991564192299,0.013227070751528363,7.299678874173636e-75,1.4755422457435942e-11
0.22,0.06296984658636356,1.7736376577220676,1.8654699531116679,1.834511602154997,1.1576927919262903,1.2181685713234167,1.7204132989329561,0.5462950076867469,0.49045281500882054,1.4073103599104304,0.013302166260082501,6.50251352790534e-73,1.7524512914510757e-11
0.23,0.0636652258882121,1.7624637656052535,1.8535271816262218,1.8334786157732719,1.117672818958486,1.1682818499189607,1.7169362620451472,0.5082889345126069,0.44424821959685074,1.3993439590430694,0.01338142782325474,5.441480837853295e-71,2.0799777073332824e-11
0.24,0.06436828429997839,1.7505587126335203,1.8407898040818178,1.8323855192004916,1.0764746063957071,1.1169039469887956,1.713329040342133,0.47298080987258495,0.4018510955370383,1.3913089478444862,0.013464957046029142,4.277712399500313e-69,2.4671177933523642e-11
0.25,0.06507910662247395,1.7387892692390197,1.8272330263720906,1.8312384590409183,1.0346415718334419,1.0644272751971084,1.7095987244957074,0.44048086101067513,0.3633079669455138,1.3832140019298005,0.013552862436055657,3.1591122862722775e-67,2.92441926195806e-11
0.26,0.0657977785929701,1.725452230216439,1.812822670931165,1.8300433851540137,0.9917771703570564,1.0113436215488791,1.7057522575764297,0.4104553947701096,0.3285692232608978,1.3750674569752834,0.013645259784814888,2.191684172550521e-65,3.464240192402428e-11
0.27,0.06652438689553938,1.7119177183453378,1.7975308812530262,1.8288060325185242,0.9491229508771506,0.9582368956727616,1.7017964174165054,0.38307841709884705,0.29749956851965503,1.3668772898451067,0.013742272582426775,1.428403191892129e-63,4.1010496980105594e-11
0.28,0.06725901917151098,1.697727718077506,1.7813491088295934,1.8275319054748451,0.9070150045592635,0.9057458568499548,1.6977378009863446,0.35828360984967295,0.26989288958668833,1.3586511023244905,0.01384403246914608,8.745490591070779e-62,4.851776767444613e-11
0.29,0.06800176403004192,1.682186335970671,1.7642955020369506,1.826226264284106,0.8658000870119725,0.8545089740433927,1.693582810716185,0.3357477865329251,0.2454894260054023,1.3503961074019626,0.013950679726937844,5.03012483738963e-60,5.736214698960512e-11
0.3,0.06875271105880473,1.6668752853076807,1.7464160376767397,1.8248941139318113,0.8261519235909062,0.8051084554111709,1.6893376426869389,0.3154336563919043,0.2239941108846677,1.342119118034079,0.01406236381491993,2.7179120118113275e-58,6.777489639781974e-11
0.31,0.06951195083479332,1.6504223869825618,1.727780855289678,1.8235401950945,0.7880544954558388,0.7580271003307076,1.6850082766080021,0.2972297865157234,0.20509525264211864,1.333826538317291,0.014179243952904479,1.3796058660199785e-56,8.002602989011998e-11
0.32,0.07027957493524804,1.633454288634357,1.7084787179352627,1.8221689771795693,0.7516764766467264,0.7136237427565818,1.680600467494452,0.2806348192449595,0.1884821930783948,1.3255243569839033,0.01430148975777262,6.57868087322576e-55,9.443058842210006e-11
0.33,0.0710556759487015,1.616671050507094,1.688612815149975,1.8207846533409986,0.7171731572394351,0.672125636759673,1.6761197389515832,0.26561104738520214,0.17385991948303578,1.317218143132074,0.01442928193798673,2.947054008930523e-53,1.1135589271626085e-10
0.34,0.07184034748614629,1.5986781973727537,1.6683000652393738,1.819391137367465,0.6848207216890221,0.6336325900667168,1.6715713779712966,0.25223068333163223,0.16095869491714293,1.3089130440937178,0.014562813052190314,1.2402362927161775e-51,1.312299207361429e-10
0.35,0.0726336841923261,1.5809938021922616,1.6476739611753182,1.8179920623341108,0.654409854316666,0.598128387743895,1.6669604311422195,0.2399394074275543,0.14953791553951667,1.3006137853388744,0.014702288338581908,4.903313925168302e-50,1.545509770255108e-10
0.36,0.07343578175715144,1.5630550799533631,1.6268885320705053,1.8165907809048458,0.6259352321839275,0.565497910764592,1.6622917021737686,0.22876479184275478,0.13938514252705303,1.2923246723105932,0.014847926622586943,1.8211514749142172e-48,1.8189884480685261e-10
0.37,0.07424673692724151,1.5443213938863445,1.6061190583606515,1.8151903671690328,0.5998738095258659,0.5355504049056259,1.6575697506335116,0.21905759233857142,0.13031269129221046,1.2840495940807244,0.014999961311310015,6.354422986361468e-47,2.1394763861577997e-10
0.38,0.07506664751759348,1.526352513626813,1.5855546636412587,1.8137936198938749,0.5753882348378544,0.5080488086643226,1.6527988917971186,0.21022647149879947,0.12215456623497165,1.2757920287140494,0.015158641484346034,2.082969340738253e-45,2.5148060571182273e-10
0.39,0.07589561242338061,1.5079205233736481,1.5653794445266407,1.812403067072608,0.5520128729385662,0.48274224125468934,1.6479831975108776,0.20189750455338354,0.11476576756510994,1.2675550502260728,0.015324233091787516,6.414604759601166e-44,2.954071589986303e-10
0.4,0.07673373163188076,1.4895704279583601,1.545742518867679,1.8110209716481207,0.5306754826958925,0.4593957145555146,1.6431264979682343,0.19462653292603851,0.10802449744014087,1.259341337018277,0.015497020271712104,1.85584364290676e-42,3.4678246320603673e-10
0.41,0.07758110623453647,1.4721849193587262,1.5267225992432467,1.8096493382918397,0.5106539843947892,0.43781019167703566,1.6382323843038156,0.18833576807601315,0.10183620159604692,1.251153181673944,0.01567730680110346,5.044315584775172e-41,4.0682994018792517e-10
0.42,0.0784378384391484,1.4545892024289826,1.5082977667995618,1.8082899211190822,0.490992596639461,0.4178284389991988,1.633304211911095,0.18228224867686146,0.09613721511696985,1.2429925019974928,0.015865417696086258,1.2881258437861091e-39,4.769671089912415e-10
0.43,0.07930403158220325,1.437606850890167,1.4903335564861109,1.8069442322237548,0.4731216339545864,0.39932703710490924,1.6283451043931052,0.17666002087387925,0.09089533180113317,1.2348608531808531,0.016061700979590962,3.090411623311956e-38,5.588352325391625e-10
0.44,0.08017979014133796,1.4210905001580658,1.4725998390767625,1.80561355091802,0.4572828622325791,0.38220026188585443,1.6233579580592643,0.1721104015920535,0.08610508219614589,1.2267594409814364,0.016266529637158196,6.9660142747589596e-37,6.543333061079886e-10
0.45,0.08106521974794147,1.4044083693016078,1.4548183803627355,1.8042989335656479,0.44166216183516066,0.36634472222034603,1.6183454468855416,0.1682707161133522,0.08177703880066613,1.218689135797942,0.016480303784615607,1.4752709611308105e-35,7.656569941081041e-10
0.46,0.08196042719989562,1.3877175375108926,1.4367303597621552,1.8030012239015794,0.4267769164660873,0.351652849454549,1.613310027859691,0.16454260877569235,0.07792294964518025,1.210650487532341,0.0167034530748902,2.9355513111701876e-34,8.95343201940886e-10
0.47,0.08286552047445687,1.369611701881523,1.4181616009566367,1.8017210637344845,0.41429136704217273,0.3380185073370118,1.6082539466380743,0.16143323881585278,0.07454117544695016,1.2026437411290252,0.016936439375353184,5.4884659109942534e-33,1.0463210599326126e-9
0.48,0.08378060874128018,1.3507785211206158,1.3990591080911747,1.8004589039338348,0.4027705742041638,0.32535107099999655,1.6031792434456227,0.1596588325633719,0.0716083439432942,1.1946688526850577,0.017179759751952066,9.642083517105184e-32,1.2219701976884143e-9
0.49,0.08470580237558663,1.332032916405884,1.3794798971169713,1.799215015608095,0.39041097515900736,0.31358868506177145,1.5980877591558154,0.15881604070005892,0.06908191766829573,1.1867255060289017,0.01743394980210784,1.5917221460087917e-30,1.426187300929272e-9
0.5,0.0856412129714767,1.3114903631404793,1.3595310940482577,1.7979895013860578,0.3789038440989777,0.30270042390330115,1.5929811414927921,0.1580687879566253,0.06691421091311153,1.1788131296686615,0.017699587385120463,2.4692267037708186e-29,1.6634620703678872e-9
0.51,0.08658695335539031,1.2912811965227964,1.339282097327109,1.7967823067190758,0.36979376555290755,0.2926722604203705,1.587860851303283,0.15759585130332857,0.06507286776791195,1.1709309140149629,0.017977296806850968,3.599784039448482e-28,1.938963844980975e-9
0.52,0.08754313759971563,1.2737025998146618,1.3186853359112383,1.7955932311277674,0.36123087054571534,0.2834814025359383,1.5827281688514525,0.15812525132672095,0.06355895925029256,1.1630778287877408,0.018267753524997758,4.932218096176161e-27,2.2586403118369695e-9
0.53,0.08850988103654822,1.2544010395486032,1.297543290145213,1.7944219393228935,0.3519985459762742,0.27507282161289404,1.577584200095214,0.15956247025704337,0.06241458785723817,1.1552526405207508,0.018571689452690002,6.351726504981586e-26,2.629329903296198e-9
0.54,0.08948730027160193,1.232846510154094,1.2755432458561389,1.7932679721361753,0.34432679938206007,0.2673546628717119,1.5724298829079317,0.16127981185694312,0.06171804627919388,1.147453930082209,0.018889898951796463,7.68889395230484e-25,3.0588896819536817e-9
0.55,0.09047551319827363,1.2141431018874598,1.2523528233774548,1.7921307572030531,0.33950330221165975,0.26022203299983915,1.5672659932147321,0.16351633684972505,0.06157376156037864,1.1396801101347365,0.01922324562380171,8.749913147011501e-24,3.556340736378121e-9
0.56,0.09147463901186309,1.1949676830732865,1.2277403889678782,1.7910096193454688,0.3350075462643277,0.25360332181895506,1.5620931510176626,0.16735128532094914,0.062111476503500476,1.131929442462627,0.019572670025987667,9.361898154526043e-23,4.132033358959034e-9
0.57,0.09248479822395005,1.1691034312519366,1.2016689601568655,1.7899037906090476,0.3285567328765293,0.24750762228418638,1.5569118262889567,0.17334094084050397,0.06350955928486972,1.124200055099409,0.019939198464785268,9.419008634425726e-22,4.797834553683922e-9
0.58,0.09350611267692985,1.1420820373936715,1.1743198558048589,1.7888124199147952,0.3219948962795693,0.2420459599007096,1.5517223447162483,0.18087447211622823,0.0660498022040109,1.1164899591935522,0.020323953047567945,8.912464625400619e-21,5.567340729347786e-9
0.59,0.0945387055587098,1.119582171651254,1.1460325829060356,1.7877345822916308,0.317985612091358,0.23740862550983233,1.5465248932880573,0.1889627576958396,0.07019925148845221,1.1087970655552073,0.020728163210164713,7.932728894359489e-20,6.456118775734856e-9
0.6,0.09558270141756771,1.0953500060955028,1.1171875182071085,1.786669287661495,0.3158182764822063,0.23380272032873517,1.5413195257120367,0.19785308814110403,0.07670411003360707,1.1011192008316797,0.02115317898166595,6.643122118606701e-19,7.481979100175024e-9
0.61,0.09663822617717448,1.0665425637403911,1.0880873796039587,1.7856154891544935,0.3133745004992963,0.23137673858006916,1.5361061676622818,0.20921898963244664,0.08667399717854238,1.0934541232643042,0.02160048630286969,5.235430918845599e-18,8.665284623339463e-9
0.62,0.09770540715178269,1.0420088792000928,1.058894672419492,1.7845720909366751,0.31152284850013673,0.23016923314388366,1.530884621855573,0.22464972224872,0.10162916452052995,1.0857995379840621,0.022071724782797248,3.8840359215521066e-17,1.0029300200298129e-8
0.63,0.0987843730615829,1.0237858306471406,1.0296519037161733,1.7835379555380935,0.312892993691927,0.23010879561627517,1.5256545729596318,0.24452578775031025,0.12347546951545112,1.0781531118080692,0.022568708362807312,2.71331408927836e-16,1.1600587450163225e-8
0.64,0.09987525404822938,1.0010017205825572,1.0003650412236174,1.782511910673573,0.31710268208485437,0.23106649217973005,1.5204155923393345,0.26821763645279545,0.15436556324462242,1.070512487503542,0.023093449464820247,1.785478535926321e-15,1.3409450549899127e-8
0.65,0.10097818169053753,0.9703610355781463,0.9710957333344375,1.7814927555529585,0.32045322533640347,0.23293399089864789,1.5151671426493585,0.29589548646097275,0.1964116867274429,1.0628752974903175,0.023648187335483434,1.1071730282728616e-14,1.5490439180302156e-8
0.66,0.10209328902035447,0.9426368100033428,0.942006219085023,1.780479266681814,0.3211486016214295,0.23568817270306286,1.5099085822839429,0.32999728291823455,0.2512475265026289,1.0552391769572762,0.024235421470368546,6.472443003193352e-14,1.7882915510360847e-8
0.67,0.10322071053860492,0.9222046928338016,0.9133339717033374,1.7794702031572935,0.322393422226247,0.23941436273798833,1.5046391696962844,0.373967853326025,0.3194935686491949,1.0476017763721026,0.02485795122305858,3.568740651815259e-13,2.0631692876268617e-8
0.68,0.10436058223151436,0.9001362625301125,0.8853194602599993,1.7784643114674143,0.3278847771422909,0.24428760129714275,1.499358067601566,0.429469013701053,0.40024498269750586,1.0399607733677598,0.025518922988932078,1.8568350534410875e-12,2.3787754659800025e-8
0.69,0.10551304158701125,0.8727628495280733,0.8581394837614865,1.7774603298050617,0.3370973184087987,0.2505354235741779,1.4940643470788635,0.49372099195857405,0.49074487880422857,1.032313883992838,0.026221886724002975,9.121668641913363e-12,2.7409062804600664e-8
0.7,0.1066782276113104,0.8492407086845426,0.8318912160338964,1.7764569919108637,0.3463136345506773,0.25841068789681026,1.4887569915879617,0.5604242081390991,0.5864013912937094,1.0246588733164264,0.026970864044860484,4.2331103175113064e-11,3.15614664357092e-8
0.71,0.10785628084567953,0.8337447883226311,0.8066338167037544,1.7754530304616154,0.35388426363719283,0.26818883357712964,1.4834349009177294,0.6264303244102337,0.6812393145340586,1.0169935653815807,0.027770430797661404,1.8568547144176347e-10,3.631972217540008e-8
0.72,0.1090473433833909,0.8165884966727635,0.7824522127615298,1.7744471800229331,0.36281996433448477,0.2801840248363608,1.4780968950829125,0.6935918481324792,0.7687528779465178,1.0093158525045864,0.028625817839985985,7.703368800509922e-10,4.1768638985837803e-8
0.73,0.11025155888686018,0.7905107773151666,0.759491964286845,1.7734381795868075,0.3762189175123024,0.2947669889036541,1.4727417181862408,0.7576386659434238,0.8429822276189017,1.0016237039201707,0.029543034931097993,3.024246337413426e-9,4.80043617252878e-8
0.74,0.11146907260497461,0.7640883471213978,0.7379367532975192,1.772424774716086,0.3932485587171828,0.31236785373437087,1.4673680422624342,0.8021504946551767,0.8995340172473988,0.9939151737756055,0.030529024191216492,1.124164061194019e-8,5.5135809089556e-8
0.75,0.11270003139061247,0.748250148253937,0.7179437025955469,1.7714057193192654,0.4108039374186413,0.3334546946424795,1.4619744711202274,0.8176677015363162,0.9362652406480673,0.9861884084791304,0.03159185173908866,3.958670315434783e-8,6.328628323438803e-8
0.76,0.11394458371835603,0.7397866249723829,0.6995825272642763,1.7703797770797556,0.4281107633347932,0.3584867085984238,1.456559544197795,0.8187770604937592,0.9534629996676625,0.9784416534105712,0.032740949098993936,1.3212724937852926e-7,7.259527014883564e-8
0.77,0.11520287970240012,0.7263671893969688,0.6828193789389325,1.7693457225645868,0.44844801788548416,0.38784749520914497,1.4511217404460535,0.8241077705946103,0.9535286729499587,0.9706732590040538,0.033987420153131116,4.1817544361654087e-7,8.322045178587072e-8
0.78,0.11647507111465846,0.7055889894435607,0.6675518553379217,1.7683023420377555,0.47442544288839184,0.4217679150125021,1.445659482253229,0.8313387084580038,0.9403230896381979,0.9628816862148155,0.03534443535724156,1.2555402405721608e-6,9.533995306721797e-8
0.79,0.11776131140306995,0.6880574994139635,0.6536668875876122,1.7672484340037422,0.5047635084825587,0.46024815265586894,1.440171139422873,0.8243676818052875,0.9183863276913165,0.9550655113837552,0.036827743475102426,3.577477235579153e-6,1.0915484917762401e-7
0.8,0.11906175571010705,0.6798339311061985,0.6410830272500881,1.7661828095064742,0.5362948773095076,0.5029861147334409,1.434655033216128,0.8015810117365121,0.8922152120798233,0.9472234305150519,0.03845634350238069,9.677311200530623e-6,1.2489196106340015e-7
0.81,0.12037656089148867,0.6735138909336776,0.6297553560779597,1.7651042922089233,0.567201226568931,0.5493196721153326,1.4291094404676048,0.7812261164023419,0.8657135486327583,0.9393542629835246,0.04025337771129013,2.486089375799694e-5,1.4280696976559257e-7
0.82,0.12170588553509959,0.6601337046889492,0.6196484117169248,1.7640117182779194,0.5993588357765296,0.5981976469325558,1.4235325977826938,0.7774096719414654,0.8418661129274942,0.9314569546896633,0.042247333883440936,6.0676146902516146e-5,1.6318788316475198e-7
0.83,0.1230498899801189,0.6438474488634682,0.6107015824966984,1.7629039360982297,0.635129835446887,0.6482030518359693,1.4179227058225332,0.7844750412197199,0.8226335331982707,0.9235305806813727,0.044473685425636615,0.00014074209244430746,1.863588919079311e-7
0.84,0.1244087363363596,0.635056484303693,0.6028128469660811,1.761779805839123,0.6739627276838707,0.6976480685576175,1.4122779336812346,0.7850764671159411,0.8090164251619004,0.9155743472623229,0.046977159008466426,0.00031039820173763065,2.1268465474576546e-7
0.85,0.1257825885038218,0.6343102619886863,0.5958514720124818,1.760638198895783,0.7122348666724103,0.7447369498074465,1.406596423358305,0.7735318496413559,0.8012086275323219,0.9075875936076312,0.04981490994930861,0.0006512011465048986,2.4257505724559515e-7
0.86,0.12717161219246187,0.6310248588593087,0.5896883236373777,1.7594779972268793,0.7436268190267341,0.7877633920427388,1.4008762943275626,0.763691773415659,0.7987743588163213,0.8995697929082098,0.0530610157984015,0.0013003444643505727,2.764904918833702e-7
0.87,0.12857597494217993,0.6185384828087173,0.5842196345941837,1.758298092608525,0.7662095483464227,0.8252967017915588,1.3951156482022098,0.7700047234120537,0.8008323303058019,0.8915205530655882,0.056812869447408,0.00247307725205964,3.149477118710394e-7
0.88,0.12999584614302784,0.6044672157152321,0.5793677928015976,1.7570973858236514,0.7857320140352213,0.856325741443955,1.3893125734941443,0.7907194910864632,0.8062607875428512,0.8834396169594612,0.06120022085798387,0.004483226256486404,3.585263157662621e-7
0.89,0.13143139705564075,0.5994568784365913,0.5750649786007033,1.7558747858045896,0.8081346620196429,0.8803534316392208,1.3834651504640212,0.8081053666738682,0.8139133435388758,0.8753268623103941,0.06639758446025172,0.007753729014791369,4.078759249570867e-7
0.9,0.13288280083189394,0.6027154312569903,0.5712404924673,1.754629208745348,0.8310610048721502,0.8974411376402507,1.3775714560571324,0.8074990199627304,0.8227850515692757,0.8671823011603316,0.07263988543504082,0.012807172226757717,4.637241215356372e-7
0.91,0.1343502325357878,0.6027194713627315,0.5678244473730536,1.7533595771988135,0.8435022264793841,0.9081890982908523,1.3716295689187528,0.7968404771559554,0.8320648528849348,0.8590060789935603,0.08023819365024588,0.020227582764676746,5.268852198920644e-7
0.92,0.13583386916456364,0.5922461818445048,0.5647588436843773,1.7520648191726744,0.8416329468853551,0.9136340155121103,1.3656375744812792,0.7961335048028355,0.8410849372485301,0.8507984735208006,0.08958565798621926,0.030590466989427863,5.982699515937156e-7
0.93,0.13733388967005264,0.5789269255366026,0.5619981644883915,1.7507438672366202,0.8368838694994352,0.9150726435740127,1.3595935701142958,0.8142074753793298,0.849265088334264,0.8425598931488802,0.10113368089094084,0.04436795345117163,6.78896149785057e-7
0.94,0.13885047498026026,0.5744626377387847,0.5594968057434374,1.7493956576520209,0.8416090321747255,0.9138649824654689,1.3534956703275671,0.8395039155327054,0.8561494886560985,0.834290875158348,0.11530131278084868,0.06182708299460121,7.699005264722986e-7
0.95,0.14038380802118944,0.5796100042989618,0.5572004493340381,1.748019129533955,0.8555792000413576,0.9112849424963171,1.3473420120159887,0.8494311047465988,0.8615248202036746,0.8259920836110224,0.13227881564088093,0.08294715127922721,8.725516436634172e-7
0.96,0.1419340737389045,0.5830511311418527,0.555055844681946,1.7466132240542112,0.8651566912790437,0.908444578779055,1.341130759734596,0.8366036944756172,0.8654955361634097,0.8176643070091977,0.15187306209949103,0.10738194224941083,9.882641874395188e-7
0.97,0.14350145912183876,0.5751499946967155,0.5530293457717589,1.7451768836926926,0.8599975154580835,0.90625570592945,1.3348601109910212,0.8193318966678592,0.8684035961914756,0.8093084557277848,0.17361696112428918,0.13448276334972728,1.1186146626573992e-6
0.98,0.14508615322334864,0.5614070080694361,0.5511096613595893,1.743709051543365,0.848632033255217,0.9053766432029738,1.3285283015421199,0.8191615089158297,0.870624065109661,0.8009255592402558,0.1966753368488412,0.16338091430726495,1.2653586351447198e-6
0.99,0.14668834718451657,0.5548523615492724,0.5492868460231493,1.7422086706798754,0.8469611513381985,0.906144418067802,1.3221336106809571,0.8399048085369677,0.8724037384295551,0.7925167631587536,0.21988831976139883,0.1931100921060173,1.4304496579670682e-6
1.0,0.148308234257206,0.55969771669309,0.547530095668034,1.7406746835848084,0.8609988648522462,0.9085563134297467,1.3156743664999904,0.8641614204301065,0.8738843534826529,0.7840833261081689,0.24269043482259023,0.2227378466570026,1.6160600286375517e-6
1.01,0.14994600982737072,0.566571597661921,0.5457925377125726,1.739106031645593,0.88123735588442,0.912357461835037,1.3091489511159586,0.8680229863454029,0.8752695698786219,0.7756266164534812,0.26479643229638866,0.251475308810168,1.8246035350205533e-6
1.02,0.15160187143862186,0.5628401733770649,0.5440406937520813,1.7375016547190936,0.889452030105535,0.9172030954693106,1.3025558058418756,0.8489735374555494,0.8769338328923988,0.7671481088989888,0.2858329421069065,0.2787453149440861,2.0587603591665063e-6
1.03,0.1532760188160549,0.5491367887239211,0.5422743814827449,1.7358604907660757,0.8804569957942793,0.92278242041376,1.2958934362914583,0.829566962465372,0.8793098733907313,0.7586493809774735,0.3059983374653901,0.3042049948066844,2.321504320416219e-6
1.04,0.15496865389034004,0.5385757566540802,0.5405105402789189,1.7341814755559344,0.8695403711708615,0.9288144118591796,1.2891604174013813,0.8313114165016046,0.8826151561343575,0.750132109446676,0.3251533871952033,0.327732300290707,2.6161326518424948e-6
1.05,0.15667998082207835,0.5400786098280241,0.5387468821015762,1.7324635424413122,0.8730428718698006,0.9349495253413967,1.2823553983569775,0.8565425920343487,0.8866710447622521,0.7415980666098071,0.3432047544037187,0.3493915427787982,2.946298517460555e-6
1.06,0.1584102060264271,0.5488542812679812,0.5369486305019271,1.7307056222016475,0.8932206192481982,0.9407150881421722,1.2754771074071845,0.8862397401484319,0.891021875446385,0.7330491165761048,0.3604360383303142,0.36939028217339714,3.316046491643083e-6
1.07,0.16015953819799691,0.5510286909778781,0.5350775954571999,1.7289066429540678,0.9152429219375121,0.9456083944538797,1.2685243565550015,0.8938137437138968,0.8952906604410167,0.7244872114767955,0.376577851478718,0.3880328031769951,3.729851236821476e-6
1.08,0.16192818833602388,0.5399904757115445,0.5331316875306497,1.727065530129529,0.9184240904853135,0.9492878411381558,1.2614960461100981,0.8742637864846909,0.8994635633685971,0.7159143876510616,0.39199359980160503,0.4056695329253451,4.1926596308408504e-6
1.09,0.16371636976981968,0.5253764782621907,0.5311454384126221,1.725181206511712,0.9013811980799243,0.95169070359931,1.2543911690908163,0.850906661048626,0.903828127581062,0.7073327618159577,0.4070310330805763,0.42264103714329926,4.709936611255862e-6
1.1,0.16552429818450268,0.5204005798171079,0.5291437741974951,1.723252592335791,0.8844558748489996,0.9529532493080377,1.2472088154633039,0.848546321863789,0.9085992151455056,0.6987445272334514,0.4216371443310218,0.4392198649863192,5.28771502039812e-6
1.11,0.1673521916470133,0.5273305673848789,0.527097724996283,1.7212786054438436,0.8855327607246011,0.953196057634513,1.23994817620636,0.8731164818181494,0.9135752471395266,0.6901519498870796,0.4364643956440104,0.45556010035768285,5.9326497521967435e-6
1.12,0.16920027063241652,0.5352913732086808,0.524934903796226,1.7192581614935847,0.9051301048146196,0.9523820680125415,1.2326085471910817,0.9078770938149229,0.9181731750125977,0.681557364679968,0.45140659059405613,0.4716682243607819,6.652076519472e-6
1.13,0.17106875805049504,0.5311110416528716,0.5225987485602576,1.7171901742167037,0.9250388080396392,0.950398652892127,1.2251893328653538,0.9231931532705249,0.921859262349511,0.6729631716652575,0.4662246366274002,0.48740652942730944,7.454075578720648e-6
1.14,0.17295787927263587,0.5156593849848147,0.5200922913447651,1.7150735557231878,0.9226442128399559,0.9472940902380955,1.217690049733945,0.9057368659733288,0.9246126184708724,0.6643718323192381,0.4808348868621274,0.502532111389616,8.347540768236444e-6
1.15,0.174867862159014,0.5026689202756823,0.5174535085089704,1.7129072168478037,0.8980478816998179,0.9434257311140828,1.2101103296258182,0.8753227427346356,0.9269881784499382,0.6557858658668082,0.4944109818461869,0.5167640583089864,9.342254234721376e-6
1.16,0.17679893708607625,0.5021940250500395,0.5146836731919477,1.7106900675349137,0.8743971465509709,0.9393367840423993,1.2024499227411762,0.8615051736207398,0.9296780984012131,0.6472078456681258,0.5071346896426163,0.5298636185839507,1.04489672432937e-5
1.17,0.17875133697432857,0.5111285193779413,0.5117071126359296,1.7084210172579326,0.8713288464371051,0.9354346901795417,1.1947087004716082,0.877698722752184,0.9329261314752944,0.6386403956746407,0.5188890282006149,0.5417096963022271,1.1679487485932637e-5
1.18,0.18072529731643017,0.5157495829503274,0.5084131196714872,1.7060989754696263,0.8900814135479174,0.9317560605708132,1.1868866579876256,0.9141319628709841,0.9363140852029954,0.6300861869619826,0.5292761913859944,0.5523542024062326,1.3046773323851077e-5
1.19,0.182721056205598,0.5059361805170334,0.5047425603058309,1.7037228520797285,0.9124509725131514,0.9280522870590496,1.178983916588758,0.941795963134045,0.9391393510607908,0.6215479343464845,0.5394469738768463,0.56204527413652,1.4565035419986672e-5
1.2,0.18473885436432486,0.4879864974606249,0.5007276189053496,1.7012915579563863,0.9132606826220425,0.9241407450707179,1.1710007258123036,0.935441422953045,0.9410795030339212,0.6130283930914238,0.5490393040596948,0.5712086714379755,1.624984623866048e-5
1.21,0.1867789351734146,0.47632486265660723,0.4964365801301695,1.6988040054481692,0.8882451449485373,0.920202202267646,1.1629374652976936,0.902754583804476,0.9425548677246054,0.6045303557083916,0.5574775208117345,0.5803801649553137,1.81182579103823e-5
1.22,0.18884154470133793,0.4777772071584788,0.4918758624463774,1.6962591089235532,0.8598273444261302,0.9167266805468837,1.15479464640432,0.8751201494379623,0.9444273850492695,0.5960566488585356,0.5666459162640077,0.5900895028949572,2.0188928980678194e-5
1.23,0.1909269317339126,0.4860232675593277,0.4869524305260753,1.6936557853249936,0.8509543835891994,0.9141214594513674,1.1465729135815235,0.8760212318115974,0.947244961550988,0.5876101303577075,0.5763714008908595,0.6007137264724902,2.248226058256158e-5
1.24,0.19303534780431103,0.486729597205505,0.48154224168415316,1.6909929547349976,0.8672877155302664,0.9123209583282303,1.1382730454902783,0.9070685629303668,0.9506688735708184,0.5791936862889504,0.5855544135282175,0.6123411052802552,2.5020542592743394e-5
1.25,0.1951670472233997,0.4727481852186417,0.47559964867410687,1.6882695409517832,0.8946958829428984,0.9107696141572831,1.1298959558769184,0.9469724216105342,0.9536182236641417,0.5708102282250517,0.5970892789350092,0.6247037747923971,2.7828110351737177e-5
1.26,0.19732228711041316,0.4530754586073551,0.4691942576223829,1.6854844720724351,0.9062175286109876,0.9088337479404838,1.1214426941999964,0.9621794566789823,0.9550843519816937,0.5624626905632834,0.6120778979681513,0.637229759025847,3.0931512547514745e-5
1.27,0.19950132742396717,0.4413532000525635,0.4624307679106445,1.6826366810817213,0.8875081619122601,0.9063067013600381,1.1129144460121312,0.9385184524749224,0.9549826771371924,0.554154027973787,0.6258111378062751,0.649224072154315,3.435969088114396e-5
1.28,0.201704430993414,0.4422823187493121,0.4553273023604358,1.6797251064449998,0.8549075621518857,0.9035612955709885,1.1043125330993693,0.8985590110883294,0.9543235383217313,0.5458872129624582,0.636206110357657,0.6601249974345262,3.814417215071807e-5
1.29,0.20393186355054418,0.4483843417433073,0.4477757046211564,1.6767486927039295,0.835494092462406,0.901194304561857,1.0956384133812545,0.8755063397487116,0.9545016837813899,0.5376652335485401,0.6460131885840216,0.6697279186049355,4.231927340667653e-5
1.3,0.20618389376163826,0.4459412317106472,0.43963023352536934,1.673706391074042,0.8426171675065395,0.8994577933214329,1.086893680575415,0.8861705797849457,0.956224475019533,0.5294910910565532,0.6537525454572967,0.678263451233415,4.692232084712609e-5
1.31,0.20846079325987257,0.4294966710126483,0.43084316597810235,1.6705971600433716,0.8698473751109344,0.897982141530018,1.0780800636310155,0.9246424805202823,0.9589303516523191,0.5213677980215735,0.6559016737973085,0.686276524401219,5.199388313577377e-5
1.32,0.2107628366780828,0.4084473012230647,0.4215156516053937,1.667419965971769,0.8930304187281275,0.8960619574970634,1.069199425935968,0.9633979064741673,0.9611966045187195,0.5132983762062798,0.6575680355039816,0.6943555299810813,5.757801983737013e-5
1.33,0.21309030168188928,0.39522693445679646,0.41181287186120047,1.6641737836906971,0.8872750152626571,0.8932839247940364,1.0602537643032488,0.9689899997831601,0.9618559386919383,0.5052858547276272,0.6675355259833322,0.7028481009590597,6.37225456758769e-5
1.34,0.2154434690031884,0.3936957994207214,0.4018263616437597,1.6608575971035817,0.8550375278973603,0.8899504510827416,1.0512452077420824,0.9360475761528325,0.9609522205761598,0.4973332682904121,0.6846571560044127,0.7117144335518472,7.047931132868374e-5
1.35,0.2178226224740134,0.3969852637862577,0.39152055126701685,1.6574703997870512,0.8233317948613356,0.886893564426581,1.042176016020159,0.8939335688106211,0.9597537610014761,0.48944365552447294,0.6984167647862259,0.7205936858972848,7.790450147582382e-5
1.36,0.22022804906076962,0.39278316462484664,0.3808194341309002,1.654011195593637,0.8149218870086343,0.8847828620240064,1.0330485780233183,0.8746573982503922,0.9597646470545339,0.481620057421686,0.7039970728849441,0.7290360905591888,8.605895082603022e-5
1.37,0.22266003889884728,0.3759242963303681,0.36975031077037696,1.6504789992566764,0.834109445533322,0.883484878470532,1.0238654099194648,0.8910179113771929,0.9614770882908754,0.4738655158684279,0.7079399618423219,0.7367595931556339,9.500847884131741e-5
1.38,0.2251188853276169,0.3544161824568885,0.3585005672759775,1.646872836998489,0.8657017946856307,0.8820321859929895,1.0146291531336609,0.9333787226404952,0.9638534573363842,0.46618307226863054,0.7151377916091445,0.7437845115148053,0.00010482424387830558
1.39,0.22760488492581096,0.33939056913910304,0.34732194998859095,1.6431917471428943,0.8807747414722388,0.8792830293627468,1.0053425721415548,0.9712448254622092,0.9649991110661057,0.4585757662520734,0.7213222359249405,0.7503841060781969,0.00011558311745740325
1.4,0.23011833754729638,0.3350476313385943,0.33636178813050316,1.6394347807335103,0.8613396346455664,0.8747777066031801,0.9960085520884091,0.9713708884462443,0.9635720858632288,0.4510466344620762,0.7236919366190776,0.7569053930934261,0.00012736807935992831
1.41,0.23265954635724193,0.33665005363193695,0.3255742247711812,1.6356010021592735,0.8220116418498837,0.8691058154381046,0.9866300962410812,0.9323256775047255,0.9598746427872806,0.4435987094162886,0.7287721192829039,0.7635862040824729,0.000140268634237966
1.42,0.23522881786868524,0.33381129516022473,0.3147955341537986,1.6316894897888679,0.7924329745050571,0.8634661134608073,0.9772103232803914,0.8861985829643904,0.9557628317826025,0.4362350184338241,0.7421679529290349,0.7704777113086242,0.00015438125040190455
1.43,0.2378264619795033,0.3200785532293971,0.30391883183713464,1.6276993366157595,0.7903316578002536,0.858745419331318,0.9677524644412565,0.8646826321399058,0.9533743838366833,0.42895858262159653,0.7570507866694677,0.7774952867975449,0.0001698098214258429
1.44,0.24045279200979167,0.300254273745797,0.2930123657981514,1.623629650915717,0.8141108880436566,0.8548437195720637,0.9582598605079643,0.8798550376583645,0.9535738651701642,0.4217724159122777,0.7619170463042751,0.7845316992173903,0.000186666151181107
1.45,0.24310812473965593,0.28404289674435823,0.2822760143011153,1.6194795569187042,0.8434953624144953,0.850793598477291,0.9487359586718878,0.922495857239737,0.9552658499080365,0.4146795241459658,0.7581314296346825,0.7915397875721812,0.00020507046287260232
1.46,0.245792780447421,0.2766913135939223,0.27187636693201,1.6152481954971498,0.8491821015602975,0.8455922894211055,0.9391843092588144,0.9628471776349674,0.9561228350147615,0.4076829041872821,0.7590917852713198,0.7985382357609505,0.00022515193261138603
1.47,0.24850708294826201,0.27632743639126445,0.26180954143270596,1.6109347248725399,0.8206768042835036,0.8390829570464873,0.9296085623329172,0.9662203586233612,0.954243297251338,0.4007855430693226,0.7725775361678675,0.8055645922634617,0.00024704924800930087
1.48,0.25125135963326195,0.2753798262944682,0.25191555329201726,1.6065383213423903,0.7791428558442266,0.8321601874002847,0.9200124641842105,0.9277042352866941,0.9495527091733206,0.39399041715559024,0.7902867934212532,0.8126307473641176,0.0002709111922275199
1.49,0.2540259415089007,0.26644027471863874,0.24203295547519094,1.602058180029523,0.7529985535694041,0.8260970351885283,0.9103998537061706,0.8779708805674898,0.9439134151023052,0.3873004913108056,0.7976714179328264,0.819709789406938,0.00029689725385006506
1.5,0.25683116323697985,0.25012910052647536,0.23215874662719446,1.5974935156556698,0.7558486067396304,0.8214946097963537,0.900774658669876,0.8500927164146223,0.939824136235744,0.38071871807126234,0.7933465498749273,0.8267403660236863,0.0003251782628855511
1.51,0.2596673631749889,0.23385162296237352,0.22247453560813119,1.5928435633412275,0.7827636778793732,0.8176836377670644,0.8911408919008513,0.8585515237848073,0.9386135331827807,0.3742480368052445,0.790888859132133,0.8336261507723278,0.0003559370531252412
1.52,0.26253488341691655,0.2237270060709306,0.21321667345020162,1.5881075794330264,0.8112042598248176,0.813089112160726,0.8815026473644827,0.8976466977490143,0.9394229355145104,0.3678913728538636,0.8016301660565458,0.8402364621100087,0.0003893691510028119
1.53,0.26543406983451345,0.22070299279042516,0.20450187319396423,1.583284842361788,0.8122602854886366,0.8063357444306989,0.8718640961655343,0.9414073658124081,0.9397373976345127,0.36165163664260624,0.8207123594605901,0.8464338127032914,0.0004256834910107376
1.54,0.2683652721190099,0.22070697196900574,0.196255496548186,1.5783746535308936,0.7788686975233362,0.7972846267003535,0.862229482467051,0.9536186112398388,0.9371313642952404,0.3555317227538212,0.8320644307934766,0.852130465998776,0.00046510315762971546
1.55,0.2713288438232949,0.2170802897713902,0.1882994890418264,1.5733763382378378,0.7342977086435379,0.7872091126325512,0.8526031193335274,0.9207167370441991,0.9310181189753464,0.34953450895038296,0.8282990238430897,0.8573332858106572,0.0005078661536209831
1.56,0.27432514240456024,0.20649087104090766,0.18052090420352146,1.5682892466297116,0.7060686635974097,0.7779414686139474,0.8429893845029438,0.867793481423501,0.9231581661369731,0.34366285514082007,0.8197657176510974,0.862132242297109,0.0005542261944164488
1.57,0.2773545292674162,0.19251616532417726,0.17297595761487072,1.5631127546937635,0.7066067072215587,0.7705891596883631,0.8333927160918466,0.8299114433231223,0.9165272976277575,0.3379196022762859,0.8221109840798495,0.866640780495977,0.000604453528218349
1.58,0.2804173698074831,0.18113924661944125,0.1658417438649472,1.5578462652838985,0.7311179236286647,0.7647535464731559,0.8238176082373719,0.826163942740538,0.913287817365181,0.33230757116991005,0.8387626546520881,0.870951386145832,0.0006588357812884363
1.59,0.2835140334554641,0.17552418575178105,0.15925693579844064,1.5524892091838196,0.758383901346079,0.7588280383367497,0.8142686066796878,0.8566365990784827,0.9132509305392967,0.3268295612292702,0.8563535984451566,0.8751569838061151,0.0007176788277666094
1.6,0.286644893721705,0.1748762436589514,0.15318515045300135,1.5470410462071706,0.7603458369368343,0.751165766049025,0.8047503042879846,0.902640614328719,0.9139102360885969,0.3214883490929841,0.8597348403548497,0.8794094570517605,0.0007813076832103926
1.61,0.28981032824124553,0.1750023098797684,0.14741549440517218,1.5415012663348597,0.728493707975914,0.7412690999183137,0.7952673365328049,0.9294916781370183,0.9120674579004303,0.31628668716272523,0.8496886662042683,0.8839256385036017,0.0008500674208898531
1.62,0.2930107188193693,0.17082010727133715,0.14170279530752453,1.5358693908894159,0.6838267634072756,0.7301356454816667,0.7858243769071503,0.9113712028898349,0.9059814747860625,0.31122730202235793,0.8415105553949831,0.8888887040300337,0.000924324109707616
1.63,0.29624645147765527,0.16120637486832598,0.13593805868212855,1.5301449737459696,0.6529994809401828,0.7195109968071672,0.7764261322983924,0.8602091724308635,0.8965944721989628,0.3063128927362877,0.8491914607247939,0.8943064498408142,0.0010044657724406424
1.64,0.299517916500539,0.1500534487654231,0.1302170485738475,1.5243276025791157,0.6490307650455378,0.71059587828978,0.7670773383128049,0.8110721337533152,0.8869866408899725,0.3015461290196345,0.8707975305401452,0.8999604696290558,0.0010909033628199053
1.65,0.3028255084823873,0.14176903113847208,0.1247565088056498,1.518416900144602,0.6689291632646127,0.7031519871547697,0.7577827545540796,0.7897875018538122,0.8803869463183136,0.29692964927334947,0.8892790372311258,0.9055198771296804,0.0011840717597760527
1.66,0.3061696263750934,0.13812055926292482,0.11972580629631627,1.5124125255944878,0.694260342917494,0.6956599455014069,0.7485471598569876,0.8038212664825797,0.8780365474546289,0.2924660584780194,0.8905774963768198,0.9107413947767404,0.0012844307769842415
1.67,0.3095506735361968,0.13797454735342904,0.11512353524797335,1.5063141758240104,0.6982872331199391,0.68641856766286,0.7393753474770053,0.8441220353957887,0.8783163813716296,0.28815792594073225,0.8780653401866971,0.9155829584180021,0.0013924661856398388
1.68,0.31296905777753564,0.13784422893053747,0.1107888195134369,1.50012158684811,0.6695902174866645,0.6747920312981288,0.7302721202364894,0.8840744661350628,0.8777325570145562,0.28400778289010137,0.8682931638915321,0.9201288044880478,0.0015086907481893065
1.69,0.31642519141443526,0.13403437510045563,0.10653089977830346,1.493834535205179,0.6251445578331142,0.6617017722467976,0.7212422856277323,0.8898307948085012,0.8731403194793047,0.2800181199152948,0.8755722211370698,0.9244069743846575,0.001633645260527781
1.7,0.3199194913154408,0.12624843986312848,0.10227215322240076,1.4874528393852093,0.5903992542011759,0.6489986814649205,0.7122906508730293,0.8521190255619605,0.8637746441590335,0.27619138424572726,0.8975332128131671,0.9282976654220725,0.001767899599957433
1.71,0.3234523789525984,0.11772776367078026,0.09809508581693477,1.4809763612792304,0.5795349134502741,0.6381502110528182,0.7034220179417022,0.7971679688303269,0.8517723810415099,0.2725299768689381,0.9163036086005102,0.9316528786332238,0.0019120537759793163
1.72,0.327024280452292,0.11167522201337614,0.09416218774019061,1.4744050076464568,0.5925227641833845,0.6291672066911205,0.6946411785238664,0.7571853664866991,0.8408387289479219,0.2690362494850671,0.9170150428549985,0.9345316746842215,0.0020667389807669644
1.73,0.33063562664664153,0.10921523696069639,0.0905755505757162,1.46773873159528,0.6156476507399491,0.6205324092135222,0.6859529089606315,0.7484645702028387,0.833901260166978,0.26571250129730034,0.9018818990222413,0.9373069649233972,0.002232618635943449
1.74,0.33428685312546846,0.10934981769831213,0.08728621515319866,1.4609775340738547,0.6247754586145524,0.6101956183452965,0.6773619651303215,0.7713746349044961,0.8312420436558762,0.26256097563863495,0.8868837459769321,0.940481071163342,0.0024103894320557447
1.75,0.3379784002888353,0.10935532289412417,0.08412178989712252,1.4541214653656402,0.6034912394196568,0.5969598863548498,0.6688730772902721,0.8116980553814209,0.8302931272784664,0.25958385643632825,0.8888693084189963,0.9443099386167264,0.002600782356912409
1.76,0.34171071340016557,0.10638357194829981,0.08090975651340213,1.447170626584961,0.5611845807638961,0.5813120077015578,0.6604909448737488,0.8400648432056327,0.8272253807068143,0.25678326451645433,0.9102664773502993,0.9485468498949917,0.0028045637087237016
1.77,0.34548424263994987,0.10020251394506773,0.07760281909908,1.4401251711672682,0.5211921615193025,0.5651297529021454,0.6522202312415795,0.8289854487455411,0.8193310171275878,0.2541612537520482,0.935379759576218,0.952564589252442,0.0030225360897585332
1.78,0.3492994431600456,0.09332797685974652,0.07431313636119675,1.432985306348482,0.49976373628329457,0.5504598690780097,0.64406555838814,0.7822274112623342,0.8067083740935923,0.25171980705943847,0.9451448836678228,0.9558137020104437,0.0032555393760115695
1.79,0.35315677513857574,0.08829170770065214,0.07123096205024541,1.4257512946274782,0.5008182186645277,0.5381827350617182,0.6360315016015019,0.7299368486924359,0.7922035147464512,0.24946083224844692,0.934312116163623,0.9582701667359782,0.0035044516581573364
1.8,0.3570567038354344,0.08608877629642878,0.06848744689690041,1.4184234552054629,0.5171240717043831,0.5274464447409911,0.628122584077663,0.6979415776582589,0.7796546990786432,0.24738615773328154,0.9135990017611342,0.9604922063147496,0.0037701901488581377
1.81,0.36099969964840495,0.08616489996299202,0.06605986904161693,1.4110021653957774,0.5306913365883092,0.5162328220313434,0.6203432714890206,0.6957468677716153,0.7715341839352462,0.24549752811204367,0.9022417791270333,0.9631999950511112,0.004053712051290028
1.82,0.36498623816989795,0.08658111409960628,0.06378483536454438,1.4034878619973057,0.5218483142803946,0.5026701088543183,0.6126979665074884,0.7200019165623833,0.7674395883854245,0.24379659962391026,0.9127825474139222,0.9666875401977774,0.004356015383557787
1.83,0.3690168002443159,0.08492295495001465,0.06146735589305657,1.395881042624554,0.48844569671161386,0.48623029184931577,0.6051910032829574,0.7547904919483396,0.7643473413516008,0.24228493549414423,0.9390623269048233,0.9705423412933283,0.004678139753487222
1.84,0.373091872026051,0.08048888259577265,0.05900772818563785,1.3881822669871828,0.44760501510240086,0.4680461295063358,0.5978266418781307,0.7720575508469892,0.7584529789628149,0.24096400117818165,0.9615331555688874,0.9739282793801624,0.005021167078112548
1.85,0.3772119450381238,0.07498897669756445,0.05645925693575054,1.380392158111681,0.41699304489422717,0.45017061535946185,0.5906090626611572,0.7512027644349742,0.7474631360475827,0.23983515951711679,0.9649731710677169,0.9762394423376923,0.0053862222420202705
1.86,0.3813775162314693,0.07054917792367818,0.05398117858221755,1.3725114034976078,0.4044538509104581,0.43428179744001066,0.5835423606579034,0.7025420684222996,0.731951945276132,0.23889966581793673,0.9483797707225229,0.977614615550601,0.0057744736885696835
1.87,0.38558908804487757,0.06820210130256235,0.05172416237103978,1.3645407562009024,0.40866179982198836,0.4206685722430695,0.5766305398661764,0.6545542562758083,0.7149846234251911,0.23815866287285636,0.9253032902390491,0.9788825109014259,0.006187133937886026
1.88,0.38984716846559647,0.06779979750025973,0.049729255668369374,1.3564810358365287,0.41978650124897354,0.4081219312500308,0.5698775075347,0.627169514151913,0.700265163737109,0.23761317593306977,0.916151200964906,0.9809422989625711,0.0066254600254170865
1.89,0.3941522710906034,0.06814989361108212,0.04790729210870023,1.3483331294927996,0.4214050724157329,0.39476124332433066,0.5632870684102108,0.6257245034930846,0.6899380692693091,0.23726410765312578,0.930514173848668,0.9840396604511902,0.007090753854758816
1.9,0.39850491518855424,0.06741565720990358,0.04610751030376531,1.3400979925496757,0.4023699480958626,0.3792410401857452,0.556862918956591,0.6456655797798696,0.683350654599497,0.2371122330229916,0.9583897026150827,0.9875111375683204,0.007584362458392315
1.91,0.4029056257624155,0.0645450306899917,0.04422358844943129,1.331776649393435,0.36866494444551245,0.3615757295997817,0.5506086415505879,0.6723858771557434,0.6774803522905359,0.23715819430564491,0.9798658631660678,0.9902329623141504,0.008107678159934571
1.92,0.40735493361278896,0.06037547020346382,0.042263360176995675,1.323370194020175,0.3354501562456146,0.34309558551713676,0.544527698659285,0.6815884524647862,0.668733338174686,0.23740249599874647,0.9812782623388989,0.9914691699380928,0.008662138631490547
1.93,0.4118533754019352,0.05657173558458677,0.040337332263772875,1.314879790520742,0.3132650506511179,0.3256070030334223,0.5386234270051738,0.6573867625054999,0.6550284018326605,0.23784549983958353,0.9616678925103876,0.9914820545409857,0.009249226839705462
1.94,0.41640149371850393,0.054186983963685556,0.038578167600638494,1.3063066734399014,0.30504613919419415,0.3103106859233359,0.532899031725347,0.6109880639484639,0.6369498801075832,0.23848741987301486,0.9353721714064308,0.991413357180778,0.009870470874155053
1.95,0.4209998371429799,0.053385989780425816,0.03704870288772646,1.2976521480027698,0.30772154032729604,0.2971441487447501,0.5273575805320416,0.5669226329002942,0.6173351513085165,0.2393283176026261,0.9241948708066885,0.9924769119273973,0.010527443651780016
1.96,0.42564896031385063,0.053573392436406714,0.03570048574724596,1.2889175902018153,0.3124125655910694,0.2849166442921188,0.5220019978824965,0.5407196995954077,0.5995879034005576,0.2403680972456553,0.9380476067536663,0.9950334462049505,0.011221762491168491
1.97,0.4303494239945054,0.05351550690933129,0.03440798485772447,1.280104446738047,0.3073036622567549,0.2721055150158235,0.5168350591667863,0.5355203086642116,0.5857276252971697,0.24160650111253307,0.9669343427627097,0.9982436640963471,0.011955088550620361
1.98,0.43510179514087294,0.05203023337973234,0.03305242278764291,1.2712142348104234,0.2875825419463368,0.257798148522483,0.5118593849230618,0.547224944708862,0.5752941223166583,0.24304310513204921,0.9909809578027492,1.000603701654479,0.012729126124088677
1.99,0.4399066469698058,0.0491272839181784,0.03159802491538547,1.2622485417478668,0.26036442264981924,0.24221421093508502,0.5070774350903352,0.5645165786072871,0.5656910620506883,0.2446773145432096,0.995334347857441,1.0010263577057645,0.01354562178928772
2.0,0.44476455902822015,0.04593522807875235,0.030111372035156365,1.2532090244787883,0.2359462389964098,0.22653108776792236,0.5024915033097183,0.5681540043931761,0.5537124272894156,0.2465083597748237,0.9759941156677234,0.9997048634316508,0.01440636340248695
2.01,0.4496761172629991,0.043515765773737045,0.02871390471878176,1.2440974088335355,0.22005484496276356,0.2121634999140312,0.49810371128567954,0.5449459222602668,0.5373433615927772,0.2485352925336865,0.9451841847845069,0.9981061862171746,0.01531317893477075
2.02,0.45464191409166765,0.042293491715294215,0.027501130058638235,1.234915488675665,0.21365959546514063,0.19995345247073817,0.4939160032196692,0.5033714114719361,0.5168202020417672,0.250756982121968,0.9264686905259767,0.998032357180457,0.016267935144842847
2.03,0.4596625484738485,0.042122325206804555,0.026481623996149468,1.225665124858625,0.2142300623710682,0.18974230735836004,0.4899301403290925,0.4629618602828979,0.49440156061905843,0.25317211200403467,0.9342433035998641,1.0003565741588933,0.017272536083785917
2.04,0.46473862598350674,0.04234475741114117,0.02557358521926824,1.2163482440049966,0.21570974697080736,0.18053988621358494,0.4861476954652922,0.4359530079416516,0.4730467302681141,0.2557791766424404,0.9628244910887579,1.0043118824111659,0.018328921427552856
2.05,0.4698707588819923,0.04196251698603712,0.024658389107041538,1.2069668371061628,0.21052136744435293,0.1711484312013051,0.4825700478448357,0.42456292269325185,0.4547873298593792,0.2585764786222165,0.9933194627847169,1.007874476540379,0.01943906463336885
2.06,0.47505956619188916,0.04036386179643962,0.023654861154443717,1.1975229579409299,0.19602986501124095,0.1608544998057563,0.47919837790898717,0.42602829137467274,0.4396969268618847,0.26156212608187673,1.0076928546276411,1.0090502165098714,0.02060497091665824
2.07,0.48030567377168004,0.037961291747474986,0.022567014883090153,1.18801872131244,0.1771017362148972,0.14979681613717885,0.4760336623267965,0.43327319516821095,0.42597906586711515,0.26473403046872973,0.9956171786090567,1.007235082737414,0.02182867504558003
2.08,0.48560971439123546,0.035674145060091596,0.02147701868190358,1.1784563011033904,0.1601899611502272,0.13883218522865906,0.47307666915774493,0.43299784418055937,0.4110539350641223,0.26808990463516175,0.962194221043028,1.0037220798495305,0.023112238950757164
2.09,0.49097232780813677,0.03412414619062851,0.020490480135787137,1.1688379281504508,0.14874072094670573,0.12901413320457789,0.4703279531903364,0.4139852403527463,0.3929956857086083,0.27162726129151965,0.9308064169625145,1.0009577943808052,0.02445774914831961
2.1,0.49639416084484156,0.03347195404136974,0.019669987699040253,1.159165887939541,0.14338425462254328,0.12100087749603512,0.46778785147341373,0.37998475010219024,0.3715329668289259,0.27534341183009536,0.9236368246062407,1.0009762120373868,0.02586731397494479
2.11,0.5018758674667017,0.03350667433372428,0.018998000381595728,1.1494425181244812,0.14287446039099233,0.1147194736097165,0.46545647905731447,0.34468248225096665,0.3481174065669984,0.2792354655334995,0.9443403389914414,1.004011555876379,0.027343060634173185
2.12,0.5074181088608423,0.033657925133769494,0.01839003990590471,1.1396702058723482,0.14397201150458372,0.10944573570033433,0.4633337249622302,0.31766715060613676,0.3250953573704235,0.28330032917938514,0.9787699617349701,1.0082224975372334,0.028887132053897042
2.13,0.5130215535159126,0.03318659907843843,0.01774756578482283,1.1298513850397998,0.14193243451710572,0.10422303117614597,0.4614192483913616,0.3011557726601969,0.30448420851656566,0.2875347070521227,1.006751463574664,1.010769659306858,0.03050168355556728
2.14,0.5186868773027171,0.03179712793309793,0.017016675350055525,1.119988533185392,0.13397462850493413,0.09837045116270976,0.45971247520651914,0.29396435744092975,0.2870162828177746,0.2919351013705367,1.0111596267916307,1.0096100321852246,0.032188879336333874
2.15,0.5244147635557365,0.029945805291530254,0.016217248118314844,1.1100841684238587,0.12214262893020014,0.09180659131953806,0.45821259468392017,0.292947189105487,0.27191561320458174,0.2964978131393155,0.9849996266008436,1.0048746074784707,0.033950888766024145
2.16,0.5302059031555497,0.028302804148649698,0.015426814660727399,1.1001408461291433,0.11058664356222848,0.08503635053545411,0.456918556567839,0.2909173358307051,0.2574545534908229,0.3012189434301048,0.9435553060770819,0.9989156975495325,0.035789882501576206
2.17,0.5360609946121665,0.02725079955605707,0.014731186702278479,1.0901611554938069,0.1019889152251662,0.07883647322775547,0.4558290684396693,0.2792303380490492,0.2419367347599358,0.30609439509667863,0.9150775509099339,0.9949291933239932,0.037708028422267365
2.18,0.5419807441492785,0.02685585077644632,0.014172786702078298,1.0801477159533182,0.09716389326508618,0.07382687555249984,0.45494259341971616,0.2566161839003505,0.22457320495828248,0.31111987492690213,0.9165309089960048,0.994966952795959,0.039707487389818365
2.19,0.5479658657894431,0.026932227131752903,0.01372713189984027,1.0701031734844881,0.09580488074322219,0.0701557023746651,0.45425734821875846,0.23034665459396578,0.20582654083827576,0.3162908962325133,0.9446894651185492,0.9985767033978077,0.041790408838201384
2.2,0.5540170814402052,0.02703606451754772,0.013319647229417038,1.0600301967881256,0.09660791817890742,0.06744755092180388,0.4537713015559832,0.2076370228436667,0.18710629953584693,0.32160278187602703,0.9822338649766521,1.0029581401261096,0.04395892619873728
2.21,0.5601351209811732,0.026626222061963894,0.012870766649176413,1.0499314733667613,0.09701929924148973,0.06501847609866959,0.4534821729594594,0.1911645825334642,0.17003074957418093,0.32705066773234176,1.0082540575753087,1.0046021207868854,0.04621515216682532
2.22,0.5663207223520537,0.025532981693546064,0.012341597584070498,1.0398097055089441,0.09426472510360162,0.062228068885789085,0.4533874319646852,0.1808310426646257,0.15565737398401183,0.3326295065809062,1.0045906097798742,1.0014482831113003,0.048561173817408786
2.23,0.5725746316416599,0.024131608174135,0.011753762561003314,1.0296676061924015,0.08791828958741918,0.0587827926774453,0.4534842977261104,0.17572138881086993,0.14405405302709298,0.3383340724225908,0.9683704592956434,0.9942375482108979,0.05099904757703687
2.24,0.5788976031779028,0.022910225756142343,0.011173471380070037,1.019507894918863,0.08021919343290135,0.05484552120673328,0.4537697390557536,0.17344357262320612,0.13437685800035812,0.3441589652137148,0.9222938134808002,0.9861887093541869,0.05353079406113059
2.25,0.5852903996187763,0.0221319268694205,0.010670962856601764,1.0093332934940404,0.07354590399623977,0.05091402495410952,0.4542404749021951,0.16936024246971856,0.12536095980642425,0.35009861600802916,0.8955197109271691,0.9811336237532297,0.05615839278580149
2.26,0.5917537920443455,0.021837698403422447,0.010279827920701569,0.9991465217666967,0.06903785225779013,0.04754678674548491,0.45489297528227074,0.1595587334476156,0.11594876359865133,0.35614729249583305,0.9013243710404607,0.9811979566239976,0.05888377676429388
2.27,0.5982885600497537,0.0218952620607397,0.009979305760631298,0.9889502933412956,0.06689874742601498,0.04508131873498232,0.45572346267679287,0.14502062681292313,0.10574946978854405,0.3622991049278452,0.9336566817537463,0.9854284162360419,0.0617088269988292
2.28,0.6048954918392535,0.02198540472298824,0.009708246603130074,0.978747311279028,0.06678712818221003,0.043480945436823695,0.45672791390049955,0.12998777834113137,0.09513988380252375,0.36854801240994783,0.974082153645094,0.9902358286189233,0.06463536687931627
2.29,0.6115753843212784,0.021703739432071052,0.009401066821412384,0.9685402638024592,0.0677120314950534,0.04237279417358611,0.45790206245525605,0.11755150609195432,0.08500377971441689,0.37488782955349226,1.0000772999520102,0.9914494459473119,0.06766515650104775
2.3,0.6183290432045634,0.020902896676538357,0.009024273869874273,0.9583318200192171,0.06789204702843762,0.04124350108995784,0.4592414013742865,0.10857828495741072,0.07627049458217769,0.3813122334645065,0.9918886986285322,0.9867989438853422,0.07079988691413705
2.31,0.6251572830953269,0.019846455026253384,0.008593130985196396,0.9481246256803928,0.0656988973731123,0.039687441117320185,0.46074118656386837,0.10288095544337031,0.0694822650032452,0.38781477105388945,0.9493462917843277,0.9773484350434207,0.07404117431804404
2.32,0.6320609275955266,0.018901054149090706,0.008160339717931467,0.9379212989894523,0.06128770005075433,0.037586382590211256,0.462396440647549,0.10000991497455372,0.06457737183650951,0.3943888666495011,0.8990279284851258,0.9669915453565784,0.077390554215104
2.33,0.6390408094021992,0.018272720578843143,0.00778463249880386,0.9277244264774431,0.05630264581873034,0.03514157936155332,0.4642019573164803,0.09890362839136825,0.060957852807385735,0.40102782989001523,0.8704587306155595,0.9602472583113402,0.08084947553749151
2.34,0.6460977704078984,0.01800413414713403,0.00749777563631025,0.91753655896032,0.05217885638457866,0.03275454924071055,0.46615230618797765,0.09738456562594011,0.05777910414392645,0.4077248638794227,0.876017616201913,0.959611274444873,0.0844192947625373
2.35,0.6532326618022415,0.018017602095867637,0.0072882136335190965,0.9073602075940295,0.04952606240345033,0.030823294297159333,0.46824183817285114,0.09319607454407454,0.05431218766824042,0.4144730735802729,0.9097429870985217,0.9640133499948951,0.08810127003174675
2.36,0.6604463441745768,0.018102441180648285,0.007109336881950729,0.8971978400428389,0.048422990620128746,0.029554423666278716,0.47046469135047164,0.08622925007293229,0.05021791139214006,0.42126547442298184,0.9531742640759816,0.9693192777843219,0.09189655528925646
2.37,0.667739687617786,0.01795637096925512,0.006906416843730851,0.8870518767761089,0.04863479252879059,0.02887641811840811,0.47281479734891885,0.07844301546406152,0.04562888967034547,0.4280950011079801,0.9818802917393123,0.9706398888912252,0.0958061944558051
2.38,0.6751135718332317,0.017415884513706122,0.006646469025631828,0.8769246875083063,0.04949584157523431,0.02848644323695609,0.4752858882258911,0.0716414064101803,0.041028387675706754,0.43495451657697265,0.9736789002183436,0.9651476765572682,0.09983111565457331
2.39,0.6825688862368646,0.016630087951538107,0.006334696137858553,0.8668185877966689,0.049790136731570574,0.027999900353427695,0.47787150384442784,0.06652078682331693,0.036999662175195326,0.4418368211292777,0.9281161834533219,0.9537760998597361,0.10397212550547939
2.4,0.6901065300665022,0.01587774438676135,0.00600942901117104,0.8567358358103686,0.048394585429884916,0.02712766284190587,0.4805649997357777,0.06312246315033893,0.03396303311312455,0.4487346616589561,0.8729932011291093,0.9407889625013471,0.10822990350469074
2.41,0.6977274124902922,0.015338167426662892,0.00571955705642858,0.8466786292844248,0.04541569602239794,0.025798961944885863,0.48335955544009984,0.0613212450021646,0.03200830532708023,0.4556407409884181,0.8389335572665805,0.9314175332051818,0.11260499650622091
2.42,0.7054324527163734,0.015064374428812921,0.005497578264173999,0.8366491026709654,0.04200021254655739,0.02417828369598216,0.48624818331399267,0.06080733164518723,0.03087888726735614,0.4625477272741835,0.8397154070994127,0.9288810427410498,0.11709781332253977
2.43,0.7132225801037482,0.01502245823682186,0.00534291633506636,0.8266493244996311,0.03915531456005495,0.022575855744592845,0.4892237377921997,0.06076049816932686,0.03009714365190382,0.4694482634606939,0.8715664690874039,0.9324863922990583,0.12170861946112042
2.44,0.7210987342743789,0.015088573419328791,0.005223769420027368,0.8166812949581558,0.037314596100038594,0.021298830495565923,0.49227892508918075,0.05983595641076992,0.029166198856276707,0.4763349767583425,0.9173349488099651,0.9379165714328349,0.1264375320137754
2.45,0.7290618652265223,0.01504908317942355,0.00509540781535612,0.8067469437032249,0.03654694288205912,0.02051326510871856,0.4954063133246539,0.057121783203736634,0.02776073762599793,0.48320048812231997,0.9510663129913485,0.9395872423076173,0.13128451471551503
2.46,0.7371129334493152,0.014728140590920662,0.0049242745017019345,0.7968481279107748,0.03672183123540222,0.0201772660997122,0.4985983430556077,0.053108640886210166,0.025833093765802912,0.49003742170940434,0.9471355581635419,0.9337714616377534,0.13624937318946417
2.47,0.7452529100386265,0.014166737741050102,0.004704853864078801,0.7869866305738904,0.037437356369126706,0.020070124108164264,0.5018473381957769,0.049011000693276276,0.023601625977357838,0.4968384142904736,0.9018128173862817,0.9207360203073758,0.1413317503941376
2.48,0.753482776814187,0.013565170938843529,0.004460889748263588,0.7771641590554108,0.03788745503031375,0.01989847839161537,0.5051455173020802,0.045639096719463,0.021437390203310598,0.503596124597261,0.8419829620825098,0.9046669546609121,0.14653112228905485
2.49,0.7618035264380144,0.013087829748360362,0.0042312530024102525,0.7673823439011854,0.03719328765639542,0.01942816825387438,0.5084850052060947,0.04323083077716358,0.019702579100964176,0.5103032425827149,0.7998283145498747,0.891394063715232,0.15184679373431922
2.5,0.7702161625341447,0.012800544440869324,0.004048743929611477,0.7576427379188695,0.03524795028113733,0.018582624966138064,0.5118578449672909,0.04177122933359627,0.01860705014213114,0.5169524985752908,0.7917999774374372,0.8851643712899488,0.15727789463935915
2.51,0.7787216998096864,0.012700143051601352,0.0039232618301526575,0.7479468155258587,0.03280971415536697,0.017467052136961283,0.5152560101234551,0.041192752604922986,0.01813563441037581,0.5235366723084774,0.8176009892424644,0.8862623581567007,0.16282337637555214
2.52,0.7873211641772119,0.012725423519690979,0.003837787673798925,0.7382959723688215,0.030670079318784026,0.016312437295237858,0.5186714172125283,0.041307432179626034,0.018067209140253847,0.530048601807979,0.8630999731479122,0.8908163477841478,0.1684820084669242
2.53,0.7960155928784991,0.0127433759057617,0.0037584780035260193,0.7286915252160033,0.029211917664979645,0.015368431685438503,0.5220959385389309,0.04159698471951061,0.018070490433649396,0.536481192120125,0.9022878445617561,0.8929166251731006,0.17425237557253268
2.54,0.8048060346096415,0.012593427499305134,0.003652828394286889,0.719134712122249,0.02852390601094057,0.01479423206119747,0.5255214151564446,0.041220814831146056,0.017834499133373965,0.5428274238662779,0.9059305885805217,0.8878789561269612,0.18013287477351372
2.55,0.8136935496475382,0.0122281230647513,0.003506112276878003,0.7096266928654154,0.028553153733759662,0.014594291618665416,0.5289396700387292,0.03964254925481865,0.01718232126499084,0.5490803616092624,0.8649258221785976,0.8748415608356812,0.18612171317709858
2.56,0.8226792099777811,0.011762392281933423,0.0033278061215947425,0.7001685496515611,0.029092761836424678,0.014623637430602555,0.5323425214077282,0.0372204085443814,0.01612695416721023,0.555233162019123,0.803128998790158,0.8572488849782988,0.1922169058491884
2.57,0.8317640994239553,0.011342361850647398,0.0031453420342574183,0.6907612880850887,0.029657500534015755,0.014656531787061684,0.5357217961894452,0.03474264537720026,0.014852589594424946,0.561279081826838,0.7537570831374514,0.8409502947365529,0.19841627408631635
2.58,0.8409493137783662,0.011047137903091689,0.002989132662611376,0.6814058383986951,0.029553446263314822,0.014485820081194718,0.539069343565927,0.03272694592539638,0.013633566927968355,0.5672114855558986,0.7360232935043964,0.8309699928575098,0.2047174440370394
2.59,0.8502359609342107,0.010894858378220967,0.0028769741327597897,0.6721030569368226,0.028438013529442314,0.014009271575029614,0.5423770485917464,0.03133370591753788,0.01272533178876796,0.5730238530230372,0.7531315728199703,0.8287427360170587,0.21111784568197745
2.6,0.8596251610192082,0.010863776394907085,0.0028057207286163607,0.662853727885058,0.026703161165871334,0.013267198572995614,0.5456368458428278,0.030566283970117406,0.012269392430409747,0.5787097866006388,0.7948365420889815,0.831345429150877,0.21761471218085376
2.61,0.8691180465307068,0.010886109762973894,0.002753957704809691,0.6536585652367602,0.025001389007319776,0.012418156374765583,0.5488407330651377,0.0303921956000172,0.0122460257678808,0.5842630182347152,0.8368739840592674,0.8331371521550648,0.2242050795940374
2.62,0.8787157624722821,0.010846071398998866,0.0026936478781532775,0.644518214987092,0.02373293873784675,0.011666256210194003,0.5519807847905375,0.030702123028684043,0.012488867333923709,0.5896774162135487,0.8475379846831834,0.8288778903987869,0.23088578698516188
2.63,0.888419466491844,0.010649557281861994,0.0026043806924171582,0.6354332575435077,0.023027943770151018,0.011173082561770482,0.5550491658869899,0.03116517068553011,0.0127524299965564,0.5949469916833556,0.8124789261838499,0.8165821924668227,0.2376534769105031
2.64,0.8982303290212683,0.010320625692230136,0.002482976189834056,0.6264042103407527,0.022885200243712444,0.010991729930730899,0.5580381450102951,0.031190407976037053,0.012805188287033878,0.6000659049084869,0.7517497333533214,0.7985315202513905,0.24450459629985616
2.65,0.9081495334175717,0.009968130422905777,0.002343980250784881,0.617431530647437,0.02321547924903684,0.011049185124087937,0.5609401079246649,0.030321292471419993,0.012513109053237837,0.6050284712748086,0.6983573937392095,0.7799164637972179,0.25143539773272444
2.66,0.9181782761056434,0.009680268624602022,0.0022113903629975428,0.6085156185503432,0.02376527593179361,0.011181876289244995,0.563747570659634,0.028736076138883893,0.011883635680720851,0.6098291670359592,0.6730474991894742,0.7659095778618842,0.2584419411126798
2.67,0.9283177667225558,0.009492452364122874,0.002106252375150537,0.5996568201017926,0.024050170141956997,0.011207063885165479,0.5664531924711695,0.027013748683589994,0.011055912477155715,0.6144626348031689,0.681145333503876,0.7588289635714287,0.2655200957418217
2.68,0.9385692282634662,0.00940520853829842,0.002036483780385514,0.590855430614623,0.02360415158729563,0.010998899369255948,0.5690497885752062,0.025583910216400926,0.010243351773281315,0.6189236887802151,0.7152567746470105,0.7569637390900364,0.2726655427963058
2.69,0.9489338972291314,0.00939234626906172,0.001993755607999827,0.5821116980886616,0.02245866926293654,0.01053761088175092,0.5715303426224451,0.02460435373054639,0.009651743116749463,0.6232073197459388,0.7535511678531757,0.7556618342326882,0.2798737782029903
2.7,0.9594130237750504,0.009391906884417583,0.0019584884743949873,0.5734258267519573,0.021090943527522606,0.009912869240261364,0.5738880188838152,0.024100145486619522,0.00940378359968285,0.6273086997874482,0.7646369916996976,0.7499958526171447,0.2871401159163009
2.71,0.970007871862255,0.00931722543027404,0.0019099971292385323,0.564797980699536,0.019932694348281974,0.009282130220983892,0.5761161741167606,0.024060104278677486,0.009496986371019261,0.631223186787798,0.7327775421196943,0.7374611896627203,0.29445969159351626
2.72,0.9807197194097642,0.00912404028986316,0.0018365238558313705,0.5562282876120201,0.019176050688120876,0.00880313595149357,0.5782083690833237,0.02441768851810724,0.009808655453035975,0.6349463286724549,0.6757872840166748,0.7192018722291186,0.3018274666657539
2.73,0.9915498584487237,0.008857883604514798,0.0017403182926516735,0.5477168425361001,0.01886144291603437,0.008569305394380916,0.580158379691909,0.02494710077773855,0.010144255943046004,0.6384738674193152,0.6243128303113699,0.6991528877598543,0.30923823280106355
2.74,1.0024995952782465,0.008598964777975206,0.0016356476267976711,0.5392637117086427,0.018960691177077157,0.00857409088909975,0.5819602077355817,0.025197492955681442,0.010310196853615854,0.641801742837378,0.5975078843035618,0.6816916704198784,0.3166866167551597
2.75,1.0135702506229745,0.008397836193592906,0.0015411698654092547,0.5308689364060397,0.01936507193527813,0.008717363113900036,0.5836080912008657,0.024739352456263394,0.010183923048858264,0.6449260961194173,0.599904450197308,0.6692013416108004,0.324167085604476
2.76,1.0247631597923816,0.008270273389075834,0.0014707047926866392,0.5225325368003959,0.019804705901798305,0.008849345600192146,0.5850965141221135,0.023615765300578104,0.009755983862661695,0.6478432731741293,0.6239141324282365,0.6609144534369452,0.3316739523554129
2.77,1.0360796728418329,0.00821149557008751,0.0014269167750225503,0.5142545158041596,0.019860388022781218,0.008832760827293682,0.5864202159577466,0.022278155470357597,0.00912968532723413,0.6505498277432806,0.6490163499453194,0.6535902491648082,0.3392013819228289
2.78,1.0475211547354262,0.008197747319867039,0.0014007154183693497,0.5060348628849836,0.01927880204718855,0.008597418414157454,0.5875742004659772,0.021121255575267405,0.008479880048813304,0.6530425243093232,0.6488626248278968,0.6434983699427325,0.3467433974700795
2.79,1.0590889855106287,0.00817948477513516,0.001376266176104764,0.49787355783282855,0.01825875760030478,0.00816565359686865,0.5885537440589133,0.0203129798397415,0.007987280619247278,0.6553183407987831,0.6146716117716797,0.6284827267341909,0.3542938871021371
2.8,1.0707845604447328,0.00809688512653674,0.0013388567846001035,0.48977057446165034,0.0172080834310769,0.0076396894370285,0.589354403615386,0.019892751632522066,0.007772878149440569,0.6573744710865008,0.5648908583086969,0.6089417116368593,0.3618466109026135
2.81,1.082609290223152,0.007931529725191741,0.0012817153226872874,0.481725884228449,0.016398062061153018,0.007157663931114475,0.5899720237342682,0.019861074560281595,0.007855972104570678,0.6592083273054585,0.5236570634632134,0.5872880491568212,0.36939520830483247
2.82,1.0945646011095718,0.007725737458969766,0.0012086487610337658,0.4737394597529666,0.01592413511317985,0.006837248851438655,0.5904027434115452,0.02018026320258374,0.008149971526883024,0.6608175419665433,0.5028778855012507,0.5663587534294058,0.3769332057863983
2.83,1.1066519351179818,0.007534334522404065,0.001131556752218633,0.465811278221913,0.015794522868999357,0.006729780984169905,0.5906430021259294,0.020701458736562758,0.008496269013126768,0.6621999698920986,0.5012857982651374,0.5477835207304587,0.38445402487611385
2.84,1.1188727501866074,0.0073873308130255715,0.0010643400872015752,0.4579413246622962,0.015973323057873717,0.0068025404646539335,0.5906895453193775,0.021083301418639545,0.008723021876422413,0.6633536899665862,0.5079593200775883,0.5312140521970528,0.3919509904614524
2.85,1.1312285203537626,0.007292397817500717,0.0010162919226384653,0.45012959506917094,0.016349220878626523,0.006954902123762972,0.590539429260444,0.02091735265231071,0.008707134258786851,0.6642770067070577,0.5070206214404944,0.5147082846642974,0.3994173393842446
2.86,1.1437207359356427,0.007244514302504201,0.0009880723898981773,0.4423760993739673,0.0166692827912463,0.007060559504048479,0.5901900252800583,0.020120564538813293,0.008417035986805016,0.6649684516555153,0.48754773627131265,0.4958766409700248,0.4068462293116485
2.87,1.1563509037060826,0.007225505278320489,0.0009719426658539133,0.4346808642404532,0.0165999152343136,0.007018160585028009,0.5896390233708897,0.019028444901919277,0.007921282561857262,0.6654267845945062,0.4537128790048885,0.473045124408453,0.41423074786897185
2.88,1.1691205470782995,0.00719931527420122,0.0009558468384646952,0.42704393567632987,0.01602320989414333,0.0067901331572289446,0.5888844351431697,0.018018728466242678,0.007360820753042946,0.6656509945865942,0.41864253516357214,0.44582287672312826,0.42156392202038145
2.89,1.182031206288642,0.00712509056767781,0.0009291923101650692,0.4194653814495163,0.015173677864874828,0.0064149379727755085,0.5879245961314514,0.01728059090518026,0.00689606778260012,0.6656403008376066,0.3897905265919519,0.41491586929138174,0.4288387276830805
2.9,1.1950844385823698,0.006993691072781594,0.000887560760300964,0.4119452932991926,0.014367892569957148,0.0059890391905402475,0.5867581674484637,0.016867636987451005,0.006648684694643436,0.6653941533827588,0.3665065338635412,0.38147814573732836,0.4360480995600361
2.91,1.208281818401482,0.006836961885991445,0.0008342767823028344,0.40448378893283254,0.013782887751713453,0.005626924868968148,0.5853841367838853,0.016786713369386898,0.006659054699364555,0.664912233594029,0.3457449318916057,0.3464777362736575,0.4431849411759215
2.92,1.221624937574624,0.006692371647346106,0.0007783492734167579,0.39708101380157035,0.01347151171254825,0.005415714154713139,0.5838018187474829,0.017016747672037313,0.0068740638154685405,0.6641944545063682,0.32384011248278577,0.31042649293740243,0.45024213510051597
2.93,1.2351154055090874,0.006579365393409455,0.0007299859046020827,0.38973714264744064,0.013432229933839948,0.00538221952878059,0.5820108545577477,0.017461392737171073,0.0071685472572468965,0.6632409609595961,0.29748590792130686,0.2735276187807329,0.4572125533433652
2.94,1.2487548493849328,0.006502471941633053,0.000695888290821037,0.3824523808172378,0.01363009299594727,0.005484681167077661,0.5800112110787361,0.017870351590643794,0.007391795311264819,0.6620521295521002,0.2668504881684261,0.23604132369044759,0.4640890679031505
2.95,1.2625449143512546,0.006458004035430387,0.0006764638424461127,0.3752269653389436,0.013959942859185217,0.00563134290505781,0.577803179209493,0.01788170306462957,0.007421881438251897,0.660628568401782,0.23473591528877655,0.19859138705723461,0.4708645614548128
2.96,1.2764872637246154,0.006433704259646295,0.0006660626905450384,0.3680611657579233,0.014196188048387999,0.0057176399650710075,0.575387371631967,0.017327337482762162,0.007208206469522272,0.6589711167090461,0.2042064058107708,0.16223166474370135,0.4775319381571167
2.97,1.2905835791896687,0.006405441908317606,0.0006559067277892202,0.36095528473130456,0.014076509000164593,0.005666947943925616,0.5727647199249333,0.016426265060822363,0.006787378282414419,0.6570808441160225,0.17714452163981875,0.12826204072064548,0.48408413456299676
2.98,1.3048355610019995,0.006345143746456483,0.0006382014389120928,0.35390965838019534,0.013555090082172663,0.005459048536852923,0.5699364710529593,0.015521564506806933,0.006267608941406121,0.6549590498556975,0.15380840017547437,0.0979152390627543,0.49051413061466387
2.99,1.319244928193204,0.006245092287614301,0.0006095115477710767,0.34692465640060344,0.01285421676460536,0.005135816609934237,0.5669041832409365,0.014815590578767484,0.0057883383689981876,0.6526072616841543,0.1338976145105567,0.07207103996252007,0.49681496070513703
3.0,1.333813418778234,0.006126125657591339,0.0005719578545064131,0.3400006819351324,0.012219447021790744,0.00478285295353837,0.5636697212461961,0.01437362392298559,0.0054703733253793465,0.6500272345887419,0.11720500686998298,0.05110434495020561,0.5029797247875322
3.01,1.3485427899650313,0.0060143340307816755,0.0005318712365407967,0.33313817120869293,0.011773954566284871,0.004495112686612749,0.5602352510416355,0.01420613256386106,0.005374442131156406,0.6472209492646698,0.10346809715595555,0.034890258364823436,0.5090015995131238
3.02,1.3634348183664766,0.005923717888039255,0.00049669240798038,0.3263375929326186,0.011549550780496912,0.004340344160941333,0.5566032339246708,0.01430348200038075,0.005482224369812949,0.6441906103523176,0.09227444585117611,0.022923505785842072,0.5148738493788961
3.03,1.378491300214679,0.005857762386964379,0.0004716157589409818,0.31959944748268826,0.011540639589981933,0.004334322141648492,0.5527764200681841,0.014615860577389478,0.005705489038278486,0.6409386444274147,0.08314200396109984,0.014484315881705718,0.5205898378649972
3.04,1.3937140515776332,0.005814384031012885,0.0004574671935436464,0.3129242658576129,0.011716417425179369,0.004436728819070947,0.5487578415309063,0.014991496138044291,0.005919113321973904,0.6374676977362028,0.07562280340031151,0.008793048048511982,0.5261430385422262
3.05,1.409104908578267,0.005786318926297592,0.0004506460677188125,0.3063126084255751,0.011988816133473102,0.004568369829957332,0.544550804745953,0.015151495603493742,0.006005735923294959,0.6337806336677791,0.06935248094095714,0.005122115825027187,0.5315270461294072
3.06,1.4246657276159096,0.005758787923433933,0.00044499560212885573,0.299765063467365,0.01217240800122137,0.00464239006334164,0.5401588825073897,0.014864327941692746,0.005896182142761117,0.6298805299559613,0.06405289925663867,0.0028585706718297563,0.5367355874802441
3.07,1.440398385590205,0.005712551758731636,0.0004346402851666424,0.29328224552557075,0.01205839492868699,0.004597199898826629,0.5355859054758607,0.014196800266134135,0.005591758204252283,0.6257706756033122,0.05951641874967893,0.001525721938893676,0.5417625324789883
3.08,1.4563047801274975,0.00563877545989415,0.0004164875322759633,0.28686479357012723,0.011620771980963018,0.004418650577751529,0.5308359532253946,0.013424856282960803,0.0051613393651432455,0.6214545675203068,0.05558819270153874,0.0007773739396923537,0.5466019048240219
3.09,1.472386829809719,0.005548714641347397,0.000391340524358506,0.2805133689913059,0.01104555988724564,0.004143535301140639,0.5259133448545064,0.012765002844583687,0.004715313655845139,0.6169359068731366,0.0521517206258343,0.00037741823645783435,0.5512478926782495
3.1,1.488646474405801,0.0054606974147558595,0.00036325273271793895,0.27422865343193825,0.010528720604853442,0.0038438727029273976,0.5208226291856878,0.012304130586186592,0.00436642100799122,0.6122185951342013,0.04911821531791847,0.00017430461110420686,0.5556948591649709
3.11,1.5050856751056447,0.005385889972490094,0.0003375406656676519,0.26801134647131314,0.010165167836342201,0.0035986977201875286,0.5155685745782739,0.012060954047532206,0.004191480532192698,0.6073067298300224,0.04641904960109813,7.645599313926763e-5,0.5599373526877446
3.12,1.5217064147566743,0.005327619591084093,0.00031841189912706105,0.26186216317374134,0.009977279780279687,0.003464439684653628,0.5101561583804847,0.012033217510502882,0.004206861671525489,0.602204599982114,0.04400043247061384,3.18084766672214e-5,0.5639701170526022
3.13,1.5385106981030006,0.005285049166697364,0.00030724965321593577,0.25578183151528167,0.009959397451930026,0.003454927042497842,0.5045905560472239,0.012202793255405476,0.0043652306875296126,0.5969166812371944,0.04181963934765602,1.2539232463592907e-5,0.567788101370841
3.14,1.555500552027229,0.005254348574404939,0.000302228565499123,0.24977108970252707,0.010089498996266296,0.0035379472120553005,0.49887712995089223,0.012502270322114461,0.00457372360902004,0.5914476306840852,0.0398423154637514,4.6863857366694835e-6,0.5713864697205308
3.15,1.5726780257949349,0.0052274563627431785,0.00029931624823963457,0.24383068339767822,0.010303558855413966,0.0036488950455456615,0.4930214179131057,0.01276358156365657,0.004726682529382904,0.5858022813557161,0.038040522637853715,1.679765221355652e-6,0.5747606105448226
3.16,1.5900451913018405,0.005192079295628613,0.00029412644096023287,0.23796136286439726,0.010458698899791565,0.003715786518415216,0.4870291214857422,0.012752485805167486,0.004741534601307431,0.5799856364157433,0.03639130579004296,6.312722970996849e-7,0.5779061457651229
3.17,1.6076041433237207,0.0051388749743877405,0.00028377610447506197,0.23216388004909025,0.010382988695453267,0.0036859976393717494,0.4809060940102307,0.012371635554060319,0.004585672767195388,0.5740028630304996,0.034875627230481245,3.7648437513912615e-7,0.5808189395872295
3.18,1.6253569997690684,0.0050712628035497215,0.000267967595734541,0.22643898561237857,0.010040908969909947,0.003544826265385826,0.4746583284843753,0.011771986617246202,0.004285585797603608,0.5678592859282581,0.03347756471332379,5.272594902120001e-7,0.583495106978591
3.19,1.6433059019345506,0.005001375695773082,0.0002489064875129039,0.22078742592552097,0.009574279455551607,0.0033193712285619252,0.4682919452663452,0.011173540237273792,0.0039158365286411775,0.5615603806490825,0.03218370139181617,1.0595395448498657e-6,0.585931021794981
3.2,1.661453014763285,0.004938637506212642,0.0002301848711801678,0.21520994004649815,0.00914420913961818,0.0030669224591775065,0.4618131796456897,0.010703114257408167,0.00357246618766249,0.5551117664899069,0.030982657570955825,2.1601618886719283e-6,0.5881233245350674
3.21,1.6798005271059697,0.0048865999306652325,0.0002151797519615951,0.2097072566903319,0.008831783037072998,0.002852818277112825,0.45522836931140154,0.010400854969041256,0.0033404272201854475,0.5485191991508831,0.029864729101974376,4.180842855859897e-6,0.5900689297015831
3.22,1.6983506519848943,0.004845278714305021,0.00020566957638695126,0.20428009120800128,0.008657127515518545,0.0027263529001662554,0.44854394174715706,0.010271559862113054,0.003266057483094739,0.5417885630904531,0.02882160770530685,7.612902391962407e-6,0.5917650327481188
3.23,1.7171056268608698,0.004812874577626498,0.0002012203139059533,0.19892914258804328,0.00861766100994263,0.0027035747152386914,0.4417664015838205,0.01031009798140377,0.0033432885427821858,0.5349258635980366,0.027846165816427324,1.3028078270649036e-5,0.5932091165909273
3.24,1.7360677139031035,0.004785690662744876,0.00019952817714022684,0.19365509049458488,0.008700227681003918,0.0027628556430116177,0.4349023179392699,0.010495721067209387,0.003517402692878772,0.5279372185946785,0.026932293108394272,2.0953372278774354e-5,0.5943989576655733
3.25,1.7552392002620552,0.004757043850430727,0.0001974988292243685,0.18845859235512757,0.008862185327235988,0.0028542353682324325,0.4279583117754026,0.010756947438500433,0.0037044417019065014,0.5208288501734536,0.02607477220599421,3.1678502661589656e-5,0.5953326315087752
3.26,1.7746223983453064,0.004718904121057103,0.0001925620447029417,0.18334028051095952,0.008999476212102245,0.0029185794194494753,0.4209410433019665,0.010935899380742065,0.003819498848195127,0.5136070758928365,0.02526917119565574,4.503722941296494e-5,0.5960085178463909
3.27,1.7942196460964768,0.004669082314451307,0.00018366794705472383,0.1783007594425247,0.00897078328031998,0.002909249355197577,0.41385719945651983,0.010852564995381266,0.003804451082101909,0.506278299837669,0.024511693403658517,6.024563485377152e-5,0.5964253051691564
3.28,1.8140333072772188,0.0046139179449297555,0.0001715872161804373,0.17334060308151494,0.008723006927111338,0.002808368617978109,0.40671348148943076,0.010481708035178035,0.0036460533687015595,0.4988490034637362,0.0237988302847551,7.589559953285396e-5,0.5965819947785724
3.29,1.8340657717523285,0.004561160915806833,0.00015845179968656847,0.16846035222081507,0.008352627009203794,0.002632034999768824,0.3995165926823446,0.00997945215284775,0.0033787120495853834,0.49132573624328113,0.023126539101546606,9.016682455446589e-5,0.5964779042861424
3.3,1.8543194557780038,0.0045147542853414355,0.000146784996593955,0.16366051203276874,0.007992907264961152,0.0024230873796984654,0.39227322622797733,0.00951202463400599,0.003071563906980184,0.483715106130081,0.022488963020069305,0.00010123546356589719,0.5961126705501231
3.31,1.8747968022932855,0.004475409426633381,0.00013845349445966258,0.15894154970552257,0.007717945251275676,0.0022346240509901103,0.38499005329846187,0.009161358984460627,0.0028047666215894472,0.4760237698639162,0.02187843916767369,0.000107755769576614,0.5954862520349552
3.32,1.8955002812147175,0.004442458525495758,0.00013396689284005938,0.15430389220646423,0.007548697244654631,0.002110644187351219,0.3776737113287546,0.00894906463528366,0.0026432234746268887,0.468258423135417,0.021289416779555502,0.00010922989202608559,0.59459893057963
3.33,1.9164323897342619,0.00441459760553796,0.0001323741961586549,0.14974792418100033,0.007485434204247163,0.0020708492840441945,0.3703307925408158,0.008875447135443307,0.002616301827262533,0.4604257906333363,0.02072224927956019,0.000106106075159631,0.5934513125624684
3.34,1.937595652620501,0.004388981895908849,0.00013174853336457755,0.14527398599412597,0.0075212890868401215,0.0021047562674975286,0.3629678327334191,0.008935090653906682,0.0027096796794180335,0.45253261599727695,0.020180253495503057,9.955750707185446e-5,0.5920443294510359
3.35,1.9589926225231686,0.0043603435731266425,0.00013002021117214968,0.14088237192142153,0.007631879968351084,0.0021767202866028895,0.3555913003615088,0.009107564044334548,0.0028713555555170208,0.4445856516997728,0.01966512632023659,9.103921753324479e-5,0.5903792377272942
3.36,1.980625880281043,0.004324079913506795,0.0001258013360943138,0.1365733284952883,0.007750211716465393,0.002239583328231239,0.3482075859280193,0.00932533720852999,0.003029424756107618,0.43659164888243446,0.01917609070841582,8.181954831526819e-5,0.5884576181795411
3.37,2.00249803523324,0.004281278949054118,0.00011887788862316214,0.13234705301139088,0.007767052846080479,0.002251766937336972,0.34082299171001584,0.009450175385783532,0.003115668136364838,0.4285573471714973,0.018710609331973063,7.268069047773625e-5,0.5862813745541847
3.38,2.024611725533942,0.004237230886188569,0.00011020220733575108,0.1282036921994407,0.007611989817523328,0.0021916404686160252,0.33344372183987403,0.009344316808832435,0.003087282671130188,0.42048946449872593,0.018264949727506495,6.388410915656711e-5,0.583852731562045
3.39,2.046969618470608,0.004196093503726786,0.00010142868505527534,0.1241433410616048,0.007332708340493228,0.002064213014902534,0.32607587276104205,0.009013511934443994,0.0029397887784596917,0.41239468695399817,0.0178355970701439,5.536151476399258e-5,0.5811742322355007
3.4,2.069574410785689,0.004159334934793825,9.421094678725414e-5,0.12016604188099332,0.007035313034958336,0.0018981436116046022,0.3187254240766859,0.008596873522298192,0.002707172812344787,0.4042796586962888,0.017421294610950183,4.699603396162599e-5,0.5782487346345803
3.41,2.0924288290019057,0.004127040512583176,8.955360569611165e-5,0.11627178340184517,0.006791181688670647,0.0017346128826714608,0.31139822980823006,0.008222618783953002,0.0024496714495075653,0.39615097194988996,0.017022744585593805,3.884551277293352e-5,0.5750794079018671
3.42,2.115535629751111,0.004098948638007624,8.746585761904969e-5,0.11246050018222492,0.006624973064336156,0.0016124004553127,0.3041000100794687,0.007948239323048717,0.0022336756770100405,0.3880151571128247,0.016640543170051918,3.122116810526362e-5,0.5716697276679753
3.43,2.1388976001067865,0.004074167018487109,8.702704593426649e-5,0.10873207211923716,0.00653996614282897,0.0015545765045698605,0.2968363432405516,0.007786523540120156,0.0021105485819203676,0.37987867300432177,0.016274380631991762,2.4621863440942822e-5,0.568023470811237
3.44,2.162517557920212,0.004050190428533256,8.680701895236214e-5,0.10508632414599467,0.006533182693882168,0.001561305947754537,0.2896126584447327,0.007736230099921384,0.002101058466910986,0.37174789727802104,0.015923418149220218,1.958588574887617e-5,0.5641447095772063
3.45,2.1863983521603467,0.004023098564541609,8.545249251826111e-5,0.10152302609882558,0.006593169148561908,0.0016108872849187807,0.2824342286893271,0.007792737606898988,0.0021899586679301523,0.3636291170272736,0.015586712941862627,1.6534655300688077e-5,0.5600378050655684
3.46,2.2105428632574613,0.003990645798549134,8.220121966643783e-5,0.0980418927524765,0.006683969436908264,0.001668234417124408,0.2753061643308549,0.007938899136095393,0.0023319299749058084,0.3555285196084317,0.015263409313884722,1.56572856518341e-5,0.5557074000940413
3.47,2.23495400345057,0.003954708428130711,7.713112176950781e-5,0.0946425840203817,0.0067319996957878455,0.0016975369582197856,0.26823340708285603,0.008117970049114583,0.0024666656492027743,0.3474521837074555,0.014952790379474548,1.6850723238319114e-5,0.5511584114508877
3.48,2.259634717138693,0.003918812677612049,7.106784533379537e-5,0.09132470531640875,0.006661622629102858,0.0016745665477903805,0.2612207245033591,0.008215431716866482,0.002538194022384103,0.3394060706744631,0.01465426980465716,1.971134074221075e-5,0.5463960215497132
3.49,2.2845879812360033,0.0038851441255787246,6.521168272146355e-5,0.0880878080738662,0.006472035930569877,0.0015944131874923108,0.25427270497746474,0.008120611045519107,0.0025122998863202897,0.3313960161500253,0.01436732905021418,2.3574508418634817e-5,0.5414256695021964
3.5,2.3098168055308923,0.0038544684775174407,6.064830011200917e-5,0.08493139041698079,0.006235812880122582,0.0014722053467737847,0.24739375319899584,0.007843016717319226,0.002386566494726422,0.32342772200607445,0.01409133714376368,2.7605531258864128e-5,0.5362530416264958
3.51,2.3353242330490014,0.0038269487698659784,5.793954383809823e-5,0.08185489797950464,0.006021655990734169,0.0013369337425351805,0.2405880861536348,0.0074985339923714246,0.002190032856197189,0.31550674862325806,0.01382518144394557,3.0942013476517824e-5,0.5308840614110053
3.52,2.361113340420263,0.0038023878863220587,5.6944550797800106e-5,0.07885772486461456,0.005860678165836446,0.001220892416512884,0.23385972960446735,0.0071907434368900305,0.0019729494552754106,0.3076385075253977,0.013566966610581207,3.286918301702152e-5,0.5253248789551345
3.53,2.387187238249995,0.003779927062151437,5.6922004251839144e-5,0.07593921473980839,0.005760141430852824,0.001148599751084809,0.2272125150793541,0.006964672764883755,0.0017903313705625755,0.2998282543904992,0.01331470752315086,3.298662050194459e-5,0.5195818599106984
3.54,2.4135490714940913,0.0037575573566166766,5.6853791962679944e-5,0.07309866206008794,0.005719224850398734,0.0011289670856145363,0.22065007735806308,0.00682945472341887,0.0016847808912206497,0.2920810824563903,0.013067950173634322,3.13150817266334e-5,0.5136615739493607
3.55,2.4402020198383583,0.0037326273515101253,5.585075537691199e-5,0.07033531341235635,0.005733361574402048,0.0011531274565395972,0.21417585245565365,0.006783531188555228,0.0016738991818559727,0.2844019163376618,0.012827841835181741,2.8306485502821363e-5,0.5075707827833962
3.56,2.4671492980820386,0.003704130165974026,5.348009867952965e-5,0.06764836897362685,0.005787542280272945,0.0011983086245565442,0.20779307609716613,0.0068233845857206205,0.001745842659883776,0.276795506269082,0.012595521037041627,2.475317421988805e-5,0.5013164277687449
3.57,2.494394156525571,0.0036737413926123006,4.989542778897963e-5,0.06503698407537332,0.005842509844228034,0.0012361349212476269,0.20150478267728986,0.006936715417220695,0.0018639688209786886,0.26926642278910207,0.012371340571434202,2.162569509612022e-5,0.49490561712099224
3.58,2.521939881362631,0.0036437559090474973,4.5734492542852966e-5,0.06250027086611407,0.005836799506995403,0.001242375174258385,0.19531380469732743,0.007081114474385672,0.001978845504969971,0.2618190518754309,0.012155139241987975,1.9883441811589503e-5,0.4883456127764448
3.59,2.5497897950765025,0.0036154617810698424,4.184108871044139e-5,0.060037300064140306,0.005733915525674959,0.0012048115566274098,0.18922277267046825,0.00716690435072264,0.0020437999365144023,0.2544575905430103,0.011946619760022821,2.0295145264724418e-5,0.4816438169319279
3.6,2.5779472568408264,0.003589292236414232,3.8930105411661694e-5,0.05764710279215664,0.005563259579575423,0.0011266816615230438,0.18323411548513463,0.007100599303650334,0.0020291719198113852,0.24718604291299653,0.011745538268812219,2.328851255414885e-5,0.4748077582982606
3.61,2.6064156629247717,0.0035652961568682475,3.732655804190942e-5,0.05532867248550637,0.005383541226017519,0.001024771080276225,0.1773500612149594,0.0068809029978935034,0.0019308700870718613,0.2400082167596191,0.011551767674704339,2.883857197624374e-5,0.4678450781035723
3.62,2.6351984471026872,0.0035432772139503133,3.6870810271832734e-5,0.053080966865596886,0.005233228928614625,0.0009231095973969021,0.1715726383628124,0.0065987114389627665,0.001770700695130579,0.2329277205400313,0.011365288705870774,3.641139082078208e-5,0.4607635158837124
3.63,2.6642990810682696,0.0035225957386193114,3.7012507448842993e-5,0.05090290997013064,0.005125499634524363,0.0008446535815175622,0.16590367752522267,0.006341095889618519,0.0015886695524160756,0.2259479609104922,0.011186072342021448,4.499475173889577e-5,0.45357089509794424
3.64,2.6937210748533107,0.003501854601833264,3.704369286635179e-5,0.04879339423177189,0.0050616940728844565,0.0008038341033517591,0.16034481346251886,0.006147392649273981,0.0014300441133392172,0.2190721407304441,0.011013710894543928,5.3249042474632445e-5,0.4462751086089246
3.65,2.7234679772510666,0.003479323765032901,3.6373626699838595e-5,0.046751282596945186,0.005039936531587308,0.000802337991673196,0.15489748755908062,0.00602585377686124,0.0013314509483694963,0.21230325755429658,0.010846689470818564,5.9783980057255376e-5,0.4388841040666153
3.66,2.753543376244302,0.0034544835346911867,3.473957368486419e-5,0.04477541067656351,0.005055490241601622,0.0008292644477251277,0.1495629506572176,0.005975118156971606,0.0013102556310525613,0.20564410260895893,0.010681958932655295,6.351436325330516e-5,0.43140586923628343
3.67,2.7839508994380635,0.0034285348599069473,3.227958813815113e-5,0.042864588920619895,0.0050935505944323025,0.0008653342781514182,0.14434226624739835,0.005992676202097822,0.0013601622891334967,0.19909726025346935,0.01051663974151995,6.399707104201414e-5,0.4238484173110642
3.68,2.8146942144972287,0.0034029807287969407,2.9450606707436756e-5,0.04101760480874561,0.005119809894216502,0.0008895746300121705,0.1392363139968398,0.0060712773370909185,0.0014539846314215554,0.19266510791535285,0.010351041539070195,6.163393179510418e-5,0.4162197722497703
3.69,2.8457770295888904,0.00337864754005082,2.6834431335002808e-5,0.03923322504903608,0.005090340057612501,0.0008861989972590319,0.1342457935978242,0.00618370351691155,0.0015524863620999818,0.18634981649671611,0.010188164645782467,5.7656205149040664e-5,0.4085279541806211
3.7,2.8772030938296234,0.003355794023417152,2.4912584728713465e-5,0.03751019777767401,0.004991657556896519,0.0008494404097790864,0.1293712289165586,0.006265539569790786,0.001616521267643865,0.18015335124148907,0.010030603012415526,5.3873730459849756e-5,0.4007809649114139
3.71,2.908976197737693,0.0033344208558226864,2.3895736250540217e-5,0.03584725475213181,0.004855848709969774,0.0007848643050684479,0.1246129724229123,0.006236816793683821,0.001618784467785834,0.17407747305368226,0.009879444378588327,5.224409089586353e-5,0.3929867735863569
3.72,2.941100173690255,0.0033143846668790915,2.366595794187947e-5,0.034243113531011934,0.004723616104153448,0.0007069291499952094,0.11997120988097876,0.006077906710192536,0.001551616120491585,0.16812374025507004,0.009734921373599048,5.4366473829050114e-5,0.38515330252928487
3.73,2.9735788963856074,0.003295273799376128,2.384388258204482e-5,0.03269647963388118,0.004616723995216224,0.0006338261516894412,0.11544596528009368,0.005852255166969574,0.0014285575644456356,0.16229351076930976,0.00959709391360656,6.102264144028222e-5,0.37728841331231905
3.74,3.006416283310542,0.0032761896142176044,2.394640026406129e-5,0.031206048674771454,0.004540983911095934,0.0005814533672417707,0.11103710598571326,0.00563487564115805,0.0012794048596945539,0.1565879447181861,0.009466126842653745,7.188132271487388e-5,0.3693998930882499
3.75,3.0396162952128627,0.003255991720130163,2.357032397586717e-5,0.02977050846335245,0.0044961174132762596,0.0005585079283541997,0.1067443480894102,0.0054641574552152915,0.0011405982174188382,0.15100800741444095,0.009342202887485825,8.54598986390684e-5,0.36149544122391
3.76,3.0731829365791183,0.003234297773053201,2.2532888642555046e-5,0.02838854106812692,0.004480552858810777,0.00056415543850718,0.10256726193717504,0.005349654042983957,0.0010441381930492949,0.14555447273450473,0.00922494140519919,9.93942129808534e-5,0.35358265627071195
3.77,3.1071202561176103,0.0032118731201058195,2.0920922401695843e-5,0.027058824836358786,0.004490564519622159,0.000588820517010065,0.09850527781522435,0.005290644604096334,0.0010084099942766031,0.14022792685338611,0.009112116428784942,0.000110995199383151,0.34566902330722177
3.78,3.141432347246739,0.0031897273102511753,1.9037756435329147e-5,0.02578003636580969,0.004514380215942511,0.0006176595181071269,0.09455769177260515,0.005285203639193839,0.0010334389385576292,0.13502877232303104,0.008998606440971332,0.00011797723747307237,0.33776190168723125
3.79,3.1761233485887357,0.003168426259021414,1.7275440261318697e-5,0.024550852423735402,0.00452586716540705,0.0006354953717812595,0.09072367156004661,0.005329828657186486,0.0011016515534467816,0.12995723247459914,0.008878878296491316,0.00011916188086577468,0.32986851322522526
3.8,3.211197444468855,0.0031481391658797083,1.5964967589348127e-5,0.023369951808970696,0.004494296419146236,0.0006316048585217775,0.08700226266475154,0.005410227520783051,0.0011836596075517388,0.1250133561243556,0.008752768187691636,0.00011493749259565569,0.3219959308494621
3.81,3.246658865420072,0.0031288598587329774,1.5260702482790823e-5,0.022236017153313994,0.0044139193590769146,0.0006028554191553185,0.08339239442111904,0.005486122567247974,0.0012472553423837631,0.12019702256222528,0.00862572978771894,0.00010731450159506012,0.31415106775105534
3.82,3.282511888693359,0.00311050133665881,1.5097894396274773e-5,0.021147736658803897,0.0043102387842097354,0.0005542730343136895,0.07989288617776927,0.005493720823982719,0.0012669484671652199,0.11550794680151151,0.0085031257042303,9.953737255189708e-5,0.30634066705554414
3.83,3.318760838773594,0.0030928264355901637,1.5232555149195656e-5,0.020103805767861038,0.004211594950831414,0.0004969998327613033,0.0765024535016719,0.005395983466033534,0.0012312208816329902,0.11094568506783908,0.008387508699223653,9.534416080452483e-5,0.29857129204140265
3.84,3.355410087901167,0.0030752922217058853,1.5342779349394458e-5,0.019102928763645718,0.004131975339597864,0.00044445456178910547,0.07321971440068066,0.0052253192571029864,0.0011453693089539143,0.10650964050505032,0.008279623625269784,9.8052665960495e-5,0.2908493169278239
3.85,3.3924640565993465,0.0030571400171139243,1.515034013593393e-5,0.01814382029835374,0.004074669397182355,0.0004080304546205577,0.07004319554632457,0.005044151661381451,0.0010292194933297155,0.10219906907554557,0.008179768566900902,0.0001096845567365501,0.2831809182519171
3.86,3.4299272142074706,0.0030380211757196694,1.4517287269885067e-5,0.017225206847539053,0.004039243812809013,0.0003936986122704097,0.06697133847931377,0.004892502031407187,0.0009106499114564243,0.09801308563243694,0.008088437007549364,0.00013033476270217436,0.27557206685318875
3.87,3.467804079420025,0.0030183808990464694,1.3484671623342639e-5,0.016345828088909182,0.004024638774508824,0.00040048555331900445,0.06400250578086647,0.004783231321330684,0.0008171242074110421,0.09395067014085444,0.008006335425701394,0.00015797183159729878,0.2680285204808532
3.88,3.506099220831674,0.0029989142085167075,1.2243953366861397e-5,0.015504438204386944,0.004028403320053451,0.00042115432124824765,0.06113498719366627,0.004717000817431095,0.0007678572291646251,0.0900106740258098,0.00793365812093909,0.00018880382119728351,0.26055581703713937
3.89,3.5448172574883117,0.0029800269898879166,1.1056775050882603e-5,0.014699807104570127,0.004042432327724454,0.00044475353796657124,0.058367005676985106,0.004692190410358453,0.0007687991993248534,0.08619182662419794,0.007868104432962349,0.00021822852171997028,0.25315926846736325
3.9,3.5839628594441963,0.0029618368168643854,1.0156080224771491e-5,0.013930721575044963,0.004048202594295082,0.00046017439982881967,0.05569672338128679,0.004707197265673217,0.00081162657918667,0.08249274171876532,0.0078020845094995935,0.00024219385984740327,0.2458439553050921
3.91,3.6235407483252393,0.0029443384395411985,9.665296494835941e-6,0.013195986344322603,0.004023203210996684,0.00045958883457581875,0.053122247528421235,0.004756320134967436,0.0008767685746701641,0.07891192413222585,0.007723992839126623,0.000258577543523026,0.238614721878301
3.92,3.6635556978985138,0.0029274845644526744,9.562554675911878e-6,0.012494425073465284,0.003962342411099578,0.0004407076797212606,0.05064163618434742,0.004819258264863105,0.0009394523605443414,0.07544777636013242,0.007628544286972931,0.0002680681250743526,0.23147617217997368
3.93,3.7040125346480512,0.0029111568233149915,9.698715473065492e-6,0.011824881267753431,0.003883725514446534,0.00040719685746814046,0.04825290391217439,0.004853090345740311,0.0009769829181292022,0.0720986052216219,0.007523784717882931,0.00027410354498789947,0.22443266640417878
3.94,3.7449161383569987,0.002895061675835664,9.85855114692916e-6,0.011186219111012965,0.0038083356843965827,0.0003672062510467584,0.04595402729416972,0.004813740825269463,0.000975139819465714,0.06886262850773292,0.00742249410296396,0.00028172497417660247,0.21748831814626085
3.95,3.786271442696203,0.0028787155647271782,9.840385996126655e-6,0.010577324223475048,0.0037468146941510667,0.0003305816140046402,0.04374295031226866,0.004701844671735577,0.0009318286489846941,0.06573798160765201,0.007332965841234707,0.0002956374666260907,0.21064699226341124
3.96,3.8280834358192948,0.0028617769160802858,9.52500219112563e-6,0.009997104344276754,0.0037017998413472774,0.0003057171628344415,0.04161758957749786,0.00456147901492209,0.0008569881387423387,0.06272272409395395,0.007258697686291913,0.00031814896787007475,0.20391230338959357
3.97,3.8703571609643466,0.0028444172109704556,8.910527416198749e-6,0.009444489939931057,0.003673022173374467,0.0002970442514536306,0.039575839399621664,0.004433803530098967,0.0007689738721923875,0.059814846248682316,0.007200579406615657,0.00034779838091543696,0.19728761509652037
3.98,3.9130977170621715,0.0028270953730158937,8.103717904935238e-6,0.008918434740297835,0.00365954753279768,0.0003038716538774227,0.037615576689206794,0.004336366680466174,0.0006887470365861239,0.05701227551293743,0.00715654315664218,0.00037928685301315826,0.19077603969022297
3.99,3.9563102593513424,0.002810135563056366,7.274200019359466e-6,0.008417916203773508,0.003659212494772999,0.00032083351552272685,0.03573466568518744,0.004270726287345053,0.0006337582574014907,0.05431288284351528,0.007118016576059267,0.0004048460271294952,0.18438043863063447
4.0,4.0,0.002793650998396548,6.5907481760839136e-6,0.007941935913586547,0.0036659832044582175,0.00033971886859783003,0.033930962501891114,0.00423276028739399,0.0006132862330489284,0.05171448896105256,0.00706746453335755,0.0004166016599835231,0.17810342355960065
